date,agent_0,agent_1,agent_2,agent_3
2000-01-04,1.0,1.0,1.0,1.0
2000-01-05,1.0,1.0,1.0,1.0
2000-01-06,1.0,1.0,1.0,1.0
2000-01-07,1.0,1.0,1.0,1.0
2000-01-10,1.0,1.0,1.0,1.0
2000-01-11,1.0,1.0,1.0,1.0
2000-01-12,1.0,1.0,1.0,1.0
2000-01-13,1.0,1.0,1.0,1.0
2000-01-14,1.0,1.0,1.0,1.0
2000-01-18,1.0,1.0,1.0,1.0
2000-01-19,1.0,1.0,1.0,1.0
2000-01-20,1.0,1.0,1.0,1.0
2000-01-21,1.0,1.0,1.0,1.0
2000-01-24,1.0,1.0,1.0,1.0
2000-01-25,1.0,1.0,1.0,1.0
2000-01-26,1.0,1.0,1.0,1.0
2000-01-27,1.0,1.0,1.0,1.0
2000-01-28,1.0,1.0,1.0,1.0
2000-01-31,1.0,1.0,1.0,1.0
2000-02-01,0.9976975146992314,1.0100745412098477,1.0100745412098477,1.0100745412098477
2000-02-02,1.008954981123325,1.0194954754944268,1.0194954754944268,1.0194954754944268
2000-02-03,1.0030730776881538,1.0270088170680567,1.0270088170680567,1.0270088170680567
2000-02-04,1.0036540477369422,1.0466319260343444,1.0466319260343444,1.0466319260343444
2000-02-07,0.9859667391106148,1.007905462874972,1.007905462874972,1.007905462874972
2000-02-08,1.0108164701064426,1.0267635646765192,1.0267635646765192,1.0267635646765192
2000-02-09,1.0098359395960126,1.0295866621726597,1.0295866621726597,1.0295866621726597
2000-02-10,1.0026366452335231,1.0310604061308444,1.0310604061308444,1.0310604061308444
2000-02-11,1.0140286231816058,1.053323180662765,1.053323180662765,1.053323180662765
2000-02-14,1.0051555601607924,1.0501132883262863,1.0501132883262863,1.0501132883262863
2000-02-15,1.0197870938084175,1.0577577038584294,1.0577577038584294,1.0577577038584294
2000-02-16,1.0315273331480772,1.0541555309863964,1.0541555309863964,1.0541555309863964
2000-02-17,1.0320284106796955,1.0516160849106242,1.0516160849106242,1.0516160849106242
2000-02-18,1.0139394242916968,1.0336300734974941,1.0336300734974941,1.0336300734974941
2000-02-22,1.0028265487001682,1.0450536387481442,1.0450536387481442,1.0450536387481442
2000-02-23,0.9872111325310504,1.0403875486280514,1.0403875486280514,1.0403875486280514
2000-02-24,0.9808316159309455,1.036779468351172,1.036779468351172,1.036779468351172
2000-02-25,0.9888208936282092,1.0581706840445109,1.0581706840445109,1.0581706840445109
2000-02-28,0.9982668198847027,1.0662048749386341,1.0662048749386341,1.0662048749386341
2000-02-29,0.9952225114599964,1.0535837727397275,1.0535837727397275,1.0535837727397275
2000-03-01,0.9915615322157197,1.0551153050517004,1.0551153050517004,1.0551153050517004
2000-03-02,1.0045333347545247,1.0510543450271708,1.0510543450271708,1.0510543450271708
2000-03-03,1.005257187336677,1.0440315010538868,1.0440315010538868,1.0440315010538868
2000-03-06,1.003470723022159,1.0488108482493939,1.0488108482493939,1.0488108482493939
2000-03-07,1.0086533108637201,1.0649459452193766,1.0649459452193766,1.0649459452193766
2000-03-08,0.9845575594928676,1.0264479715839312,1.0264479715839312,1.0264479715839312
2000-03-09,0.987176229628558,1.0345940427692384,1.0345940427692384,1.0345940427692384
2000-03-10,0.9879016992258874,1.023739936705647,1.023739936705647,1.023739936705647
2000-03-13,1.0034168388053457,1.007774010681838,1.007774010681838,1.007774010681838
2000-03-14,1.021241429010127,0.9865054542691876,0.9865054542691876,0.9865054542691876
2000-03-15,1.0237465714323581,0.9923557944805915,0.9923557944805915,0.9923557944805915
2000-03-16,1.0287162650516735,0.9899784736258136,0.9899784736258136,0.9899784736258136
2000-03-17,1.0305235709277174,0.9851109679313982,0.9851109679313982,0.9851109679313982
2000-03-20,1.0142599483116286,0.9868241010250249,0.9868241010250249,0.9868241010250249
2000-03-21,1.0043513551514156,0.9996352013743777,0.9996352013743777,0.9996352013743777
2000-03-22,1.0066212213989902,1.0046247850089003,1.0046247850089003,1.0046247850089003
2000-03-23,1.0164244996065568,0.9995830196316181,0.9995830196316181,0.9995830196316181
2000-03-24,1.012850916041949,1.0134790044864035,1.0134790044864035,1.0134790044864035
2000-03-27,1.0073857694863078,1.0166562483200567,1.0166562483200567,1.0166562483200567
2000-03-28,1.0064864598913423,1.0313661060197317,1.0313661060197317,1.0313661060197317
2000-03-29,1.012248100567793,1.0147620779451958,1.0147620779451958,1.0147620779451958
2000-03-30,1.0060596466010614,0.9995817014826299,0.9995817014826299,0.9995817014826299
2000-03-31,0.9919667778820074,0.9898474560795755,0.9898474560795755,0.9898474560795755
2000-04-03,0.9873996508136786,0.9903559312832839,0.9903559312832839,0.9903559312832839
2000-04-04,0.9891324849524041,0.99468606815204,0.99468606815204,0.99468606815204
2000-04-05,0.9887616788599981,1.0046988227087408,1.0046988227087408,1.0046988227087408
2000-04-06,1.0000123224097857,1.003586522225441,1.003586522225441,1.003586522225441
2000-04-07,0.9880330224965549,0.9903708893936299,0.9903708893936299,0.9903708893936299
2000-04-10,0.9921345514037472,1.0043077479664242,1.0043077479664242,1.0043077479664242
2000-04-11,1.004341982562506,1.0186390121270739,1.0186390121270739,1.0186390121270739
2000-04-12,1.0114803067527598,1.0423590811127124,1.0423590811127124,1.0423590811127124
2000-04-13,1.0008392667947834,1.0475808126783606,1.0475808126783606,1.0475808126783606
2000-04-14,1.0159733772417299,1.057753664655956,1.057753664655956,1.057753664655956
2000-04-17,1.0046765243723141,1.0684256190334283,1.0684256190334283,1.0684256190334283
2000-04-18,0.9993292524881348,1.0575776954452794,1.0575776954452794,1.0575776954452794
2000-04-19,1.0037891747117018,1.0687003513805393,1.0687003513805393,1.0687003513805393
2000-04-20,1.0086534699589407,1.0633261338524274,1.0633261338524274,1.0633261338524274
2000-04-24,1.0336647391588054,1.0789943227049827,1.0789943227049827,1.0789943227049827
2000-04-25,1.0247573088423412,1.0668735258553266,1.0668735258553266,1.0668735258553266
2000-04-26,1.0260961321053659,1.061771184128743,1.061771184128743,1.061771184128743
2000-04-27,1.0423662825554836,1.0656587514014475,1.0656587514014475,1.0656587514014475
2000-04-28,1.0478930521667373,1.087825717574063,1.087825717574063,1.087825717574063
2000-05-01,1.042243006444965,1.091084229290433,1.091084229290433,1.091084229290433
2000-05-02,1.0520744041446797,1.1072232386599028,1.1072232386599028,1.1072232386599028
2000-05-03,1.0540076306636328,1.0946912686629116,1.0946912686629116,1.0946912686629116
2000-05-04,1.0417673057420707,1.0921038637895715,1.0921038637895715,1.0921038637895715
2000-05-05,1.0450535338135962,1.091565648643259,1.091565648643259,1.091565648643259
2000-05-08,1.0361976578937862,1.112522945466546,1.112522945466546,1.112522945466546
2000-05-09,1.0319424679211575,1.12002597211039,1.12002597211039,1.12002597211039
2000-05-10,1.0307403512828606,1.1332506791847123,1.1332506791847123,1.1332506791847123
2000-05-11,1.0052643702693438,1.134500908411793,1.134500908411793,1.134500908411793
2000-05-12,1.009513943941046,1.1497595433723666,1.1497595433723666,1.1497595433723666
2000-05-15,1.0072263253387863,1.1672915193535898,1.1672915193535898,1.1672915193535898
2000-05-16,0.9939344761743255,1.1716249864171446,1.1716249864171446,1.1716249864171446
2000-05-17,0.9846272578474601,1.1820977881430923,1.1820977881430923,1.1820977881430923
2000-05-18,0.9775738284346914,1.191033048799897,1.191033048799897,1.191033048799897
2000-05-19,0.9486407579168629,1.1754895681186368,1.1754895681186368,1.1754895681186368
2000-05-22,0.9516880456033247,1.1652257861326956,1.1652257861326956,1.1652257861326956
2000-05-23,0.945523018879292,1.1689480395047596,1.1689480395047596,1.1689480395047596
2000-05-24,0.9232551617025129,1.1952491710941124,1.1952491710941124,1.1952491710941124
2000-05-25,0.9111455716876642,1.2098298463547268,1.2098298463547268,1.2098298463547268
2000-05-26,0.911229125878649,1.2107002351606524,1.2107002351606524,1.2107002351606524
2000-05-30,0.9027816134063738,1.2087617469443752,1.2087617469443752,1.2087617469443752
2000-05-31,0.9265720972276805,1.2141683981186504,1.2141683981186504,1.2141683981186504
2000-06-01,0.9224977393843786,1.2060056428115706,1.2060056428115706,1.2060056428115706
2000-06-02,0.9087401903582403,1.2148192157449773,1.2148192157449773,1.2148192157449773
2000-06-05,0.893433324103563,1.2480869018093985,1.2480869018093985,1.2480869018093985
2000-06-06,0.902905447087879,1.2515047489215452,1.2515047489215452,1.2515047489215452
2000-06-07,0.9151483124734755,1.2455339222601483,1.2455339222601483,1.2455339222601483
2000-06-08,0.891104363351692,1.2336015365866173,1.2336015365866173,1.2336015365866173
2000-06-09,0.8905696536450974,1.261030312403473,1.261030312403473,1.261030312403473
2000-06-12,0.8929315252488355,1.2872192922767334,1.2872192922767334,1.2872192922767334
2000-06-13,0.8975527934667312,1.3027214771492126,1.3027214771492126,1.3027214771492126
2000-06-14,0.894235163998481,1.3277756308265918,1.3277756308265918,1.3277756308265918
2000-06-15,0.8942191337207847,1.3303264893101632,1.3303264893101632,1.3303264893101632
2000-06-16,0.8885051930075104,1.3044178221887988,1.3044178221887988,1.3044178221887988
2000-06-19,0.89056854007458,1.2940990653030486,1.2940990653030486,1.2940990653030486
2000-06-20,0.8963792664603524,1.3118869629197725,1.3118869629197725,1.3118869629197725
2000-06-21,0.8828979297702463,1.3246539220741336,1.3246539220741336,1.3246539220741336
2000-06-22,0.8695541386098244,1.3090871426878314,1.3090871426878314,1.3090871426878314
2000-06-23,0.8913652529358852,1.3364813711706744,1.3364813711706744,1.3364813711706744
2000-06-26,0.8841335498736258,1.3449396476485396,1.3449396476485396,1.3449396476485396
2000-06-27,0.8735407786618841,1.3468284959509202,1.3468284959509202,1.3468284959509202
2000-06-28,0.8806338711927275,1.3253006271621377,1.3253006271621377,1.3253006271621377
2000-06-29,0.8863031954006129,1.3487798820889512,1.3487798820889512,1.3487798820889512
2000-06-30,0.8841871269453041,1.358108291137516,1.358108291137516,1.3591873150431875
2000-07-03,0.8715519785787917,1.379962803409294,1.379962803409294,1.3818740392728812
2000-07-05,0.8776802843881958,1.320533534994728,1.320533534994728,1.3531568143721724
2000-07-06,0.8561860863531499,1.3475573120252877,1.3475573120252877,1.35685468792581
2000-07-07,0.8399238325683217,1.3480107857378416,1.3480107857378416,1.3507253795858343
2000-07-10,0.8409257728479123,1.3284077076833085,1.3284077076833085,1.3300289373488166
2000-07-11,0.8414385635041275,1.3105674170909047,1.3105674170909047,1.313104450730748
2000-07-12,0.8504667363562575,1.3213028252903996,1.3213028252903996,1.3286167134675932
2000-07-13,0.8671858209526614,1.3036272200219985,1.3036272200219985,1.3059201704769425
2000-07-14,0.8344551255337294,1.3336013540975187,1.3336013540975187,1.3310520446828444
2000-07-17,0.8245022132342245,1.3007913293848092,1.3007913293848092,1.2858013027513622
2000-07-18,0.8462833833037237,1.2691766418257164,1.2691766418257164,1.2639634024643123
2000-07-19,0.8424134236315081,1.2592436542777246,1.2592436542777246,1.2507204757800943
2000-07-20,0.813070050229179,1.2769080616925985,1.2769080616925985,1.2713671525314043
2000-07-21,0.7998848418379596,1.2545016946097753,1.2545016946097753,1.247292579570898
2000-07-24,0.7941692164461738,1.2869898067970045,1.2869898067970045,1.2772110815602484
2000-07-25,0.7936644698102071,1.2924154001754142,1.2924154001754142,1.288644214343298
2000-07-26,0.7869546102083667,1.3041803745770846,1.3041803745770846,1.3005002523798292
2000-07-27,0.7855612002475343,1.3170969443199771,1.3170969443199771,1.315303995742104
2000-07-28,0.7842786358420556,1.3117399155783225,1.3117399155783225,1.3069961833837744
2000-07-31,0.782474598414232,1.296756026109809,1.296756026109809,1.28138424833679
2000-08-01,0.7836857081430438,1.3234527407382755,1.325778760516051,1.294582779245446
2000-08-02,0.7764751274023989,1.364463011203836,1.3647614585097383,1.3204294833816952
2000-08-03,0.7576744482958471,1.3680928472812317,1.3719150417965889,1.3615221581107564
2000-08-04,0.7672610509489378,1.3872715686649308,1.3928632136541204,1.3763492848169139
2000-08-07,0.7618828167418346,1.385150833775114,1.3926463287698605,1.380862592237611
2000-08-08,0.7628823075730652,1.3967694813300155,1.3990332254102225,1.3762168763069824
2000-08-09,0.7654187374710105,1.4184712086640379,1.4215574253636656,1.4049365135246574
2000-08-10,0.7765964666303422,1.4410752497094512,1.4413226068841942,1.4127145514908708
2000-08-11,0.765739435643111,1.439334271289481,1.436360496988294,1.434543479303952
2000-08-14,0.7691413135725256,1.4439665204271783,1.4387611814072454,1.4388029007039402
2000-08-15,0.7755673567041795,1.4424668012052952,1.4363203150978616,1.4285087851908393
2000-08-16,0.7691712284568979,1.4584790267700134,1.4475550641353732,1.4441360978056306
2000-08-17,0.7648154451434553,1.4492652355295441,1.441523305548571,1.4393798053145306
2000-08-18,0.7639585307668949,1.455504473258132,1.4488260246732865,1.450660898788106
2000-08-21,0.7511183171553735,1.4940536061345786,1.4848270410380795,1.484922859014915
2000-08-22,0.7603218483829186,1.475870930171145,1.4690063905819464,1.4687139568192984
2000-08-23,0.7600821021242524,1.493411344329933,1.4858244331815365,1.4886891057187077
2000-08-24,0.7551606963411692,1.4651352257808217,1.4562368589998251,1.4570148219384937
2000-08-25,0.7497505556256792,1.4944636927413786,1.4853872021588739,1.468898820349242
2000-08-28,0.7574561939217599,1.5213710941875351,1.506662514205783,1.4885074386213573
2000-08-29,0.7641558424396079,1.52720751658393,1.5034714202772113,1.4832812294388882
2000-08-30,0.7691622991973645,1.5581996963206306,1.5355342858554624,1.5156584717315804
2000-08-31,0.7591818929153968,1.5605359668012388,1.5295493097884596,1.5216196280334633
2000-09-01,0.7609878652031483,1.5727002866482054,1.5427087137957958,1.5241046225179045
2000-09-05,0.7675561885720295,1.5640427615783914,1.5284242823781857,1.5072927252625594
2000-09-06,0.773902972590188,1.5693510668417818,1.5438113439109755,1.4991910289529715
2000-09-07,0.7573965277680152,1.5539521898492101,1.5320036193084563,1.500074504255021
2000-09-08,0.7486559910784915,1.5243289430756135,1.493223759132756,1.4639388041806254
2000-09-11,0.7514334902972211,1.5363506779350293,1.5044088048732909,1.4804588864068693
2000-09-12,0.7506317040500213,1.5415343759166438,1.5097820439122025,1.4837172639739995
2000-09-13,0.7469657518307288,1.529965429231823,1.5020354452719957,1.481904197241739
2000-09-14,0.7479242088879429,1.542075643034774,1.5185855542921403,1.5099763888470548
2000-09-15,0.7682720055348403,1.5426832704575797,1.524433738659862,1.505517816374792
2000-09-18,0.7725666293618609,1.552196475463666,1.5305221330251135,1.5155426308287552
2000-09-19,0.7627883749768366,1.5674266137799095,1.5485160532941025,1.5315378655952967
2000-09-20,0.7742178661492134,1.5785738951570154,1.5571280457794212,1.545432575477419
2000-09-21,0.782703700967948,1.5646796696435352,1.540707588953592,1.5349274540620361
2000-09-22,0.7646705966088023,1.539892182313992,1.5136367199622376,1.515188668798855
2000-09-25,0.7482466160569101,1.5325640493069337,1.5079593765213732,1.5137962702782768
2000-09-26,0.7401653212893272,1.506198148743892,1.4818639873243724,1.502219293661108
2000-09-27,0.7412709150626655,1.522669551346278,1.4968687802749991,1.5190362281939425
2000-09-28,0.7475514372575147,1.4949365441854452,1.4680959919346224,1.4811092875973568
2000-09-29,0.7449142841620758,1.4683384260282275,1.4477169837593376,1.4583684381309692
2000-10-02,0.7478365978402924,1.4974972943337714,1.4836853985883742,1.4901196495881985
2000-10-03,0.7477425696539988,1.489058124777072,1.471260179779418,1.4760850797155
2000-10-04,0.7447508078974413,1.4808806258389415,1.464334192745701,1.4669498438670894
2000-10-05,0.7496566338794438,1.4918768485752678,1.456800111521093,1.4466184977252732
2000-10-06,0.7496848985187406,1.5005055876547604,1.4456517200349959,1.4364236988990147
2000-10-09,0.7440069657210456,1.5165887783592373,1.4728792076117019,1.4672109378734706
2000-10-10,0.746310817069302,1.5249735911598696,1.4798775511559774,1.475004011389983
2000-10-11,0.7233271191512097,1.487025246712088,1.4974965018045492,1.4844051247424639
2000-10-12,0.7315382462386328,1.5134604436567571,1.5349505879447245,1.5078908992444942
2000-10-13,0.727574273437443,1.5037883296087202,1.5321686756000592,1.5023330366263767
2000-10-16,0.7068979092614395,1.479078083091527,1.4925789779792853,1.4833917273748376
2000-10-17,0.7040023971395452,1.4592980409015024,1.4784035900631722,1.4736386203732952
2000-10-18,0.7141611566571527,1.4805758975116057,1.4842142664877855,1.4774155906906938
2000-10-19,0.7293433574967211,1.510986786938631,1.4799069107707898,1.454138693159531
2000-10-20,0.7355321854705748,1.5410136044637994,1.5017450040349571,1.4769497862581502
2000-10-23,0.7434670925852022,1.5474926110155631,1.533011201829661,1.5141954564998243
2000-10-24,0.7508441675378212,1.5437826528992182,1.4934660143225218,1.48781993816772
2000-10-25,0.754064202359882,1.5679550324432006,1.4915571258941434,1.4739604503071622
2000-10-26,0.7758721491767189,1.5433593155598215,1.473165747830087,1.4512999551407582
2000-10-27,0.7631689553556082,1.5543968770642604,1.471777101363003,1.4390433299100096
2000-10-30,0.7708920968966833,1.5990222526229707,1.4852938760903818,1.4454751233875407
2000-10-31,0.7600368308339045,1.5970034790642154,1.4911083952493656,1.440466806362184
2000-11-01,0.7738793696639583,1.5724973912547255,1.4961062658356672,1.4466556695496344
2000-11-02,0.7926958453619299,1.5514448666253589,1.475485513850679,1.4199086653170234
2000-11-03,0.792528512228388,1.544386914546671,1.4820949233403873,1.4361512258856186
2000-11-06,0.7912829748280222,1.5532569446873514,1.465150335948577,1.4306145265365653
2000-11-07,0.81050577902759,1.5365047434392367,1.4721724476628189,1.4256450775082903
2000-11-08,0.8210100187353732,1.5049055028881102,1.4744464222963283,1.425998813765724
2000-11-09,0.8287378910489832,1.497930189964025,1.4900504154383427,1.4324952316056556
2000-11-10,0.8148239264105245,1.521879996531159,1.5136978010253508,1.4492517072159568
2000-11-13,0.8185661980085814,1.5347584576279352,1.5517009826153438,1.4959524040303585
2000-11-14,0.8248961554190932,1.5258710632537984,1.5811286690411344,1.5277564593783937
2000-11-15,0.8251125367474362,1.5367798330275104,1.6169078108621389,1.5716550081602934
2000-11-16,0.8059938093774124,1.5727693325062984,1.6068521310081612,1.5667022892685822
2000-11-17,0.8131225685050791,1.5818090020008084,1.6454371501543097,1.6075254044157705
2000-11-20,0.8105671841718775,1.5826683320322101,1.661604501513758,1.6217599002989194
2000-11-21,0.8168518914136332,1.56321877707709,1.6738954563696544,1.6354156915508284
2000-11-22,0.8164359912917033,1.5736285058863921,1.6881860998490663,1.6547064912679088
2000-11-24,0.8170720499537316,1.5879235049501326,1.6968171428309964,1.662160047293256
2000-11-27,0.8139365417876141,1.6262098484517005,1.7207538705647112,1.6634253343783798
2000-11-28,0.8110632033206348,1.6269284670015625,1.6997872077752378,1.6371985709156187
2000-11-29,0.8150840586718464,1.6434127746911886,1.70712137463423,1.635053074347744
2000-11-30,0.8516107353449537,1.6251527189767165,1.7275402587816489,1.6391319342184825
2000-12-01,0.864538969586584,1.5957345817404234,1.7027888350660167,1.6107651355591783
2000-12-04,0.8987440979157637,1.5969742802569835,1.7036356434457793,1.6073802946879956
2000-12-05,0.895195357084893,1.57470062793765,1.6874287722444319,1.6054194537649873
2000-12-06,0.9200897063423686,1.6200514071386098,1.7319139839479754,1.6666786820021733
2000-12-07,0.9108274059185973,1.6179848113352078,1.7333633466716907,1.6626022204367683
2000-12-08,0.9252607477001132,1.6193632849551072,1.7302191328565073,1.6780641898610675
2000-12-11,0.945476943172245,1.6831015881504356,1.7956691018342144,1.7310529919088982
2000-12-12,0.9132002699616246,1.6392914872649256,1.7710606217996643,1.6984284670340117
2000-12-13,0.889926112501475,1.586938767068212,1.7210718467789545,1.6636340895273642
2000-12-14,0.8857706006735593,1.5717519355055867,1.6991436043545878,1.6390426471237247
2000-12-15,0.9055852288566864,1.6193872724972793,1.7519288115198959,1.699378104875301
2000-12-18,0.9052214196549906,1.6164496989290336,1.7499183932077556,1.7168981055317765
2000-12-19,0.9199663764325329,1.640787349477465,1.7759675440366853,1.7426931431878243
2000-12-20,0.9460808994142261,1.6395757498469776,1.770373729453114,1.728650201980401
2000-12-21,0.9498190328142216,1.6429795229254474,1.7758920862310084,1.7263712227842356
2000-12-22,0.9342270998621158,1.6314753307663339,1.7743738425524194,1.7365679470898006
2000-12-26,0.9319231947354684,1.652947706858016,1.8135652673648466,1.7608466098189397
2000-12-27,0.9351253239382267,1.6726523615898325,1.8392266908700692,1.7726813318446157
2000-12-28,0.9475155379215776,1.650320223114987,1.8135476792847387,1.7482510691405222
2000-12-29,0.9438594469465117,1.6802022025078651,1.8586921717226448,1.8020118789963395
2001-01-02,0.9570021949414078,1.659952164933025,1.839639942380386,1.7799389878050453
2001-01-03,0.9724627666649553,1.6690190977279267,1.8480159595358305,1.7755394383922336
2001-01-04,0.9562934508249848,1.7071279734554865,1.8939283605727057,1.8013534098641641
2001-01-05,0.9387724825077384,1.6692647803126242,1.8540381549791096,1.767456191973252
2001-01-08,0.9273733757894882,1.6953291640008552,1.8816826394168134,1.7763836191973807
2001-01-09,0.9370484725652051,1.7053532746377984,1.889980437085073,1.795230939753507
2001-01-10,0.9544066389702648,1.680885308546204,1.8669987016825778,1.7758105292694342
2001-01-11,0.9352335311877444,1.6402116872131594,1.8313959096479842,1.7534525330181912
2001-01-12,0.9339899596878108,1.633175253927016,1.8250512931394955,1.7364797338268154
2001-01-16,0.956013509664019,1.6154077997798597,1.8089788927745958,1.729813072837524
2001-01-17,0.9595239711742317,1.5033303519877048,1.6870704436696415,1.6097244074100467
2001-01-18,0.9391901615338837,1.5286533552379602,1.7149531811613752,1.6463887039333236
2001-01-19,0.9503199403870357,1.5845772562208318,1.7796846577809702,1.688810299385031
2001-01-22,0.9523121793872171,1.5640568248570565,1.752100929963133,1.6699330739811729
2001-01-23,0.9517036044429285,1.5429030363806895,1.7346515139133452,1.6414538054936942
2001-01-24,0.9393482885844806,1.522706415300281,1.710833540312793,1.6372830003203314
2001-01-25,0.9267703605743237,1.5520882530996694,1.746576947861559,1.6565485509490634
2001-01-26,0.9173738284524364,1.5393184129573452,1.7365171697992445,1.6458398200759345
2001-01-29,0.9279118567720385,1.504374555340028,1.697474028742835,1.623685799962785
2001-01-30,0.9189053138962706,1.4942429227574687,1.6851188716851646,1.6013628493843155
2001-01-31,0.9325934384755719,1.4929682822003798,1.684778014025924,1.5998917648094033
2001-02-01,0.9217812917772593,1.534017642263547,1.7289012802279358,1.6579362798060053
2001-02-02,0.9224621954314622,1.5699405167363527,1.7649020464517382,1.6985304263478953
2001-02-05,0.9601806025136937,1.5017508996029372,1.692953285194715,1.6157782070565039
2001-02-06,0.9672468169765381,1.5042415510247875,1.6942960777731058,1.6149191196285084
2001-02-07,0.9449246211149981,1.5537149988975918,1.7505677155895976,1.6677761621753344
2001-02-08,0.9418299340072299,1.5619933650452709,1.7683928364161408,1.678604133985204
2001-02-09,0.9325395657015318,1.5604576342120606,1.7635260077595658,1.679056973285056
2001-02-12,0.9487575568594326,1.5271145519377631,1.7281630190118578,1.6470274219761056
2001-02-13,0.9488686418085379,1.518049500117941,1.7203828667232184,1.630961068292804
2001-02-14,0.961699737930862,1.4612133175818154,1.6544420391793744,1.572684191108433
2001-02-15,0.9489956930855307,1.4803150329448704,1.6773508320694,1.5899412703055937
2001-02-16,0.9691530672444111,1.4752665511076364,1.6688363448066754,1.5800557187023607
2001-02-20,0.960070127616508,1.438153945958258,1.6268541929865576,1.539681547783166
2001-02-21,0.9624370782149532,1.441699224241979,1.6283562819051778,1.550845119348229
2001-02-22,0.9538212974791213,1.4633422783355763,1.6545810904537477,1.575848068166541
2001-02-23,0.9509140572686755,1.450017157472514,1.64460557736818,1.5593696868534204
2001-02-26,0.9425879995562492,1.4687762323570521,1.6649643212239182,1.5726509346004702
2001-02-27,0.9242184818839816,1.46600689135093,1.6603426334450897,1.5663077556424627
2001-02-28,0.9181701874711697,1.4456353743961368,1.6349507618374237,1.5577938978105197
2001-03-01,0.9115614845412757,1.4335148845805825,1.6100459074127988,1.5611087069402831
2001-03-02,0.9234801364959235,1.4081922678377328,1.6101854059596643,1.5649809279461366
2001-03-05,0.9123896800842981,1.4360443736412432,1.6232428668536372,1.5752715596512858
2001-03-06,0.8994760699300404,1.4434960351689983,1.5774122429675959,1.5327702976966169
2001-03-07,0.9167900723403406,1.4423581313619676,1.5917765012826364,1.5324948109353176
2001-03-08,0.9137157003141552,1.435998150478226,1.5807636773688225,1.5238805372695858
2001-03-09,0.9067263744396534,1.420946778907863,1.5635091525768527,1.5366709284012698
2001-03-12,0.9242227598759438,1.4250549786212012,1.5704814022815168,1.540640583298669
2001-03-13,0.9112203984852644,1.4047514317257375,1.5581131800917014,1.548656392565567
2001-03-14,0.900394894284397,1.3867645426300312,1.5468614234852143,1.5340902464372708
2001-03-15,0.9088364827888881,1.446923456887366,1.5800206225352162,1.5683369432253722
2001-03-16,0.9244897998132429,1.4471889950938681,1.5901785851429566,1.5634934710505963
2001-03-19,0.9197076958922352,1.4300966038199117,1.556807252179452,1.5327959102071405
2001-03-20,0.9280164889410217,1.4427311514691528,1.5565067069407115,1.5102487242403153
2001-03-21,0.9191025701458355,1.470456520529394,1.570545535687491,1.5439505771314899
2001-03-22,0.9468102933513908,1.4724302546884778,1.623013304616932,1.5744699759189857
2001-03-23,0.9553325054458942,1.4761481184675123,1.6330373840775836,1.575086419180225
2001-03-26,0.9591424536820413,1.454664707510872,1.6221792672544038,1.5601903672681576
2001-03-27,0.9695708973755786,1.4923611668113657,1.646570784916793,1.5555766556137487
2001-03-28,0.9533629417190517,1.4609623543318773,1.6202267574404137,1.5559130851876786
2001-03-29,0.9538038937634402,1.4403517954611469,1.6117434683776488,1.5767804551290334
2001-03-30,0.9644952681232862,1.4120937615972813,1.591484075627043,1.5829715891943377
2001-04-02,0.9697397709872787,1.4435891341681357,1.5983123964932453,1.580375957095667
2001-04-03,0.9735670089329903,1.4598661407974112,1.6088701005843271,1.5623908257172363
2001-04-04,0.9653277067932216,1.4819265815044638,1.6184364810980811,1.5576904437865464
2001-04-05,0.9672768451261947,1.5029950225552462,1.6399658542277005,1.5562049342210056
2001-04-06,0.9836503474129982,1.4913771815383685,1.6369587172599838,1.555049411475186
2001-04-09,0.986959116454627,1.5292188489575933,1.655122323975227,1.5630519263575933
2001-04-10,0.9896637236119099,1.5518278041748628,1.677196063061843,1.5607985981550738
2001-04-11,0.9856944380553715,1.525413206103505,1.670109417504569,1.5663669758402083
2001-04-12,0.9814976850571424,1.5261045953118615,1.665075015469284,1.555744175767169
2001-04-16,0.9861763753099906,1.5713580286567317,1.7009354285167546,1.5396424676347247
2001-04-17,0.9966687870631672,1.5359674851399039,1.6785082674446699,1.5445493578673246
2001-04-18,0.9865374317683752,1.5274870114343506,1.6664024134434072,1.5442549817544444
2001-04-19,0.9982068869382135,1.544806997762541,1.692311668910783,1.5652737594658719
2001-04-20,0.9905014621478767,1.55801452371829,1.7169851994947332,1.5825758677422999
2001-04-23,0.9692198378463355,1.544951722201827,1.7196293993437235,1.586381539116735
2001-04-24,0.9847612809435277,1.557920304974615,1.724469370171979,1.6055545761341188
2001-04-25,0.9814127413358352,1.5263530991326646,1.7104006122187072,1.6114137405955302
2001-04-26,0.9721764903228097,1.5360258423490645,1.721671621099072,1.6371779549106453
2001-04-27,0.9584427293494762,1.5422336667474283,1.7157734469591321,1.6336855944767437
2001-04-30,0.9348928672838946,1.5131027013495102,1.6653588061297373,1.6231388488867664
2001-05-01,0.9200681134878963,1.523826258697538,1.668157463425235,1.6259338287694298
2001-05-02,0.9357795407527019,1.5245251336316938,1.6419973331690274,1.613805172993624
2001-05-03,0.9223207616000193,1.556430002166853,1.68187717483571,1.6225836972798966
2001-05-04,0.924199553361116,1.5461822807795904,1.6639754749967617,1.623644735939476
2001-05-07,0.9031094338189979,1.5451071431543533,1.6278566293026662,1.6304797171032615
2001-05-08,0.8819121992515236,1.570247173419256,1.656062834425846,1.6689874924561594
2001-05-09,0.88119598412918,1.5855354524543008,1.6610183335523092,1.6718692348491815
2001-05-10,0.883535197008739,1.592175674410807,1.6944611379137262,1.6818843763468347
2001-05-11,0.8884278195536204,1.5949426976043244,1.6859097773642358,1.682196313442462
2001-05-14,0.9134984945394903,1.586025389893088,1.6889659694409402,1.6758366188017435
2001-05-15,0.9139467601083735,1.5902882347275322,1.7327558361001614,1.674652151131295
2001-05-16,0.875828824467778,1.6631712470012743,1.7565561018278941,1.7477239137721585
2001-05-17,0.8800258643920893,1.6652096008188952,1.7477873569821196,1.7508772056771422
2001-05-18,0.8609586291336399,1.6820609159981745,1.7737137161763017,1.7656848872661364
2001-05-21,0.8552258698019634,1.7282034278147196,1.7978720027474577,1.8078460326273018
2001-05-22,0.8509685260251965,1.7373667172958385,1.8087474156739978,1.8221239169462653
2001-05-23,0.8494035436186488,1.752205366181767,1.8210144535460386,1.8410215116316688
2001-05-24,0.8674069722656428,1.7317091708362478,1.7868107063302874,1.8123553554853615
2001-05-25,0.8648469115190139,1.7711089651246636,1.8146980841230864,1.847845203830598
2001-05-29,0.8626372028413645,1.756342720058209,1.7659236268178207,1.8409892178335177
2001-05-30,0.8853935565417809,1.6989813789820472,1.7413597808968468,1.7897343545587772
2001-05-31,0.8907465749903438,1.6997135011944304,1.7196406234448944,1.8072611851955394
2001-06-01,0.8942110017887902,1.658425969835244,1.6703130758848537,1.7665726955900372
2001-06-04,0.8872750254580845,1.6577789920581294,1.6856228229676677,1.773380746561943
2001-06-05,0.8718419522412878,1.6778989154483055,1.7178547000206457,1.8055948305182172
2001-06-06,0.8717395973415992,1.6788846396744534,1.714161372201281,1.80973812792081
2001-06-07,0.8890992372647698,1.657168478383596,1.6919889108197184,1.7899537019131662
2001-06-08,0.8850965382030752,1.6761471282970006,1.7061688470400407,1.8078867617207701
2001-06-11,0.897588497148834,1.6719262371272379,1.6982149725564408,1.81507520279401
2001-06-12,0.9015112091211346,1.6527890271504189,1.6848229632736764,1.801095946885797
2001-06-13,0.8850593680690261,1.6743295463496533,1.7204510175769203,1.837516053413308
2001-06-14,0.8704538500771201,1.6910170794010466,1.7431657978351354,1.8530680945137075
2001-06-15,0.8558210637362493,1.703418720327016,1.7666550694310614,1.8586282463218136
2001-06-18,0.8355767968323446,1.69794442023483,1.7550802838467718,1.854934050038781
2001-06-19,0.844893348272438,1.716743981791507,1.7652302653901648,1.8717487709193545
2001-06-20,0.8358695585809061,1.7366908033207025,1.78855880422368,1.8939957236796632
2001-06-21,0.8312600214558005,1.7130925239435237,1.7719971153635998,1.8717836867201612
2001-06-22,0.8298991820068758,1.7339655428615923,1.7980154383708586,1.8925963528548482
2001-06-25,0.8404653355544601,1.734895189760578,1.8069876118855916,1.8941035601056808
2001-06-26,0.8327232539529777,1.738628754390642,1.799062487163385,1.8995243156198856
2001-06-27,0.8042845599650086,1.7672615731209118,1.8016632891297537,1.90273616510923
2001-06-28,0.7999670796517666,1.7671096151201109,1.8039811552894995,1.9037177309245628
2001-06-29,0.762352862025981,1.8431900461811808,1.8487697272340797,1.9746212829861787
2001-07-02,0.7582716571927993,1.810084818421238,1.8181817491849055,1.952906711972144
2001-07-03,0.7670749925851356,1.7653060722291098,1.7833336586512594,1.9197436989823742
2001-07-05,0.7482485068677682,1.759045883189252,1.7466351398358513,1.8858520512128503
2001-07-06,0.7661242693919108,1.770794820263915,1.7357284834434992,1.8750213605443735
2001-07-09,0.7553770266036532,1.7960012759869404,1.72499897284345,1.872276465061818
2001-07-10,0.7658358624101452,1.7617903088668156,1.6704647714726404,1.8151298582127555
2001-07-11,0.7715301415615587,1.7891464508615205,1.6366364057575986,1.7875682644859348
2001-07-12,0.7716990058469404,1.771559941363651,1.5452591140377006,1.7127897925074809
2001-07-13,0.7527646598332688,1.7730371893199777,1.5922345389226669,1.7673063844892465
2001-07-16,0.7559497823207301,1.7613407584339895,1.615445846966162,1.7868959949277394
2001-07-17,0.7393655696212702,1.7316634947850376,1.5810387061679076,1.7625364606394374
2001-07-18,0.7409371628548203,1.73737610890685,1.5748014987870795,1.7437011562099258
2001-07-19,0.716408673172973,1.7621244526817952,1.602242476296236,1.7738919228085936
2001-07-20,0.7357357078269874,1.7685157676609233,1.6209083699594378,1.7807988390606115
2001-07-23,0.7528706336081203,1.815974767508293,1.6018791680652738,1.766461657533612
2001-07-24,0.7636693880666968,1.8144573882781077,1.5799681153421536,1.7385004865949472
2001-07-25,0.7674765458565621,1.819983372721537,1.5596634856251206,1.7189432952979113
2001-07-26,0.7584509715733251,1.8323081292454388,1.5701509718570368,1.7332333700795475
2001-07-27,0.7558258428718116,1.8259420144517113,1.5619708273837556,1.7318157580519014
2001-07-30,0.7506421083055664,1.749956572644008,1.5396746416251441,1.708049364997022
2001-07-31,0.7412336566188872,1.7468367544272763,1.5188349820225029,1.697761792407618
2001-08-01,0.7517760743895474,1.772841557345129,1.5414455690004403,1.722236230691626
2001-08-02,0.737969832932373,1.7646854325566783,1.5343540032802643,1.7270523532153637
2001-08-03,0.7423995479581522,1.8024242529792434,1.567167052635211,1.7440023410437708
2001-08-06,0.7352202629165756,1.8250541082257574,1.5868431990749967,1.7693713105697266
2001-08-07,0.7293177315621749,1.797733911311349,1.5630889068183336,1.7610887709353318
2001-08-08,0.7248097322695327,1.7970537726521336,1.5624975416632185,1.763980370922127
2001-08-09,0.7226075726186644,1.8139357707491173,1.5771760565336836,1.7845128750410157
2001-08-10,0.7342288393874338,1.838551418223465,1.5985788043258957,1.8141031141631723
2001-08-13,0.7480942872269463,1.8559946622239734,1.613745309794011,1.805708448588507
2001-08-14,0.7367838981556002,1.8449838144971586,1.6041716271549071,1.7712064584280613
2001-08-15,0.7114520695232569,1.8056432174135555,1.56996586928269,1.735607557237773
2001-08-16,0.7183648364155807,1.8048498655116831,1.5692760677780195,1.7413711122913789
2001-08-17,0.7370807491187565,1.7812075487737271,1.5487196090095314,1.7169308429103791
2001-08-20,0.731860212266476,1.8007532936998376,1.565714191398656,1.709682999752499
2001-08-21,0.7327852728488389,1.8111003131309362,1.5747106903741839,1.7174378266356727
2001-08-22,0.7369555549472341,1.8401260152395138,1.5999478807576242,1.7419786089165892
2001-08-23,0.7533900590057041,1.8291891693911286,1.5904385410752444,1.72667786030044
2001-08-24,0.7601115184901628,1.8462159818546036,1.6052429687564913,1.729098901312536
2001-08-27,0.7684676579579478,1.8671025537249868,1.6234033697961787,1.7510563878247374
2001-08-28,0.7684971668296446,1.8835366926604558,1.6376924812723064,1.7804383716748704
2001-08-29,0.7852161059341993,1.8894754852922027,1.6428561269176214,1.7889613826927357
2001-08-30,0.7690863563256133,1.867133668162661,1.6234304230948144,1.7842794249012879
2001-08-31,0.7843807367826209,1.9118114885885211,1.6622767757441574,1.8122257308178271
2001-09-04,0.758290607990083,1.9205118264364578,1.6549982156466743,1.8039089508775006
2001-09-05,0.7665191539724129,1.9064923038993666,1.6442744621441503,1.7827874544747977
2001-09-06,0.7735989366134387,1.9189573057745644,1.6539490793730072,1.788399808795988
2001-09-07,0.7871426388562462,1.937377703443547,1.6741824382706403,1.8094466816927015
2001-09-10,0.7710931905187459,1.9490324889809938,1.6768463160953535,1.806444220438075
2001-09-11,0.7709888006463833,1.9487686307920524,1.6766193062150156,1.8061996657150916
2001-09-13,0.7706155950844473,1.9478253080209198,1.6758077203011812,1.8053253550109067
2001-09-14,0.7941260296862521,1.987764604502564,1.688072600361254,1.8361207019205206
2001-09-17,0.8137468423054905,2.0866896470428893,1.7654998485191005,1.9467850834033151
2001-09-18,0.8030491562246647,2.094265055827563,1.754677060710166,1.963914250928114
2001-09-19,0.8127574739340069,2.1338941205640185,1.746188002169937,2.039569017666365
2001-09-20,0.8005092771979128,2.1336825240079453,1.7597826122178752,2.0238465274625974
2001-09-21,0.799358393525969,2.095131348927089,1.71260338620686,2.010628968997373
2001-09-24,0.7639343566811504,2.021310161868989,1.6592925130969851,1.9823654967322393
2001-09-25,0.7491724932552005,1.9776547945250962,1.6296202500745385,1.924835884789084
2001-09-26,0.7533121823213936,2.0133837716025242,1.6532322031050943,1.9497607552716791
2001-09-27,0.771684295969204,2.050745829404095,1.696293949283982,1.9892087108312317
2001-09-28,0.769473214068019,2.062891126237894,1.7012484524488234,1.9914848291067664
2001-10-01,0.7763442164525698,2.0894532793093776,1.7171509100356517,2.013521429432113
2001-10-02,0.7826248795562079,2.069684418390258,1.7026205515410704,1.9924602771814186
2001-10-03,0.7868200063668189,2.080854599220547,1.7083979569359513,1.9723086224666153
2001-10-04,0.7937977511860825,2.103042515938076,1.7108610357692853,1.9895406006911567
2001-10-05,0.780566921450209,2.149251016177715,1.762205964362169,2.0546342496763583
2001-10-08,0.7876565820394466,2.131325676176473,1.754079994716551,2.07999983376155
2001-10-09,0.7921121680139935,2.0697581822615048,1.6990082706224232,2.044267150182269
2001-10-10,0.790815891941179,2.035884825682838,1.6716262705877694,1.9953655431750847
2001-10-11,0.7816055191771589,2.081788625679129,1.7068142348639976,2.0100904220861016
2001-10-12,0.7607988834333815,2.1106054155437888,1.682917103820183,1.9635929405720636
2001-10-15,0.7433393303197251,2.1275564621279623,1.6858721664375724,1.9579817178631727
2001-10-16,0.7701691650218946,2.075504518772006,1.6546566785173156,1.9027115405481132
2001-10-17,0.7705130475608065,2.0799033628202075,1.6600853586049795,1.9246493078853162
2001-10-18,0.7706177791078211,2.042845680883725,1.621999235541159,1.885085619096226
2001-10-19,0.7681430736954723,2.049535700850095,1.6172377411802683,1.8505672265412674
2001-10-22,0.7734996010688113,2.0347635988009194,1.602284606436718,1.8334728583503261
2001-10-23,0.7661133310219016,2.0382380136479346,1.5970768956296737,1.8385423212154968
2001-10-24,0.7664348112780556,2.0220057575407577,1.5843579879166743,1.8054974796488055
2001-10-25,0.7626057527355699,2.013775071170518,1.5895467518136193,1.8189535626116056
2001-10-26,0.7723637843389357,2.0168274854185255,1.5840264876026353,1.816290348617555
2001-10-29,0.7804041868107816,2.0095300953536435,1.572618815828455,1.806010852483876
2001-10-30,0.777733859515091,2.017089234198873,1.5778362416258342,1.8257742094094245
2001-10-31,0.7960650331589252,1.9660676644480997,1.5321151094676064,1.7769481485009648
2001-11-01,0.8015699142159818,1.9725993807920879,1.5674560607938255,1.8263731570162927
2001-11-02,0.8024271206088796,1.9565212081338896,1.5614351982545576,1.822648512778621
2001-11-05,0.7971854683812974,1.9775059210907369,1.5847317890835766,1.825650386065716
2001-11-06,0.7976129068352505,1.9927833398314694,1.5768157525652557,1.7952094509979346
2001-11-07,0.8121598366131865,2.009733674197966,1.5926276069888379,1.7989514748043087
2001-11-08,0.8078981429816786,2.0545770299005506,1.5807822749788307,1.7785659352827214
2001-11-09,0.7955827484714716,2.1069098397241555,1.5802366328093989,1.7926509157100277
2001-11-12,0.7810738466620676,2.1550222798042293,1.6386147041635266,1.8558505546789783
2001-11-13,0.809585336878471,2.1155552318081967,1.6067107266484568,1.8093200534962333
2001-11-14,0.8347826208711778,2.054910504157906,1.6164989657342816,1.8043486190188058
2001-11-15,0.8404645076884528,2.044656235924578,1.685533568864072,1.8853068700385909
2001-11-16,0.8472902363426619,2.0453136039551594,1.6681061483570352,1.8709370282108049
2001-11-19,0.8477220324017408,2.04561733191834,1.68230920304764,1.8756056280902533
2001-11-20,0.8496478080912001,2.065096077800754,1.6762694724373821,1.876960800915015
2001-11-21,0.8550018671126612,2.0651278926363252,1.7011087043621642,1.8863623047899125
2001-11-23,0.8600955508073308,2.0570777143410774,1.7119559624312506,1.8983908475158315
2001-11-26,0.8611359774405325,2.096929223235719,1.7418972688341363,1.9265439007409089
2001-11-27,0.8326761815440958,2.1290706653013336,1.7336913647503025,1.917468144813376
2001-11-28,0.829388241468126,2.1394017899073297,1.7374873153216763,1.9226796713848977
2001-11-29,0.8333970123038538,2.1648888642947064,1.78105514410629,1.9566491624953515
2001-11-30,0.8229856327463568,2.12275461943353,1.725372597466082,1.8967271026748957
2001-12-03,0.807382948116565,2.161141951658582,1.754620960683446,1.9331138454758152
2001-12-04,0.7972189702350996,2.1572106120609083,1.7622812220708313,1.9372068539138199
2001-12-05,0.7902424512515532,2.187602542369232,1.7839529695461,1.950528088730005
2001-12-06,0.797349004719047,2.134687496673597,1.772817365312401,1.9382810019969485
2001-12-07,0.8012975440083487,2.1530884248879416,1.7613423522815748,1.9439274217268443
2001-12-10,0.7970679059092917,2.109170221868454,1.737138770321961,1.9510214253002764
2001-12-11,0.7992759606408646,2.0827616185255247,1.7082059969179892,1.935152894176801
2001-12-12,0.7953642639317958,2.129486060569337,1.7192567125199725,1.9545062370249142
2001-12-13,0.7945722346483057,2.1497011962343047,1.7329205918259818,1.9750161254419627
2001-12-14,0.8072554958253062,2.158264268261061,1.7064089174470456,1.9459034787124567
2001-12-17,0.7977511809198189,2.205254562217663,1.7329299951506678,1.9809611502850268
2001-12-18,0.780036626442542,2.1828419494817943,1.7226525705903657,1.9870426682422557
2001-12-19,0.7868457208325222,2.1590651200625963,1.7069882785240775,1.9771016914738502
2001-12-20,0.7966069339886462,2.169662897568077,1.717865574598613,1.9848594325473239
2001-12-21,0.7930967480215986,2.1781955643802298,1.7331273989331253,1.9786730368051502
2001-12-24,0.791734741836433,2.174454891078282,1.7361037448113743,1.9752750088580282
2001-12-26,0.8060887455364933,2.2092720965671635,1.696666702731654,1.9273218084146118
2001-12-27,0.7942048966612251,2.258427441824152,1.737377956960678,1.9606158018271889
2001-12-28,0.7931923041332865,2.234085551204938,1.7364329369727391,1.9420549038013497
2001-12-31,0.7674847881802769,2.261947206507414,1.7810624493613625,1.9943906821515802
2002-01-02,0.7580676156271686,2.200447340031733,1.7623133312552446,1.9410731358377566
2002-01-03,0.7639138605477916,2.163098398414718,1.8211465926666943,2.0112970761297166
2002-01-04,0.7517886892571977,2.1462189172827233,1.8136322068853372,2.010461965075993
2002-01-07,0.7607419712249799,2.139757847413565,1.8309954616111606,2.017822850811401
2002-01-08,0.7758776169283735,2.145162306547278,1.8356264471319377,2.017372499433714
2002-01-09,0.8002167629610695,2.223818860337186,1.9230949480770911,2.04597119978993
2002-01-10,0.7896572461598048,2.1930968547459027,1.8935096510250404,2.030586316381582
2002-01-11,0.8028869970284457,2.2472240548021176,1.9259562789138627,2.088282733705335
2002-01-14,0.8226537073617016,2.260173831390561,1.9122350488054767,2.0525129079294553
2002-01-15,0.8303005492389918,2.268302304548163,1.906440371720021,2.0072886071558242
2002-01-16,0.841426274956033,2.3358789035954537,1.912443345955473,2.0183414330165097
2002-01-17,0.8253081908505736,2.2779000856249576,1.918628405858258,2.0752946832898753
2002-01-18,0.8071287395263719,2.2339264838005812,1.8972466570501125,2.064687591748774
2002-01-22,0.7806722930991274,2.2077053080215436,1.9256548909591358,2.0906042807208443
2002-01-23,0.7564372370045414,2.1513125545371485,1.8900336728353484,2.08084612684624
2002-01-24,0.7495820592973338,2.1237857488003877,1.870765968400078,2.1019672236614317
2002-01-25,0.7462216953254983,2.1453201492363054,1.8659111767999992,2.0432962123889613
2002-01-28,0.7390919325341769,2.129794237816949,1.9118613859663829,2.0763827718433645
2002-01-29,0.7378949790054131,2.109777550667007,1.8742750076716925,2.087083443102552
2002-01-30,0.7225266815267445,2.113761479963349,1.8742296929215243,2.1447381006427997
2002-01-31,0.7197619877089849,2.084401800780578,1.8142808642408517,2.103338389887313
2002-02-01,0.7159784488655998,2.050673774812863,1.7810856280637963,2.0727501126275043
2002-02-04,0.7124463894105588,2.0702195181185656,1.821567565600141,2.1103140811704244
2002-02-05,0.7156687913193699,2.0967519783995128,1.855526375508877,2.150384488683601
2002-02-06,0.7110931306549395,2.1060786869597377,1.850287715273299,2.1363263217442263
2002-02-07,0.7143543610525662,2.1044763319952224,1.855593091878901,2.1446120544080514
2002-02-08,0.7143103241492667,2.100464540654383,1.8472403542613451,2.1391510575872745
2002-02-11,0.7183613796538725,2.071060099671976,1.8185413343292918,2.1053667684281465
2002-02-12,0.7289570763428973,2.087724709528621,1.839389209386682,2.1318051397443836
2002-02-13,0.7292188842025077,2.1224625719211816,1.879406804662957,2.178363031733471
2002-02-14,0.716446907001905,2.1478793602582775,1.895113449400915,2.192289413438865
2002-02-15,0.7237902132268786,2.15900757805243,1.9054862584385472,2.2102444962895578
2002-02-19,0.7454654519560844,2.1255518725087215,1.8821789569864624,2.1897027825976294
2002-02-20,0.7347089852517662,2.1221339946208464,1.8921736760587957,2.1966062394515253
2002-02-21,0.7230837990897223,2.1313807990299085,1.8845236401430354,2.1969930656882712
2002-02-22,0.7283238302701391,2.1510189955860888,1.8896949167748731,2.2107693178378205
2002-02-25,0.7200303992495308,2.1989040268156463,1.932645034248172,2.2624707342674326
2002-02-26,0.7252168096106563,2.2235019279651778,1.9374760047581194,2.2790507278157617
2002-02-27,0.714204084792403,2.2255027267248075,1.9382606143829186,2.2710622882111995
2002-02-28,0.7263465996553622,2.255544194466829,1.9571161171390334,2.2959696923602473
2002-03-01,0.7367421561649449,2.295783347215498,2.028087676355326,2.3733501560881907
2002-03-04,0.7230384256365588,2.3075923902581974,2.032754464280827,2.3788114199085606
2002-03-05,0.7314801463839923,2.257599091606705,2.0064659362761015,2.354099958362633
2002-03-06,0.7196240226711801,2.2254306370378476,1.9761754460910979,2.306188244489839
2002-03-07,0.7267995355548276,2.1964508664427194,1.9558701960938216,2.2794243450486142
2002-03-08,0.7211119028454883,2.21318717723795,1.980596136312114,2.3028006897014555
2002-03-11,0.6967796934824277,2.147857569097072,1.925736855912639,2.240837973913331
2002-03-12,0.6869415705825792,2.107950892496368,1.893848002284567,2.204914831494039
2002-03-13,0.7091641387358891,2.1368629435098283,1.915121307958637,2.242802457771819
2002-03-14,0.7183941631224002,2.1039148767939424,1.9055794987358552,2.2472825218232466
2002-03-15,0.7162023894037388,2.0818060375845246,1.8963876268259106,2.2468806615519115
2002-03-18,0.7160830191319922,2.0590650923249862,1.8423991869098566,2.1853984219472222
2002-03-19,0.7140694589138915,2.0385492088495774,1.8242089377008979,2.175028904904992
2002-03-20,0.7041203436764795,2.0459703038990846,1.81441766510638,2.1667136837485907
2002-03-21,0.7022908128678031,1.9798175887009561,1.7535927009053331,2.0992702522558435
2002-03-22,0.705683024373002,2.0323813511563817,1.803587753987073,2.16805049603487
2002-03-25,0.697772149658992,2.039118568345896,1.7995128429373233,2.1640842646520526
2002-03-26,0.701075273272574,2.0389159002946875,1.800699315370152,2.157127962489342
2002-03-27,0.715878006722659,2.0255547343121254,1.7971387086434711,2.1586865086921536
2002-03-28,0.705631041753988,2.0127764249624,1.8051097822635165,2.1617759496817617
2002-04-01,0.6950593618293651,1.9618676879256574,1.768188908814132,2.0991423032090215
2002-04-02,0.6741123832183431,1.9533533351327015,1.7565683834037051,2.08534675435508
2002-04-03,0.6867702745894526,1.9388414377419376,1.729916941433845,2.0571860032444955
2002-04-04,0.6989027026641348,1.9955645149622583,1.7846820621163486,2.1395446680518666
2002-04-05,0.7032879027484643,2.0249961626463198,1.831106493631705,2.212896242698192
2002-04-08,0.6973574797284472,1.9936238426391337,1.7873236372720624,2.1728736598320015
2002-04-09,0.7012690337696187,2.010112017228592,1.8010463917307338,2.1735028566226453
2002-04-10,0.7047517107840835,1.965006992359048,1.76403767687572,2.1477613320687614
2002-04-11,0.7338478672927149,1.9520395404547435,1.7558349895184342,2.1431893904564117
2002-04-12,0.741937618441115,2.0044408656243156,1.8068957365174794,2.2199091941028644
2002-04-15,0.7245020886524859,1.9244972619731133,1.7244209123684413,2.12734439590956
2002-04-16,0.7317278534030772,1.9479368488843822,1.7527438620123468,2.1590236606492907
2002-04-17,0.7240579581390775,1.9305107021068673,1.753874801534672,2.1525027207260425
2002-04-18,0.7127890128201851,1.9312450005659292,1.749383318968153,2.1544829881635184
2002-04-19,0.7127729155139837,1.9386127443015093,1.7661316534103257,2.1935298119358815
2002-04-22,0.7067813617167927,1.9281796653174734,1.7555504756613192,2.177992551558106
2002-04-23,0.6953731551345493,1.965320355198573,1.7868702893078452,2.2198987021638152
2002-04-24,0.7137757879877104,1.9771816366359651,1.8042716453718899,2.2505283028868766
2002-04-25,0.7171796527473152,2.020135255924794,1.8260542179268036,2.2623837246149896
2002-04-26,0.7081378859797002,2.0418053628855284,1.8381164313408602,2.2551750769325096
2002-04-29,0.6928183169300904,2.021196406568194,1.8015106327161015,2.2170894072334772
2002-04-30,0.6890046161834056,1.9948879615009174,1.7724792173751616,2.163386310508377
2002-05-01,0.6957803367587426,1.9708769159976371,1.7511262330241137,2.159887538059039
2002-05-02,0.6875668841470192,2.0265548520568033,1.8025883125375062,2.253157275552923
2002-05-03,0.6869987075710771,2.012913306988761,1.7858344879696617,2.220973483856861
2002-05-06,0.694448610925048,2.0377912338178175,1.8027015984853845,2.237186918039205
2002-05-07,0.6870302185736172,2.0150213417872953,1.7973484235710102,2.2053355721819057
2002-05-08,0.6765902904650349,2.046441663520575,1.835984245773405,2.2195446768833085
2002-05-09,0.6809537713217654,2.0731162737809177,1.8729837168245187,2.2825954456640427
2002-05-10,0.692090938895727,2.0449866583629017,1.8430434484081553,2.2311512361446395
2002-05-13,0.6727583022793842,2.1042870788965944,1.8972841758898666,2.2833170736816917
2002-05-14,0.661250161288827,2.0941491525456795,1.88298924690066,2.240724486601678
2002-05-15,0.6726566488907838,2.1359806917511834,1.927639879209207,2.325435525167116
2002-05-16,0.6693968278012762,2.189449359600488,1.9816084047026168,2.4001470187626075
2002-05-17,0.6726897903275347,2.188922018319784,1.9888193373771126,2.421322104543364
2002-05-20,0.6729638141385119,2.1903446324909894,2.013334220177853,2.4714492290166845
2002-05-21,0.6912706342680645,2.1414977981456604,1.964697806900796,2.455141029489963
2002-05-22,0.6948084979395918,2.1569188248985003,1.994926822545684,2.4831588712039117
2002-05-23,0.7064486116202081,2.1576284285485556,2.001947522229688,2.4803605625723293
2002-05-24,0.7012018098956778,2.194133024774728,2.026490324341211,2.508878694822005
2002-05-28,0.7143423508935944,2.206479135016884,2.0681585891765333,2.5719947015780225
2002-05-29,0.6925366521427352,2.218439655158108,2.069043067791076,2.5621520889821023
2002-05-30,0.7037470766300955,2.2629605573934444,2.1152575834165117,2.6874317730713293
2002-05-31,0.7078533097694978,2.2506039335571693,2.131474114287365,2.6863944580934516
2002-06-03,0.7029799179781824,2.276414033340728,2.12120779794219,2.6851610001638644
2002-06-04,0.6993033821751165,2.2951230766024704,2.1511071909766284,2.7109912724388634
2002-06-05,0.6974765884243267,2.2738613292579024,2.147936021004776,2.7249564288387953
2002-06-06,0.7104943144698712,2.2866978357493695,2.1576621847118527,2.741602030790939
2002-06-07,0.7168632096627011,2.2792714766715876,2.140905229513994,2.724494474868232
2002-06-10,0.7415766316185931,2.1973920533501947,2.0359709947396394,2.6144688779005967
2002-06-11,0.7444791067002383,2.1963692404094917,2.0288869185119447,2.6121087774557092
2002-06-12,0.7531208861466588,2.2047469112255667,2.011820419362791,2.569927319106598
2002-06-13,0.7419042982321631,2.193626422947182,2.005896055478559,2.519624646029064
2002-06-14,0.7360818273128757,2.1857231456566963,2.016478004694222,2.5187265088677298
2002-06-17,0.7424195669555227,2.1692020758502775,1.9861237408512011,2.4735879571738577
2002-06-18,0.747853512163629,2.202716079715043,1.9988207328398213,2.5171624122509835
2002-06-19,0.7475364456771424,2.1969873442311436,1.994898648472614,2.5149712933268336
2002-06-20,0.7593163895899766,2.1799025799552907,1.9698850246983801,2.4702932777846414
2002-06-21,0.7582091641587334,2.1909203884768913,1.9865518915505405,2.4956546420869383
2002-06-24,0.735344274154845,2.178772804199649,1.9947133124940428,2.4787364028342336
2002-06-25,0.7327908483159592,2.189165784452269,1.9941286446944717,2.484247174507455
2002-06-26,0.730434476499398,2.224278023491445,2.0289404206116797,2.510656547094116
2002-06-27,0.7227078762241597,2.2544716302982373,2.056045145986908,2.5405139194678257
2002-06-28,0.7318786181582225,2.231238404315847,2.0479613818028777,2.5285460121690355
2002-07-01,0.7396749496246982,2.2290048923632604,2.0534095975095252,2.53597736939431
2002-07-02,0.7373440019649067,2.20250087523239,2.0058208034891427,2.4818851586138435
2002-07-03,0.7460805635432355,2.2168976140362573,2.0222728283568765,2.5005766944655092
2002-07-05,0.7530984124610323,2.218000747582034,2.031350425575762,2.510692382208672
2002-07-08,0.7469337845373095,2.2437579801567296,2.0639233174218212,2.576930240462855
2002-07-09,0.7490941285469315,2.2217776918982723,2.060918400435391,2.569941881235078
2002-07-10,0.7511768811654593,2.225883043500006,2.061215927862321,2.544135818492533
2002-07-11,0.7363581951158216,2.2346395710013933,2.0766758517356756,2.560052801989919
2002-07-12,0.7450208455339313,2.2796791281534556,2.138717001011308,2.609006841947977
2002-07-15,0.7484577102464908,2.3540687858560316,2.2431231176130675,2.7473289249835373
2002-07-16,0.7544382303452432,2.3551733092268057,2.2367450166825864,2.7128084964453265
2002-07-17,0.7571392457905339,2.3382937705078457,2.20557966590923,2.667157700154559
2002-07-18,0.7741004180434841,2.2752031250344458,2.1561331699258357,2.619463479132754
2002-07-19,0.7735704643517965,2.2907301844066676,2.1768856312128277,2.637057976065428
2002-07-22,0.7973558173175601,2.265559837342149,2.165767175427097,2.6648511431192623
2002-07-23,0.7903742150932883,2.244161715373085,2.1158034764362927,2.622922992235948
2002-07-24,0.7861449511006117,2.250040503378384,2.1336292577005507,2.6210751639083147
2002-07-25,0.7778925337826585,2.2694208454016325,2.1411160536234006,2.6357686782083807
2002-07-26,0.7537425673795899,2.2079468974212073,2.0748411672204528,2.564525515326974
2002-07-29,0.7344352817956835,2.223514123008587,2.0834345965536896,2.5754916252445863
2002-07-30,0.75019148106381,2.237883495112647,2.122537461392974,2.5889775594136135
2002-07-31,0.7702467027260871,2.2369293552883214,2.146643242715257,2.6278985876601424
2002-08-01,0.7653929932784383,2.202319730324682,2.116655649772508,2.6119347184953865
2002-08-02,0.7487033725337183,2.1838180171040653,2.0989568509556404,2.5755545365661527
2002-08-05,0.7353231251049006,2.251420220369519,2.14637158007754,2.646189676021015
2002-08-06,0.741305418428945,2.2597168352806243,2.1553211353036352,2.6336611356287625
2002-08-07,0.7449362909399774,2.2671011795736975,2.1717747946945023,2.678686735419777
2002-08-08,0.7391458637321074,2.2613254226533392,2.1636319385846075,2.6623032085746297
2002-08-09,0.7366326688421986,2.294442766940655,2.1926250985670257,2.6909253205173016
2002-08-12,0.7481902544487052,2.2844263877889497,2.216263522200344,2.6754023624055763
2002-08-13,0.7537547974292101,2.2655353657529855,2.2010884660414476,2.6552215507520374
2002-08-14,0.7506139774480646,2.2747329519143666,2.224710042281371,2.6724614431456586
2002-08-15,0.7712861720210202,2.277066388196981,2.2396529323259835,2.654878490822896
2002-08-16,0.7567994359236091,2.265901505555979,2.224500344778146,2.6325538753613564
2002-08-19,0.756958532679534,2.2399317722562677,2.1896190700057616,2.5816870892132333
2002-08-20,0.7456117095907325,2.248082821409222,2.1798779634431606,2.5734391321988324
2002-08-21,0.7574276424574135,2.23916893389744,2.184717700023567,2.560457808098433
2002-08-22,0.7699580026644259,2.167472401010218,2.1223211472811476,2.5004193668085617
2002-08-23,0.7603503681529703,2.1546411174957365,2.121834466388157,2.505581151659228
2002-08-26,0.7572982044436734,2.170398847222115,2.1223320752101738,2.485476775622986
2002-08-27,0.7666083171692247,2.202901626547277,2.149631496048198,2.5335593343973133
2002-08-28,0.7598347229020649,2.1876431362725546,2.1297148530025787,2.52798044371229
2002-08-29,0.7457197422405822,2.2296550687674817,2.151279604977805,2.5356360996760667
2002-08-30,0.7363505040649426,2.1673323228256156,2.1137461274508627,2.4857075698322215
2002-09-03,0.7556546456476675,2.0960274669225187,2.070513946622564,2.5104850248968265
2002-09-04,0.7614479326381917,2.1081345270975227,2.05142823173855,2.445570048819128
2002-09-05,0.7564771346644499,2.0911001581923614,2.0513276035815085,2.4342695695959335
2002-09-06,0.7398019164761165,2.1207819582608645,2.0496001783658304,2.440563332023562
2002-09-09,0.7412221331080108,2.080644521462149,2.0108764173062865,2.44332624047564
2002-09-10,0.7414572774891323,2.081484223137936,2.0250189607949323,2.464618868883437
2002-09-11,0.7431007843034412,2.097377534778551,2.0741202156303253,2.5151919081555056
2002-09-12,0.7361788517129199,2.08328537898756,2.048275191050974,2.5328831203336404
2002-09-13,0.7277515189963836,2.0617437476716014,2.006241654613568,2.4750829415842306
2002-09-16,0.731786082758963,2.067102449053591,2.0229583636577195,2.4816597728629373
2002-09-17,0.7372662569166797,2.045093639449136,2.005404386892059,2.4840874314994728
2002-09-18,0.7287827403186338,2.0701163601074706,2.0048856791627143,2.478389490373425
2002-09-19,0.7141356255251862,2.073840379216432,2.0255652780211144,2.53283992218474
2002-09-20,0.7085258416231555,2.109201939286531,2.0578309267184625,2.546758972885838
2002-09-23,0.7008366727991129,2.12360005909476,2.0735356897977892,2.534301471379895
2002-09-24,0.6973104700456926,2.1339520319084633,2.1043294071157757,2.5862885430902933
2002-09-25,0.7068261818148155,2.1253482819301652,2.1216998996917504,2.5747664819856957
2002-09-26,0.7208804100989271,2.1245336659860548,2.108099451632587,2.564228461798458
2002-09-27,0.7234028105933619,2.101469734348087,2.058796480616194,2.5226907185570897
2002-09-30,0.7197832256502913,2.131876474204517,2.0477158310152115,2.491870941903528
2002-10-01,0.7191107939467549,2.1301898504303387,2.021617967784069,2.449919269392767
2002-10-02,0.7160414822067328,2.103383479331258,1.980967073679353,2.412198051383424
2002-10-03,0.703552205069683,2.1548232359764947,2.0278307151395705,2.490083819749954
2002-10-04,0.7128350997305796,2.1768458957479995,2.0480872887232198,2.5198853026260335
2002-10-07,0.712637521562854,2.1832496390697282,2.042472205759142,2.5133328075233248
2002-10-08,0.7107621104601265,2.185552045857308,2.037086750248059,2.5145168895701935
2002-10-09,0.7158200566392708,2.1575814369046453,2.0100152388717727,2.489170534730003
2002-10-10,0.7021884515946266,2.1580854682864286,2.0096554246748926,2.5009851655155786
2002-10-11,0.7110591877377951,2.1067902543826533,1.988500961964134,2.4627207100413204
2002-10-14,0.7227257827476113,2.0843575859985717,1.9548928765022018,2.3983224855497616
2002-10-15,0.7481935165436608,2.0465773919897745,1.9429906191727686,2.3922381691631456
2002-10-16,0.750931256354662,2.030007349916816,1.9500907941817225,2.408548098369738
2002-10-17,0.757935583223184,2.002346289132739,1.936914249188808,2.3846586682230035
2002-10-18,0.7490426908298231,1.999500527181159,1.9246035715745162,2.3716145073442587
2002-10-21,0.7605859352350776,1.9537632306341495,1.8999673637220058,2.379076234511177
2002-10-22,0.7449303917563872,1.9658592722945483,1.9094384224272127,2.401102351431315
2002-10-23,0.7537450415363718,1.9524221125873165,1.901177045568709,2.383218589077183
2002-10-24,0.76705830262888,1.9238783824006327,1.9022046808758337,2.3832914222621926
2002-10-25,0.8494163824798134,2.103715360516987,2.092696374692007,2.6618542273412276
2002-10-28,0.8441666148107903,2.114355715997055,2.0826407804900167,2.6416265073007166
2002-10-29,0.8559479978494953,2.120211083378879,2.1477876339504305,2.735387204687196
2002-10-30,0.8592629738827469,2.1077639677016315,2.1324532813245667,2.718290969051697
2002-10-31,0.8433081547943757,2.1226260029087287,2.14684841081077,2.715377281544403
2002-11-01,0.8442273903766462,2.1558323529649517,2.1748115924801947,2.7503105722218564
2002-11-04,0.8561515701962623,2.12247114325983,2.166085003344608,2.7473622853199084
2002-11-05,0.8524082580763378,2.1376750467685053,2.169828121216771,2.786982247983608
2002-11-06,0.853162180074853,2.1475882086798,2.191328485663288,2.8003035679570027
2002-11-07,0.8436186603128519,2.1081879707852176,2.1576573490398614,2.8028404791109716
2002-11-08,0.8510200215837567,2.0491942781175885,2.087215636305904,2.695117817460666
2002-11-11,0.8707033636310095,2.046680230713201,2.106757022702271,2.709364867451501
2002-11-12,0.8848518401995126,1.9969991186920424,2.040980620561142,2.628716664990454
2002-11-13,0.8941785414265493,1.9635336503284988,2.007997743758371,2.6150605805108955
2002-11-14,0.8859231473005122,1.9920739924135713,2.04927122273855,2.6636615157641184
2002-11-15,0.8780089405883775,1.9808735034075629,2.0324318076525953,2.632736082853147
2002-11-18,0.8664286550919831,1.997010916058927,2.0423532501186203,2.6009003995232884
2002-11-19,0.8665641547731546,2.016771424922904,2.0819787786724344,2.66133730792621
2002-11-20,0.8739032637904111,1.9889413526178197,2.0499057531097655,2.5961837606974827
2002-11-21,0.8664152899357696,2.0011936816122167,2.0455920632304196,2.582812292170238
2002-11-22,0.8681018232882075,2.0288275392991197,2.076718325746526,2.605802070239252
2002-11-25,0.8649999870483683,2.009246627486838,2.0618022486381666,2.611632821222824
2002-11-26,0.8817547260831986,2.00327056820564,2.0583106447272725,2.594838546890153
2002-11-27,0.8847829165145448,2.007865329311028,2.0805399248156933,2.6011448028880575
2002-11-29,0.8742766124368155,2.025508610660636,2.106265142290592,2.632273151075654
2002-12-02,0.8714510831903652,2.0261259285904525,2.0906109022322177,2.6016005399505246
2002-12-03,0.8778337803478895,2.065007337892481,2.0728546364973406,2.581573420835759
2002-12-04,0.8594044508899065,2.055542897043912,2.0814501567452277,2.612923523093971
2002-12-05,0.8662750528550653,2.039892783666004,2.052906707968109,2.553620651838904
2002-12-06,0.8518668912609898,2.086648467423528,2.093531756424535,2.617744909779285
2002-12-09,0.8565367465610115,2.103120253973282,2.091613908604236,2.606454121808664
2002-12-10,0.838532823786754,2.0701916246979306,2.0696903181634694,2.558016401256525
2002-12-11,0.8272573439650628,2.092738701441337,2.108617860208904,2.618728270032722
2002-12-12,0.8217884521590462,2.1180715283573583,2.138695325586863,2.6307196781658093
2002-12-13,0.8110358872162164,2.11458452551444,2.1264258153617557,2.601374555122869
2002-12-16,0.8143985630511846,2.1046634159596627,2.1186379536295314,2.534647366790677
2002-12-17,0.7970048315140811,2.149187248451651,2.17525540929447,2.6065764223839216
2002-12-18,0.8057293433054018,2.110967755393503,2.1308145279115305,2.5356539758154213
2002-12-19,0.798922087499931,2.1533559978121106,2.178750324342918,2.601107368518346
2002-12-20,0.8196867874749415,2.0518545623994138,2.0733037458960357,2.46937672538237
2002-12-23,0.8404133384687815,2.0565139287877567,2.0585336582616396,2.4049109000689897
2002-12-24,0.8378298172179653,2.0617866357881764,2.0638115436572004,2.4044117082729146
2002-12-26,0.8474927654641575,2.10927082776822,2.07543227102989,2.4044555224922
2002-12-27,0.8626364360663613,2.106670492266596,2.0481289305864436,2.3663518951485027
2002-12-30,0.8769018890254849,2.0905286667287077,2.0002312637195074,2.351228188483361
2002-12-31,0.8622019016199948,2.107920752421905,2.0298880737889795,2.390153508265454
2003-01-02,0.8812461030777513,2.1815595333430227,2.085248552601773,2.4572410904581767
2003-01-03,0.8564884606114174,2.202413446675348,2.0814169241338525,2.484069761817411
2003-01-06,0.8602231801233333,2.177647543352501,2.046709804400966,2.444913259222667
2003-01-07,0.8752423782568375,2.144830474619261,2.03427737250356,2.414100941839772
2003-01-08,0.88084950520243,2.170350901993939,2.0603321149154024,2.451753876549876
2003-01-09,0.8743388502804134,2.2186815118813867,2.1035214558804323,2.5075184924145986
2003-01-10,0.8881079115214047,2.1862637313452593,2.0725758949693005,2.474319675233152
2003-01-13,0.9018869902823424,2.1838654478457906,2.080170053909519,2.4727310463033736
2003-01-14,0.8976183651677407,2.177190781739619,2.0747048976951166,2.448619150742861
2003-01-15,0.9026249654554674,2.2482687220159874,2.1287525478370033,2.504147584239657
2003-01-16,0.8953112149684654,2.2738209339294424,2.1441979845625205,2.538205431768422
2003-01-17,0.9002325608275403,2.277431903811911,2.151595896182298,2.540096178071682
2003-01-21,0.8932355175832019,2.2611206344923667,2.1317795641622324,2.5193972090030194
2003-01-22,0.8891342485746268,2.23052117026822,2.103655178416575,2.4986806125471177
2003-01-23,0.8904665099402661,2.224978553791227,2.1123812336770063,2.4880843576163576
2003-01-24,0.881295707189973,2.271228991800563,2.135339446283246,2.5340809485639846
2003-01-27,0.8891307413544447,2.285810853534473,2.1576178433232314,2.5483019819575725
2003-01-28,0.8902159539342219,2.3040093782661097,2.159905049635548,2.5648423877593376
2003-01-29,0.8839190213135137,2.355955175294344,2.212102228505675,2.6278732342353837
2003-01-30,0.8848447414725629,2.3428079137245086,2.1890852431031282,2.62305236619193
2003-01-31,0.8776250912898768,2.323882129380211,2.1806417461116316,2.6142963952499616
2003-02-03,0.8719046628115327,2.3389638763285734,2.2179533517383527,2.6567016864616324
2003-02-04,0.8676975582684227,2.354421504559455,2.2295120901083294,2.6636457274851173
2003-02-05,0.8776807246265038,2.3496863639831345,2.252447737733911,2.6897570651061096
2003-02-06,0.9167579062458555,2.3531093649697388,2.2859898918932853,2.7210411591414707
2003-02-07,0.9284682971995144,2.4124060370463645,2.3546792545491004,2.801899391444756
2003-02-10,0.9317211568071427,2.3741035834234814,2.3091314719362797,2.7530305549784533
2003-02-11,0.9382380104650172,2.355688304037124,2.285988449481489,2.7250970072179954
2003-02-12,0.9337391241093415,2.342706523267567,2.304830700342014,2.735439006989107
2003-02-13,0.9286885000519923,2.3463861519298304,2.3244301626763746,2.746965213509654
2003-02-14,0.9279423550599915,2.384987917115346,2.3561250198362145,2.791439749000231
2003-02-18,0.9345441715658979,2.3781984781377385,2.361823608795634,2.7949970820017973
2003-02-19,0.937070178397605,2.417750053117644,2.374522357794909,2.816969443339772
2003-02-20,0.9496619839115262,2.3937085488786862,2.3349457460319685,2.777996980645468
2003-02-21,0.9560254081523779,2.451673837422105,2.3739028205393957,2.8291290467274317
2003-02-24,1.022876386495785,2.6537734542364166,2.5336337893204206,3.0264687716056677
2003-02-25,0.9910344209327552,2.4648881314433444,2.38890643163019,2.8429542779640133
2003-02-26,1.0114346583189688,2.5679418707818846,2.48131923437452,2.9556901380498766
2003-02-27,1.0435526093068817,2.5479810808585466,2.5234549660650516,2.9882646841818303
2003-02-28,1.0551091278720601,2.638072891200361,2.6210207499112474,3.1011596387316467
2003-03-03,1.0351582536435686,2.5454522673658824,2.5389275438663224,2.9948596910239043
2003-03-04,1.0148553286217123,2.5613043683237606,2.536602597082861,2.993680056084403
2003-03-05,1.0089567135597624,2.541236254553852,2.52810330977845,2.9809206040008847
2003-03-06,0.9970682817623608,2.535647367928996,2.52779926773126,2.97877777613964
2003-03-07,1.003044066276096,2.5525586145409735,2.5303854814996916,2.983527282135462
2003-03-10,0.9865644585413766,2.500662238606355,2.482607742176595,2.922531470701783
2003-03-11,0.9794138129668778,2.457660818218425,2.4941861583377416,2.9150729050294086
2003-03-12,0.984154848438172,2.447069611815798,2.487413523566947,2.9127128577514716
2003-03-13,0.9702437100429872,2.299914014894487,2.3320634259672866,2.742603632444567
2003-03-14,0.9672573390051794,2.3097618783128704,2.3331728688970546,2.747269742578336
2003-03-17,0.9773139187807373,2.329399021852378,2.4072546035791387,2.8216451478006506
2003-03-18,0.9609348454400652,2.279903108219649,2.3467385984283298,2.7544134452109788
2003-03-19,0.953763112826967,2.2461172040680615,2.314008406193492,2.724877747889501
2003-03-20,0.955592999321926,2.219517548480022,2.288506843597126,2.6954125025520916
2003-03-21,0.9572616607499872,2.1758025656833784,2.2618683124967482,2.66716986552551
2003-03-24,0.9635977363985051,2.2366498936536274,2.301470425621105,2.718569480583531
2003-03-25,0.9598311577965107,2.212012355392191,2.2684843832182713,2.679632458257163
2003-03-26,0.9462492145866678,2.2141908030602506,2.2576177795698573,2.6690640326103954
2003-03-27,0.9779198817217507,2.2404181281324496,2.292156720015263,2.7066772087540927
2003-03-28,0.9755561826982524,2.2346535272548467,2.281232006826235,2.694437628457043
2003-03-31,0.9625564985392968,2.255936802576677,2.2937716889761806,2.7126352054857414
2003-04-01,0.947548118699646,2.2136308560029656,2.2650893162381567,2.6593275517576287
2003-04-02,0.9553949579374676,2.175591103188664,2.2288154824887965,2.6139458980760026
2003-04-03,0.9712051302310227,2.184162968621921,2.2124855643816277,2.628141848536593
2003-04-04,0.9716733720578085,2.182034906315994,2.2125401638168714,2.622472865971991
2003-04-07,0.9708247279570417,2.1343784489626536,2.2095131560441312,2.5672812198997903
2003-04-08,0.9618721036494622,2.156900840950497,2.2188342833867774,2.578645331485667
2003-04-09,0.9619139410052873,2.1746965552126465,2.2415868369179597,2.5843457042483298
2003-04-10,0.9252418841145689,2.1032250133599137,2.2074369905572757,2.5054819990150983
2003-04-11,0.9154440407337817,2.096462345633838,2.1858159057540827,2.4773373639219125
2003-04-14,0.9094926638565073,2.1184402167571803,2.213908155163767,2.4845647120169354
2003-04-15,0.9145654815005332,2.1076369583037824,2.218565058552793,2.4682698480789087
2003-04-16,0.9257477057645117,2.106646748586412,2.226958509456796,2.490293250004366
2003-04-17,0.9393811911169283,2.0955081158448223,2.2141587443102857,2.474317633534954
2003-04-21,0.9340960765792534,2.1178070292045206,2.213846741289822,2.4704098047346705
2003-04-22,0.944117025823922,2.146240612053205,2.218109827631579,2.4873161036795355
2003-04-23,0.9258785752747001,2.1179602189403783,2.194351391593911,2.466797836686174
2003-04-24,0.9349719081933094,2.1542060959159053,2.2003865339056636,2.496259104148749
2003-04-25,0.9287888821740172,2.1492297079195026,2.1954131054821397,2.490659749159316
2003-04-28,0.9452046983819669,2.1655605222644683,2.1697112964710756,2.5228374054421288
2003-04-29,0.9385160674241845,2.1356235908088226,2.1215700617509383,2.4511701226981786
2003-04-30,0.9379859168026096,2.060570222268298,2.073927006998773,2.368428855657405
2003-05-01,0.9473158692477806,2.1099351503507817,2.1069856564558194,2.4055308805397972
2003-05-02,0.9379255873970679,2.110958939192395,2.0920062124121594,2.389963222009139
2003-05-05,0.9432024624894687,2.0793235021993675,2.0529032177324376,2.3454012433785074
2003-05-06,0.932066412931326,2.0974629858802825,2.07961065168021,2.3753722616415276
2003-05-07,0.9319566104546977,2.0955334984221974,2.103584707341752,2.4005716827955257
2003-05-08,0.9330086631463771,2.0799342955041418,2.0650046032945184,2.3576285502981684
2003-05-09,0.9448957555055857,2.0742336261488927,2.102554886196816,2.3973328169850463
2003-05-12,0.9592427336403061,2.0795104775204707,2.1042449316529934,2.3986219353422604
2003-05-13,0.9765655609342511,2.0405478573626876,2.084202894017859,2.374770925037449
2003-05-14,0.9961109845053021,2.0620954815514243,2.119761664484647,2.41315749598549
2003-05-15,0.9899798008370224,2.082067848476157,2.1753086739241523,2.4741631529846977
2003-05-16,0.9891699374075843,2.1086732280737652,2.1833271507761043,2.4843793953939994
2003-05-19,0.9955068388033571,2.1184410203745974,2.158725812509923,2.4591356997192744
2003-05-20,1.022951982967134,2.0906618604646696,2.1466342446631854,2.445522048189039
2003-05-21,1.0260488367301952,2.0814069005041658,2.148040934050626,2.4464849678737983
2003-05-22,1.0016954421957591,2.1033584457224324,2.1528223789813943,2.4535751644550476
2003-05-23,1.006810416605752,2.1036714681500412,2.1540624755941113,2.4555277518690666
2003-05-27,0.9881639945915834,2.1280341159090828,2.165713398495828,2.471465333946617
2003-05-28,0.9637425655156907,2.133639889022274,2.1557538886213803,2.460378577029125
2003-05-29,0.9802560622390325,2.1048805072143604,2.156556267114395,2.460459745343898
2003-05-30,0.9823567246947668,2.1333424174148536,2.181184475902519,2.4896086406701348
2003-06-02,0.991836451562222,2.1528520027647997,2.1826941551910872,2.4933058811655675
2003-06-03,0.9678680719467836,2.1673498144251524,2.20190168727429,2.5154189609554054
2003-06-04,0.9812563063533737,2.1437015288842107,2.1844069049219224,2.493577646095135
2003-06-05,0.9893399149289577,2.1111815963113485,2.153672785748212,2.458097038080413
2003-06-06,1.00545951645029,2.1292558863600353,2.1481012375636728,2.450402022519968
2003-06-09,0.9929374992529806,2.126150069356229,2.162204552087433,2.467862399594595
2003-06-10,1.0086805524368074,2.0917279526412593,2.1463467625414085,2.4486446920227403
2003-06-11,1.0050777982551302,2.1046464026513907,2.1287928470415785,2.4301027905765262
2003-06-12,0.9726288040958205,2.1135646574964597,2.1645187262837213,2.4705539432492123
2003-06-13,0.9739485107270733,2.1445504989662574,2.148900452474897,2.4537913741074804
2003-06-16,0.9742423472323056,2.152791169697594,2.1392623381810036,2.4423930856872844
2003-06-17,0.9633860903534509,2.159195714611813,2.1652605654871495,2.470683710281878
2003-06-18,0.9505048772540007,2.1638124179010303,2.202550844980637,2.510895823554386
2003-06-19,0.9639529389401151,2.1175885556651095,2.1612700485083876,2.462669892409911
2003-06-20,0.9615360716572174,2.179471176048936,2.2008392161925103,2.5090521831571775
2003-06-23,0.9526188389301374,2.173204608187962,2.174883716349726,2.4802951749081044
2003-06-24,0.9650284738794582,2.163947096002233,2.132138512067786,2.4322108844366053
2003-06-25,0.9799101171762378,2.1938163053690265,2.15098133772943,2.4529969843213406
2003-06-26,0.9601922737879425,2.230571900759715,2.1698543164441846,2.478455175292618
2003-06-27,0.9442995247615085,2.2582682557474363,2.202498263321076,2.5146577682830906
2003-06-30,0.9487220137406751,2.289830487929234,2.240724536470301,2.5594224764208167
2003-07-01,0.9420755722516383,2.296142782586561,2.280841044445977,2.6049129677786476
2003-07-02,0.9375703728563591,2.2972019718375902,2.2877254029967,2.6121420243593336
2003-07-03,0.9373975783303956,2.311647011590788,2.2806208790866163,2.5986554376020408
2003-07-07,0.9549136876863917,2.3049978675140004,2.2873663147532826,2.597140131240987
2003-07-08,0.9582620474741878,2.2797863994336116,2.2761335132533733,2.5785906269888597
2003-07-09,0.9547049461005224,2.270127450261724,2.2242703061818885,2.5390398670512595
2003-07-10,0.9393413371326798,2.3127202795711703,2.2606468261986863,2.5790639408187395
2003-07-11,0.9330197011503827,2.329425367804999,2.2686655875780075,2.598401591033633
2003-07-14,0.9300556461339052,2.3032050980889847,2.2305407946252305,2.55789333375941
2003-07-15,0.9186427822605887,2.292967341051421,2.2804912455490265,2.6197374971947767
2003-07-16,0.9167500242817567,2.2994148288057477,2.2922338190831253,2.6527861800126127
2003-07-17,0.9137428197510317,2.3055334481299643,2.2935015213788668,2.674054823435251
2003-07-18,0.9115770652079738,2.25195249012396,2.250547876010348,2.6493894484551337
2003-07-21,0.9174713658626388,2.26317642694168,2.2791360782828956,2.680324864824698
2003-07-22,0.9108546844200425,2.2844661019053736,2.312838128311972,2.711618888924237
2003-07-23,0.9027180919848685,2.3565385086375965,2.319589799734013,2.7507908514938615
2003-07-24,0.8974832571697114,2.372631777969825,2.3426330068868655,2.777279469310216
2003-07-25,0.8885262768462683,2.362747026674519,2.3583769163080732,2.790932833483608
2003-07-28,0.8750018048209924,2.380476015558913,2.3283059359251146,2.7771181448419204
2003-07-29,0.864965058001293,2.3856006607150064,2.3858747686990007,2.848607793387631
2003-07-30,0.8662596558826908,2.3861904904438886,2.394564671053708,2.844732699315208
2003-07-31,0.8577863625486418,2.3734426717614476,2.368160783888693,2.8457651913512874
2003-08-01,0.8439915350108729,2.3696012396142763,2.378561358102992,2.8575288186027987
2003-08-04,0.8577781183329536,2.3816139238235983,2.3868938487216065,2.867685895922936
2003-08-05,0.8530535407527081,2.394181082868683,2.3947338591703056,2.877547414282578
2003-08-06,0.8527494233957433,2.326732680742961,2.3388481630187092,2.80772307382018
2003-08-07,0.8254392658179587,2.3385448978490704,2.2951859264125867,2.7563740441923885
2003-08-08,0.8211766887000094,2.3640069260603345,2.308912710668917,2.772999708869548
2003-08-11,0.8138203491411307,2.4152122170397456,2.370626444873932,2.8477547464830124
2003-08-12,0.79743872368429,2.3884015782123886,2.404420389318764,2.8874011100408317
2003-08-13,0.8171553831192713,2.3931491883174103,2.3353694570131824,2.8056565391635506
2003-08-14,0.8127399332534042,2.44469604478911,2.362874223029668,2.8381956883582697
2003-08-15,0.8087249660188426,2.452071671143205,2.3669521982653494,2.844110753047841
2003-08-18,0.8177445752349103,2.460169908391811,2.4695812633195553,2.962591062259073
2003-08-19,0.8160236503291426,2.4836828862494134,2.426591234053319,2.91242184312206
2003-08-20,0.8228896204845059,2.4976943217125807,2.4592351967027226,2.9507220844405846
2003-08-21,0.8157263807070165,2.5184345146969993,2.4887974434894513,2.985675764656179
2003-08-22,0.8161941606058994,2.546558862763632,2.51291461486469,3.0147566985954026
2003-08-25,0.8445736822208303,2.5990437854367805,2.530035071010099,3.0366501918705544
2003-08-26,0.8569262089764321,2.6114881500874723,2.5476156165723207,3.0579038909583676
2003-08-27,0.8626589018642467,2.666174666706048,2.5746144596673224,3.0879986647335174
2003-08-28,0.8677973518009506,2.69679349320802,2.592751754266807,3.108526057542749
2003-08-29,0.8686926020546382,2.6754389240976857,2.614472203046244,3.1305859360324635
2003-09-02,0.8719102745010757,2.602393837268498,2.587946890332158,3.1004032338431107
2003-09-03,0.8969828269016983,2.6047403174892247,2.56672913272937,3.0738557004890463
2003-09-04,0.9009822377724279,2.60753653068495,2.5684302267755217,3.0750785194771373
2003-09-05,0.8920648105855575,2.636820285200023,2.5790812887588923,3.0896724147816794
2003-09-08,0.881288613307774,2.6587197468762334,2.5475129985257423,3.052079282438637
2003-09-09,0.8941731638429534,2.6785844352732355,2.5320841275688086,3.0335203080281534
2003-09-10,0.9091422276914711,2.6027556369953317,2.474351935636161,2.9627346024853862
2003-09-11,0.939111811062786,2.6307084266479728,2.4754489065428924,2.9574990519953435
2003-09-12,0.9481454650857639,2.573143784745854,2.5088493101968323,2.9929803180771017
2003-09-15,0.9623129745545053,2.599117032678564,2.554110381682222,3.0460392462682635
2003-09-16,0.9734841947317369,2.597594508489239,2.563614108109903,3.0586584013451157
2003-09-17,0.9840782126756326,2.610646717754809,2.5539428603019965,3.0439691146912433
2003-09-18,0.9888324447156557,2.6307003380376868,2.640543844619068,3.14404746336233
2003-09-19,0.9825439533382124,2.632312892688405,2.663703610951723,3.170204153886375
2003-09-22,0.970138918001365,2.603031239358768,2.6999459025394272,3.210163608704155
2003-09-23,0.9715817665348797,2.661460357010847,2.7337841725886673,3.250798671484649
2003-09-24,0.9563605031623587,2.6748854281863377,2.7316214049164596,3.2464571136366613
2003-09-25,0.9499075863137214,2.69875604496558,2.731078823433575,3.2483003019028205
2003-09-26,0.9504852562893265,2.673705927184161,2.7294164078166734,3.24741632354581
2003-09-29,0.9681485412295824,2.6539362180621078,2.781983659047552,3.3045269543729687
2003-09-30,0.9477677064527629,2.679725986166242,2.829075171810817,3.3585297740873985
2003-10-01,0.9470619136305078,2.6662176011965566,2.836621997573258,3.367488970108614
2003-10-02,0.9464332025173124,2.7208796743234944,2.880426381122012,3.4194912385000436
2003-10-03,0.9337107673901665,2.645320358420314,2.8802622445790775,3.419296384198555
2003-10-06,0.9413817910973039,2.7041597995879623,2.9549660687272783,3.507980849051191
2003-10-07,0.9430855343030826,2.7403194996018905,2.97451365762217,3.5311867221115
2003-10-08,0.9715298790044419,2.7108217211215826,2.906619835778617,3.450586735087399
2003-10-09,0.9634852450894268,2.7445840534433654,2.9576568841441584,3.511175244090323
2003-10-10,0.985266017787825,2.871631951584447,3.057361177079089,3.6295389552291693
2003-10-13,0.9812408575169747,2.9442879656281438,3.13457943280087,3.721208421466328
2003-10-14,0.9865674392545091,2.9675547533131774,3.145189310864953,3.7338039126475864
2003-10-15,1.0100530327431965,2.950046862560331,3.107105252338859,3.688592514324754
2003-10-16,1.0006280906311606,2.943407507707042,3.0951824778866484,3.674438421359509
2003-10-17,1.0114343886426225,2.960059549983845,3.08786444368267,3.6657508346856917
2003-10-20,0.9960793932337539,2.977458593951699,3.0966083804571483,3.6761311781606323
2003-10-21,0.9929629145974956,2.9341224617974926,3.0678672243152727,3.642011183893248
2003-10-22,1.0066144467386728,2.908179499805972,3.0641584494316874,3.6376083207257994
2003-10-23,1.0215091029431762,2.8711759997615456,3.05043570321146,3.6213173956128486
2003-10-24,1.0203393090169264,2.852460426779645,3.0404631253175998,3.6094784737932146
2003-10-27,1.0261654540437697,2.874610969571158,3.022960561029395,3.588700346767629
2003-10-28,1.0300035668104284,2.8467168327966186,3.0408816425447758,3.6099753155111176
2003-10-29,1.059612458700464,2.9189415739748705,3.1114042920999467,3.6936961090193967
2003-10-30,1.0598048171469274,2.9601824178075202,3.1213215290306056,3.7054693329478994
2003-10-31,1.0439351136821944,3.0079816384163762,3.169220244125511,3.7623321771698155
2003-11-03,1.0222082992375516,3.0528565890582984,3.246601467066827,3.854195109549006
2003-11-04,1.0286845609014954,3.0157684509917395,3.175372822863793,3.7696361961954783
2003-11-05,1.0066376684939755,3.0165896353913673,3.198914486901817,3.7975836259389792
2003-11-06,0.9908094586481272,3.045412008052294,3.2479585510435354,3.855806168522315
2003-11-07,0.9918497221457291,3.031945827654739,3.213907221827382,3.8153822150836714
2003-11-10,0.9848886978728536,3.0575244074255763,3.252491024204109,3.861186883114743
2003-11-11,0.9799587699464918,3.0748334863332234,3.270104205890225,3.8820963293177466
2003-11-12,0.9700170543797172,3.1307971621245563,3.2558803807015626,3.865210549514674
2003-11-13,0.9697961524358326,3.130587055907859,3.267683112189242,3.879222133763797
2003-11-14,0.9804431328878604,3.1144473571554743,3.207670734694132,3.807978584409083
2003-11-17,0.9710366049958957,3.1342536558195433,3.248060624957114,3.855927345322891
2003-11-18,0.9643941506589426,3.2080391100857675,3.315084574065529,3.9354946650252693
2003-11-19,0.9775789982817144,3.182351151184453,3.284801141752672,3.8995437613173305
2003-11-20,0.9633588656092742,3.2440565072642125,3.34581200579274,3.9719726615682243
2003-11-21,0.9558462967208423,3.2306311981387847,3.3140127523418412,3.934222254448347
2003-11-24,0.972102064760702,3.2567873737988227,3.279451940888718,3.893193470399587
2003-11-25,0.9749222454644835,3.2307699133813927,3.277477857521068,3.8908499420858664
2003-11-26,0.9767917914775406,3.216357464481756,3.2341855390435397,3.8394555705100175
2003-11-28,0.9647642785584405,3.2148148036223327,3.2410310966554947,3.8491180399641625
2003-12-01,0.9688110885080288,3.053282213045414,3.0426379187731105,3.7494904387415784
2003-12-02,0.9918309437549188,3.0500109967891387,3.0439718229940427,3.7511342298386796
2003-12-03,0.9946346442086794,2.9882433370235475,2.989535939780709,3.684197005249609
2003-12-04,0.9997473241442822,2.955717186440238,2.9570347438952322,3.634877426730191
2003-12-05,0.9886967489248148,2.956238158799198,2.935042040293016,3.616458262030294
2003-12-08,1.0003661655409013,2.9769072418497724,2.926273243493293,3.6047857318109666
2003-12-09,0.9843151079714388,3.0401342900119714,2.984824481748999,3.7079782260122154
2003-12-10,0.9722593418907695,3.031460968403879,2.968951677363497,3.7209473852465336
2003-12-11,0.9827943939104137,2.9244457972747906,2.872060452207726,3.633581710940766
2003-12-12,0.9829699205534251,2.9626576943662783,2.899931270898893,3.658990898232791
2003-12-15,0.9521752543851678,3.0884512040931282,3.012616405218489,3.7768453170597414
2003-12-16,0.9488857847009943,3.109802269755025,3.037815788120592,3.7841112773660837
2003-12-17,0.9464084561245705,3.12683742484648,3.048048383991242,3.805694100202645
2003-12-18,0.9579197861499406,3.124346993684639,3.0448121558687027,3.7496212474749644
2003-12-19,0.9621976658845475,3.148608839431737,3.063160957512359,3.7551945736696415
2003-12-22,0.9588138814150834,3.1546538096664967,3.0854716379740226,3.821561681288522
2003-12-23,0.9121097702299454,3.2745646449153063,3.1815102625780076,3.9978349897113885
2003-12-24,0.9160585029883841,3.525874556172233,3.4629555883169614,4.2738401780398725
2003-12-26,0.9197360033549872,3.5176807543447115,3.492781586575848,4.330148631624369
2003-12-29,0.9398712954738146,3.366794597738853,3.29662505528995,4.127400851878839
2003-12-30,0.9619613839525717,3.179757038270232,3.0997684753190295,3.9629839187616107
2003-12-31,0.9644449075488417,3.158700921158291,3.0776342301122113,3.8429808092363618
2004-01-02,0.9760938995595834,3.1416721981710647,2.977819990120798,3.70611681972644
2004-01-05,0.9398373754386089,3.2445877428069503,3.05157539451983,3.6837451127534506
2004-01-06,0.9170454513156281,3.25290882934614,2.9935150938647497,3.584910801968997
2004-01-07,0.9064504291870169,3.255025937235327,2.9590642451417435,3.586984012183775
2004-01-08,0.9085091286722193,3.3321897790339334,3.0280654512878713,3.6235392773305275
2004-01-09,0.9040839108608345,3.397613051963885,3.014234990459994,3.577625865997917
2004-01-12,0.930314605518837,3.369200196830851,2.874496600915771,3.5102598187989495
2004-01-13,0.9507370326543896,3.3419216139489105,2.879364173190805,3.6502228623447928
2004-01-14,0.9329799049654481,3.3392196084986883,2.9390456541872694,3.699929762160339
2004-01-15,0.947174318077816,3.241459928952403,2.9144149459757935,3.770228281843738
2004-01-16,0.9324293491467515,3.2325735510842826,2.8748005072572003,3.7108597736715767
2004-01-20,0.9055898709668654,3.2295569878902963,2.8912177196384143,3.628869064431567
2004-01-21,0.9205624548092871,3.308605720775135,2.9508366565842628,3.7169237643096285
2004-01-22,0.9153428453427443,3.2694699827783267,2.874504531530742,3.7191060259665942
2004-01-23,0.9183520490649276,3.251871431501607,2.919852052074172,3.7580223369506216
2004-01-26,0.9335194990527355,3.1787629252659646,2.851740307858666,3.7797411977136997
2004-01-27,0.9313816032677366,3.1777591792927673,2.8294924299094,3.748177090367417
2004-01-28,0.9443473655896681,3.14593946196968,2.8666939518932155,3.7390848346828984
2004-01-29,0.9519589893311643,3.1181626619147274,2.881039631554643,3.7579975305377435
2004-01-30,0.9627090287329128,3.061241590498149,2.8147028235409413,3.763104785505882
2004-02-02,0.9629365201713842,3.0721151620614138,2.8894337971255815,3.815436242682963
2004-02-03,0.9480017026448241,3.154872258521257,2.881701071439967,3.801173669135017
2004-02-04,0.9581553314805026,3.144325115819449,2.910766333091037,3.830065711457436
2004-02-05,0.9477059148942347,3.2116292479035438,2.909572742715754,3.9035188135857726
2004-02-06,0.9597709706432269,3.2079275526991173,2.9185195611273236,3.902651371731716
2004-02-09,0.9518792516194208,3.274445831756534,2.931418025823625,3.9159826989293745
2004-02-10,0.927335053788137,3.3165124164963213,2.95810227121209,3.9133758977420725
2004-02-11,0.9214544998217087,3.359304472498815,2.9352239003455733,3.941353275632523
2004-02-12,0.9261921570256124,3.3404214732310176,2.9170074032521467,3.8417288208728855
2004-02-13,0.9304922508017022,3.3729840696038282,2.9644619144033606,3.87245950526906
2004-02-17,0.9081745379220262,3.414880247401228,2.9620034304607894,3.951323362219761
2004-02-18,0.9245453812550593,3.436588563941745,3.045479947262318,4.047207938594599
2004-02-19,0.9366984536737982,3.4826646609318277,3.078012435285057,4.11556405675552
2004-02-20,0.9379265551979911,3.466792895292328,3.0866496440551083,4.155600053526013
2004-02-23,0.9429002822137749,3.527804176599054,3.087464276092741,4.159951237777911
2004-02-24,0.9234128909581301,3.5933494371789765,3.06081196400546,4.132744243984024
2004-02-25,0.9205756735269482,3.608288306220117,3.0799445287360725,4.126182430358189
2004-02-26,0.9175817948959571,3.651793862943193,3.0081300022333735,3.968774883644281
2004-02-27,0.902907306844938,3.6727825202065665,3.0544699382709894,4.093521423939841
2004-03-01,0.8779677123165618,3.7860394185945014,3.0718425175366018,4.131984623034881
2004-03-02,0.8929276091994587,3.6486254394483106,3.0911587422109577,4.1596003820561664
2004-03-03,0.8964595067772945,3.6553837200419124,3.1920530473696465,4.315123594550658
2004-03-04,0.9069627984860186,3.6453224824252977,3.171198771857201,4.27999087295416
2004-03-05,0.8988591880384518,3.6592271872427315,3.162488601433972,4.277651219565222
2004-03-08,0.9226340969148343,3.6182961551905826,3.177500766171776,4.309161058030525
2004-03-09,0.9208381426142624,3.799564898147754,3.2077224261399775,4.350146099365673
2004-03-10,0.9399229268783277,3.6913090385971463,3.229647621304754,4.39402672378928
2004-03-11,0.9291172696665196,3.803044016643847,3.1703102219350026,4.32413110399138
2004-03-12,0.9389198637074956,3.8087263013316397,3.1805735676650766,4.3202120803003705
2004-03-15,0.919926365572882,3.9227215710870493,3.136287758528829,4.245932088624156
2004-03-16,0.9197513347388228,3.979545436705265,3.130281828152364,4.210334264699165
2004-03-17,0.9270143568836845,4.011318845117722,3.1007875751953784,4.099619275578999
2004-03-18,0.9184838327966991,4.057040330424695,3.0594928822233434,4.041214960191593
2004-03-19,0.9126320209106898,4.043498601905754,3.0789449893729977,4.084869764010657
2004-03-22,0.9200063646304751,4.180590000289642,2.986298639602933,3.872118423850771
2004-03-23,0.9037418413571178,4.276887316397744,3.0732471898804117,4.015374167901384
2004-03-24,0.912281351898922,4.195011394607336,3.0622503226988913,3.998117370205355
2004-03-25,0.9016971534379893,4.091994925849375,3.1602992634777727,4.150521884189704
2004-03-26,0.8832573211157404,4.034362521356008,3.1831355408573403,4.185074509155341
2004-03-29,0.899283677701808,3.9604018428243126,3.1533107245811576,4.145861891051094
2004-03-30,0.9055149360417455,4.076313809675908,3.0417765888108583,3.9672122446785245
2004-03-31,0.9150263284641172,4.076397358501309,2.937061393179431,3.849288470356241
2004-04-01,0.9236027301732367,4.116684677215351,2.9971124813834895,3.8781075066482398
2004-04-02,0.9364196952003092,4.08107525244521,3.003498913299856,3.8626768007221393
2004-04-05,0.9329498367142491,4.0793786992427306,3.009786542987878,3.8957250221153075
2004-04-06,0.9407816441111401,4.045323603602897,2.9887491658570315,3.843104061156855
2004-04-07,0.9459613449426902,4.039168011702222,2.989744570833478,3.84993798304254
2004-04-08,0.9445035573112515,4.015191555463237,2.9563028095930486,3.827065829087336
2004-04-12,0.9429657656139437,4.106588122998977,3.0688247493484524,4.003272064277162
2004-04-13,0.9534063991529381,4.111535386303215,3.1955958395339956,4.325187828606181
2004-04-14,0.9608821631865229,4.065027887903971,3.1194001541071326,4.294495760337535
2004-04-15,0.9433720196422334,3.97110276164503,3.1301029709473474,4.333998164109547
2004-04-16,0.952211773363921,3.90967033677043,3.103755235507726,4.269544275615585
2004-04-19,0.9370793398058079,3.9692839150064354,3.127924440513278,4.268716104088203
2004-04-20,0.9546625840970241,3.8967638834253906,3.098288992404699,4.282340452287158
2004-04-21,0.9708986138870928,3.750929427054934,3.017851786560209,4.392509898861715
2004-04-22,0.975026452253538,3.7276842040035523,3.0110741299723793,4.438901521702402
2004-04-23,0.969583274111824,3.7971885937123178,3.072454916817669,4.510836500147892
2004-04-26,0.9633904143316185,3.8049657682426674,3.0099040787855644,4.42484803853597
2004-04-27,0.9573414006712667,3.852107185194921,3.0011485386818486,4.3751367368520135
2004-04-28,0.9842481195772362,3.871503379516593,3.0116250352251925,4.50552540929622
2004-04-29,0.985887485095845,3.885561528356978,2.990955480876675,4.469730780661281
2004-04-30,0.9845929352921275,3.958651806887777,3.0379663400471117,4.447368519262989
2004-05-03,1.002130776477974,3.947689751673441,3.043857654379318,4.474139339929369
2004-05-04,0.9940150472378148,4.008775238970254,3.030827772636879,4.448739427524596
2004-05-05,1.0088286797731643,4.004074853033742,3.0719761524809472,4.489389174226881
2004-05-06,1.0136037458220029,3.973198987382154,3.061567116220519,4.558022458875214
2004-05-07,1.0317356099984576,4.003048955543117,3.076493975401995,4.652309139833775
2004-05-10,1.0247780300234355,4.016455859754384,3.1720074147850466,4.741141044044716
2004-05-11,1.04515012007142,4.013009182689812,3.196878581120003,4.8580483165895
2004-05-12,1.029086332664685,3.941027386175937,3.1695791105487015,4.801762009055779
2004-05-13,1.0386380753992466,3.9806874203088727,3.2029128700460436,4.834630237581128
2004-05-14,1.0221465860019516,3.9039989980378724,3.212622270300157,4.809967719368273
2004-05-17,0.997618645130001,3.9050917344393348,3.190254847316863,4.794303182455218
2004-05-18,0.9848941484846295,3.829611289212915,3.1316464911548607,4.704535018363744
2004-05-19,0.9964941516042338,3.914252231941668,3.156289527661611,4.659621238535348
2004-05-20,0.9636499917172661,3.9191415675986514,3.109079611148986,4.636207438249188
2004-05-21,0.967558379901937,3.886536697135009,3.121058459091862,4.625158975024514
2004-05-24,0.992862355981133,3.7987097859890695,3.020431690411564,4.435977130393039
2004-05-25,0.9952236473044788,3.7963816689576064,2.972424108164997,4.339411239968367
2004-05-26,0.9921503650583858,3.7378942622235365,2.9359412981067328,4.29471493290918
2004-05-27,0.9421690668810955,3.6962838405814966,2.8957802366318925,4.196214496993414
2004-05-28,0.9457268299490906,3.6322563901198364,2.8210042406097133,4.109228356954941
2004-06-01,1.0006459255901072,3.7119315594656004,2.8399047183258017,4.072056101522437
2004-06-02,0.9647060819817864,3.6130205626591207,2.85927881219627,4.134482225113059
2004-06-03,0.9228803027479989,3.535906831632225,2.870047496549546,4.170024448100662
2004-06-04,0.9450191462155647,3.5635262982422753,2.903567491983114,4.2191113953844495
2004-06-07,0.9473410145930966,3.6364868140898943,3.042154831657778,4.3569432046212535
2004-06-08,0.939401581492878,3.5995577319143512,3.0304847902341603,4.352771887318896
2004-06-09,0.9447548858279836,3.567546701256237,2.9767997811307705,4.344881902730448
2004-06-10,0.9698695058409496,3.575695970647194,3.044902688213143,4.456676951010186
2004-06-11,0.9698695058409496,3.575695970647194,3.044902688213143,4.456676951010186
2004-06-14,0.9939304584114604,3.588139113420407,3.075445067649759,4.503258163597313
2004-06-15,0.9966275864160785,3.5117117884198343,3.121992550431074,4.452612806486859
2004-06-16,0.9732606836083283,3.4330967215368955,3.0896828532884113,4.318161311298507
2004-06-17,0.9897356927894227,3.4727881534031706,3.140548394234712,4.354353046721661
2004-06-18,1.003382492847786,3.56110505988631,3.2670645677962122,4.502755124572858
2004-06-21,0.9985092565758579,3.5636787813071336,3.309595404274428,4.532256507329064
2004-06-22,1.003095854565805,3.530614807462228,3.387422811720438,4.575502596920422
2004-06-23,1.009373412478045,3.5829490969635445,3.387411692877717,4.555975677090616
2004-06-24,1.0291815835479914,3.645504785261784,3.4293225616828154,4.570594189272275
2004-06-25,1.0289228762771216,3.6875487191427467,3.3910440667211903,4.559747380261429
2004-06-28,0.9813805579854383,3.5488932843541736,3.3251718032600195,4.490096964087664
2004-06-29,0.9751341134807331,3.579621304791377,3.3512142352193024,4.577729804007787
2004-06-30,0.979989745658574,3.527745676156565,3.4777462354390103,4.719407326076894
2004-07-01,1.007807169191965,3.619779731301778,3.5768058047288616,4.801867630816615
2004-07-02,1.0063107253604737,3.631693918737885,3.6276937156593942,4.849796726133798
2004-07-06,1.0526034145912502,3.6869351630175404,3.71132257741956,4.972594986317716
2004-07-07,1.0608901092797434,3.7132904772499744,3.6535291959967697,4.846468457573776
2004-07-08,1.074593994219249,3.8173432601280854,3.8009580965081575,4.943678129369191
2004-07-09,1.0675262643766914,3.7904911625303157,3.801523912785838,4.931785804387669
2004-07-12,1.072982587168302,3.7532873538867193,3.7217750780255656,4.807869502362813
2004-07-13,1.0742158467339185,3.6818790901769303,3.6923243737754134,4.814014318695591
2004-07-14,1.0938899646809093,3.718909238995067,3.65342303014405,4.696874324874038
2004-07-15,1.08216647408248,3.647048189912871,3.5871317798660067,4.596272916372089
2004-07-16,1.0898832495067896,3.5738022910719947,3.5541419431672012,4.537419116938148
2004-07-19,1.0873620966210453,3.585738905025964,3.5514767937367964,4.567817434521544
2004-07-20,1.0641954255109767,3.5731661281631175,3.5850072696247306,4.607615080314388
2004-07-21,1.082963954338173,3.5638163999178194,3.6087816968517314,4.694587910516708
2004-07-22,1.1245567720835106,3.462727532133061,3.5683753930607844,4.635859959800736
2004-07-23,1.1270072014342896,3.4848564854482524,3.541672065906741,4.625415260573397
2004-07-26,1.1048100420066889,3.5297415061413333,3.615565578269568,4.751102557737009
2004-07-27,1.1042668401726052,3.5977610378721,3.687502636560785,4.845023728998656
2004-07-28,1.129461786341497,3.5022309738231936,3.583485733899405,4.669235643707927
2004-07-29,1.1250824675009077,3.5252403473314633,3.6027062838761648,4.70102491316754
2004-07-30,1.1380176321602447,3.52809295838078,3.638529065348104,4.687014650090621
2004-08-02,1.1507852281459785,3.5320365683788117,3.5879242465325376,4.604653798145186
2004-08-03,1.1377597162343598,3.5391837667372297,3.527342383606992,4.5087922813460395
2004-08-04,1.1436131359362283,3.511013452683419,3.5160596683730923,4.480320630549978
2004-08-05,1.1410408152210822,3.5629203239899394,3.5699156559850884,4.545482900173894
2004-08-06,1.1368189539652473,3.5383358402754923,3.6148964556403835,4.595472381061157
2004-08-09,1.1649998862511015,3.5499183258166735,3.6380391638134557,4.635215128827754
2004-08-10,1.1689683931592934,3.570084984482786,3.628856034743365,4.627648091067987
2004-08-11,1.1510977181867166,3.5577385175230964,3.6824141698354063,4.749709057492409
2004-08-12,1.1668841085225632,3.800808813077684,3.9260542327252135,5.055221615559926
2004-08-13,1.186818708045415,3.7938503725563657,3.9547393054445634,5.071160632927207
2004-08-16,1.2322950370914825,3.663908393996976,3.8422337632060968,4.892254308981065
2004-08-17,1.2315382122701626,3.662743428886824,3.80390795140255,4.845490633672998
2004-08-18,1.2177560639639642,3.698999343652159,3.82576125766868,4.842479729712715
2004-08-19,1.2550543883366658,3.6450871479576636,3.634104815708649,4.604143587239845
2004-08-20,1.2313843661132446,3.5474864777372344,3.508062471055822,4.430675525678601
2004-08-23,1.2702859365779469,3.5402245194692394,3.4663123825285482,4.410191798878623
2004-08-24,1.2450611113245296,3.533815354860258,3.493273520763382,4.488432984352795
2004-08-25,1.228797024485656,3.5483974336531254,3.53640325008136,4.534022703256997
2004-08-26,1.2386481060588932,3.561365330463182,3.53908783058805,4.51963854663352
2004-08-27,1.238626835840991,3.579120625693192,3.534583427901284,4.538250560550514
2004-08-30,1.2109395585823297,3.5770011753999484,3.521476221057319,4.489182093004569
2004-08-31,1.1847905472996914,3.5103037542607853,3.462774328526213,4.3935311638233125
2004-09-01,1.2019832899586946,3.4482327831367363,3.4502539828851284,4.410922502500235
2004-09-02,1.2026803882452544,3.455012975997639,3.4885992783776247,4.42735839339525
2004-09-03,1.227157739762064,3.5389125342736683,3.578095373622323,4.516151867911999
2004-09-07,1.2125631677244906,3.3678621375209086,3.5095923582232693,4.403926378977243
2004-09-08,1.219824009341669,3.3416668788763997,3.481138878463327,4.354663955608829
2004-09-09,1.245291885317038,3.287157000660762,3.4283259555559655,4.287158290069885
2004-09-10,1.2811399862833697,3.200022733247647,3.3725640640330514,4.193294437833293
2004-09-13,1.3012250384729465,3.1911251279478114,3.388530822144229,4.203241366650492
2004-09-14,1.3194580131588336,3.1733260511079324,3.3788682622290978,4.176958880778231
2004-09-15,1.3307783123977983,3.1332876697228054,3.336462441001309,4.127410834567233
2004-09-16,1.3833080135177542,3.1282301458963935,3.3674994772709317,4.153054989448843
2004-09-17,1.3537080807916577,3.0991554717824727,3.333456261735774,4.105308858297846
2004-09-20,1.3658596774574898,3.1107322990549573,3.3456586870439864,4.10603250945582
2004-09-21,1.356031666133028,3.009802607982805,3.220764229165386,3.9527530651758984
2004-09-22,1.3419083443404047,3.021915395355777,3.2157218930051976,3.9326302486328815
2004-09-23,1.3370885809838011,3.0510425814113766,3.2615598383795716,3.9746588312475195
2004-09-24,1.3754935782207942,3.043137844121693,3.319743621362856,4.031214816947848
2004-09-27,1.343993051432263,3.002280922770712,3.2551640501935974,3.967525251352221
2004-09-28,1.306778520510271,3.0809342938268958,3.3505272572556413,4.0880547336414095
2004-09-29,1.3007261304629956,2.9688145354104156,3.259597521254873,3.9697566721704667
2004-09-30,1.296762102648006,3.0198852555789872,3.309435773111404,4.0199999867426515
2004-10-01,1.3094420851459758,3.0505032408488577,3.336487530388799,4.0374182467634725
2004-10-04,1.3151157905630007,3.045634910322493,3.274880118575969,3.9813016854157417
2004-10-05,1.2910070377814176,3.0674284885965437,3.3170009579237423,4.066217920724932
2004-10-06,1.2952748490994717,3.1058990347254767,3.346710671532363,4.093045570294169
2004-10-07,1.297223654361814,3.059959208736006,3.35796991038332,4.089750214502528
2004-10-08,1.3123057794757194,3.128328655453272,3.3662955050757533,4.078795372636739
2004-10-11,1.318752557302091,3.218954106672254,3.393478431069176,4.077040413279861
2004-10-12,1.355803991395134,3.089357085111024,3.2944478356177296,4.0369559445798
2004-10-13,1.345856551408085,3.0534528217565184,3.2425033606497617,3.9992819753021096
2004-10-14,1.360995187464355,3.1293847959097807,3.2590096449832155,4.023825707035767
2004-10-15,1.3661885828206053,3.0909609422237057,3.286565213937953,4.055737087166157
2004-10-18,1.3548762049517458,3.0905354002745136,3.2753677621647848,4.027045345776938
2004-10-19,1.3406481591710204,3.1121563215492425,3.2680297103218257,3.9898000689468276
2004-10-20,1.3223340188427477,3.1133506018123245,3.283071872161122,3.991879410828584
2004-10-21,1.3008957280346607,3.137127222178201,3.3786426778904652,4.107075679635188
2004-10-22,1.2903869617393433,3.1841441948159686,3.427131969863375,4.187785434587643
2004-10-25,1.2802658469240256,3.223846041125516,3.4826316637603068,4.234182412861566
2004-10-26,1.2692648264016708,3.169880719879419,3.39878543795694,4.151488483247095
2004-10-27,1.277854444039424,3.0999787457331376,3.3570721321242765,4.114322630945826
2004-10-28,1.2940636580026563,3.049712596543979,3.359730554695871,4.116520894854587
2004-10-29,1.3132101799863949,3.089514632905574,3.3618019364522813,4.13659937358053
2004-11-01,1.3424753291439002,3.0491772540950106,3.3992844872209065,4.182720560658351
2004-11-02,1.3291223807324488,3.036776140426747,3.361286915865369,4.13596565574781
2004-11-03,1.3305000636862403,3.0064846992826384,3.398662027345658,4.181954641910398
2004-11-04,1.3644041541984564,3.030467526518631,3.4791115476353833,4.280945433612578
2004-11-05,1.3501119081619266,3.0961586670994796,3.570574989927242,4.393488535568576
2004-11-08,1.326405409662085,3.1872667070894924,3.651707028009238,4.493319145536475
2004-11-09,1.3376051812193623,3.183113728364538,3.6461928559187404,4.4865341173740365
2004-11-10,1.3135067928101416,3.1971877145356125,3.645498411235916,4.485679623416849
2004-11-11,1.3381421103959843,3.208042822620295,3.681406857673523,4.529863920959615
2004-11-12,1.333267928649871,3.2679655027697847,3.741654541401346,4.603996941131289
2004-11-15,1.266764249160015,3.1893332080940477,3.769832484274568,4.638669079181505
2004-11-16,1.2966288821902798,3.2409942066698316,3.6246254183932183,4.4599960136296
2004-11-17,1.3025833614813103,3.219274421194299,3.6333607049679713,4.470744529353076
2004-11-18,1.306105582935287,3.248277616527238,3.601960210532999,4.432107135459818
2004-11-19,1.304345062123511,3.2832342138981487,3.655907452918779,4.4984876460543575
2004-11-22,1.2964827220439707,3.291768114653441,3.6396667185942224,4.478503895463642
2004-11-23,1.2778078946928344,3.3388679182399903,3.6566687640713953,4.499424417255203
2004-11-24,1.2495880535276642,3.238257884669339,3.5539905025452585,4.373081806852169
2004-11-26,1.2494791672844292,3.2391855977889605,3.5541262374897338,4.373248824748197
2004-11-29,1.2711992035440431,3.2258696459905973,3.679131251354106,4.527063853658401
2004-11-30,1.2399552813581323,3.205494340726343,3.6833055663316627,4.532200226665406
2004-12-01,1.2721209899629662,3.1511646293932385,3.661231017756674,4.50503813754372
2004-12-02,1.3112688182474321,3.114632950429858,3.6207140153299204,4.455183146076037
2004-12-03,1.319267012586952,3.1264472498971707,3.5921650169229236,4.420054434998144
2004-12-06,1.3056853764326783,3.1440107162255972,3.5366443394555525,4.351737858360479
2004-12-07,1.325641494621414,3.1084238028394275,3.5417746256096674,4.358050526058504
2004-12-08,1.3252220298828523,3.0075058375230252,3.386848054285539,4.167417892130438
2004-12-09,1.323470274498243,2.961073333766433,3.31257884735855,4.076031796025467
2004-12-10,1.3439542177514745,2.930843934517082,3.280220336962315,4.036215591393162
2004-12-13,1.3340897349218128,2.9807140445415135,3.2362495160540337,3.982110776873076
2004-12-14,1.3333529989627297,2.978549422519075,3.2640240291617024,4.01628650634628
2004-12-15,1.3121826108748393,2.9995810671945184,3.3837990704850194,4.163666206362598
2004-12-16,1.3198624187676287,3.0164534923840596,3.4154388304539793,4.202598009527052
2004-12-17,1.282871945513258,2.9820862080876274,3.4291966171709545,4.219526565400082
2004-12-20,1.2947712351054368,2.98533714542128,3.4565981989089085,4.2532434136841175
2004-12-21,1.3089557025560083,3.0073947097803235,3.4784377305093677,4.280116321263286
2004-12-22,1.322550914950285,3.0088904417487536,3.4264282013592826,4.216120110371248
2004-12-23,1.33292194847821,3.0107147591806145,3.4437375370904686,4.237418743870841
2004-12-27,1.3479026098511826,3.0419262305658252,3.4920484861374446,4.296863959663565
2004-12-28,1.336467744792614,3.0326664605892595,3.513109338276944,4.322778724844307
2004-12-29,1.3150467985306011,2.9886632602048895,3.4986881135828933,4.305033827862474
2004-12-30,1.3216293305008662,3.0441864422280824,3.4694296714506594,4.270754180473682
2005-01-03,1.3533382090852089,2.979181576161186,3.472396160369849,4.249603818900704
2005-01-04,1.3380453396525933,2.962183105478956,3.4667633805611904,4.256965337094048
2005-01-05,1.342518582982061,3.0317339761071938,3.467031359353124,4.300543605399491
2005-01-06,1.3104300123501766,3.0844408814987747,3.4735702660799816,4.315819043222395
2005-01-07,1.3264382603558988,3.1736562811552176,3.4771187885004764,4.348491375572683
2005-01-10,1.3074101034284749,3.1986325217734835,3.452707635662388,4.343366038815057
2005-01-11,1.3131902878064068,3.2010987180687356,3.5177206175920057,4.3869018435812075
2005-01-12,1.2965003896636231,3.194561822743855,3.5935700600429485,4.496305574507231
2005-01-13,1.2639896224048193,3.167768457572563,3.5799054019047025,4.467241327594554
2005-01-14,1.2809357912995825,3.1036820234087767,3.58906726135789,4.474426936932358
2005-01-18,1.258596446092024,3.1178034911676393,3.6743738925495686,4.601709932066295
2005-01-19,1.2507681823114827,3.1400019469327067,3.62691485423073,4.591531516794531
2005-01-20,1.2704661400077568,3.153459232636571,3.596664954987221,4.538684164080936
2005-01-21,1.2740733096974635,3.1640791438663,3.6714495276777592,4.609780563330011
2005-01-24,1.2563763867555664,3.1334134033121703,3.659406917094962,4.573853900410131
2005-01-25,1.248141572906773,3.124922715756586,3.6376061807909745,4.560000404551966
2005-01-26,1.2498000923007926,3.1098979215401714,3.629806772667825,4.550223286736234
2005-01-27,1.2770848407696367,3.0714083847512215,3.6790190292814837,4.498304194622901
2005-01-28,1.2829139888260905,3.036910985363877,3.706744845743103,4.5112821597965675
2005-01-31,1.2842485024386041,3.0311256161128313,3.681486238245737,4.495803811818176
2005-02-01,1.2815116724815767,3.01438273346994,3.7023130265308715,4.521237331896972
2005-02-02,1.2769754848517576,3.0045945805503487,3.690321107712891,4.506592889179028
2005-02-03,1.279084662560517,2.99329734882645,3.7028571625313345,4.521901826763099
2005-02-04,1.2999465204936629,2.941925355492176,3.716987784820298,4.539158038368647
2005-02-07,1.3150733469635785,2.9533275119521987,3.755798334537413,4.586553195124716
2005-02-08,1.2997683814645271,2.940624717107118,3.704183258681365,4.523521245590259
2005-02-09,1.312651366946165,2.9308441991911485,3.6757919090509747,4.488849939049726
2005-02-10,1.321048817004511,2.9781739350086855,3.7321632956453152,4.557690260139471
2005-02-11,1.346773983011947,3.0385137595654066,3.7204667749989766,4.543406555487657
2005-02-14,1.358918484442868,3.086635889172948,3.7297526468569284,4.554746393638166
2005-02-15,1.3552349206430754,3.013712698083776,3.721872675304361,4.545123430560099
2005-02-16,1.3610452638717934,3.0414899889811355,3.7505493025275554,4.580143115990611
2005-02-17,1.370953336915667,3.137792905760081,3.772728381082648,4.607228042962419
2005-02-18,1.3751249820190872,3.154626943078238,3.8070650901478738,4.649159778547092
2005-02-22,1.372659247575729,3.2345140793612503,3.681247255400612,4.495511967732243
2005-02-23,1.3873133251965917,3.1880934714611255,3.7374566050724374,4.564154410528615
2005-02-24,1.3677340821544288,3.169381418974535,3.734069823036452,4.560018497312643
2005-02-25,1.3740143113421055,3.2508038014248557,3.625567735194771,4.427516548767725
2005-02-28,1.3852399559404758,3.3450222111596877,3.6983589684411635,4.516408665352689
2005-03-01,1.3634516132854242,3.360819305029158,3.7570276127800524,4.588054380638227
2005-03-02,1.3530532591906146,3.379910013175865,3.7640664375886197,4.5966501415231455
2005-03-03,1.3510548309589874,3.339886951873949,3.7579660463839186,4.589200388826326
2005-03-04,1.365482872368952,3.346531949723276,3.7903174947075517,4.6287077386515785
2005-03-07,1.3821781624130738,3.28417284126621,3.8440692299418946,4.694348960842742
2005-03-08,1.390949099931875,3.2957828916171628,3.8653099831781503,4.72028801186333
2005-03-09,1.3832118898130399,3.3051069080591873,3.842287969540306,4.692173698792294
2005-03-10,1.3771170226153324,3.255307046777408,3.799888853919609,4.640396211851019
2005-03-11,1.3793231349824047,3.331072876378695,3.803802883029194,4.645175995300332
2005-03-14,1.3516109944030907,3.263206819876022,3.759420649536567,4.590976739456248
2005-03-15,1.3488737370540096,3.3257538624383605,3.7720992352844624,4.606459734758985
2005-03-16,1.3633889139585493,3.2977130748501433,3.801262208435458,4.642073342245584
2005-03-17,1.3524508527171613,3.324179160063505,3.8233827207933664,4.669086748609814
2005-03-18,1.3554621968808107,3.277596229926482,3.8321109816061445,4.67974563626909
2005-03-21,1.3482320688628087,3.183142343284821,3.806097557988472,4.647978235417824
2005-03-22,1.3554283130165892,3.1932149857260135,3.7863845003312817,4.623904794958619
2005-03-23,1.311328942869796,3.2126609551525904,3.6946582712228397,4.5118894012338435
2005-03-24,1.3096446676097733,3.249377970270364,3.6734829811343395,4.486030293325946
2005-03-28,1.3155874431871837,3.19495652466112,3.634924531952964,4.438942999882734
2005-03-29,1.2945614005734687,3.1853389323582544,3.619380548548436,4.419960802118437
2005-03-30,1.2625041518834856,3.296918583115827,3.699883077480468,4.518269896058197
2005-03-31,1.2951080443323904,3.1461871261185657,3.6472438303013397,4.455794544024406
2005-04-01,1.3011273173836357,3.0520532640518296,3.6343036525099315,4.401640996125628
2005-04-04,1.298065720569378,3.0798892889150262,3.658022976346058,4.433235874365884
2005-04-05,1.308404777275235,3.070934448423525,3.638479440938315,4.416759161607237
2005-04-06,1.3167156994326024,3.1243867278547346,3.5954851511318813,4.381019373993152
2005-04-07,1.305484634540973,3.1728006033391223,3.5746317042570093,4.3563128401149624
2005-04-08,1.3059034129874838,3.202247362615388,3.582766019975019,4.334086326480987
2005-04-11,1.3057780057429447,3.2374799287587477,3.5396968711439953,4.295440902337334
2005-04-12,1.3006435405852443,3.294014060980626,3.53595278800415,4.2929868292175986
2005-04-13,1.2831719402286215,3.3693231734078264,3.556685347245488,4.334148222926564
2005-04-14,1.2776180916250475,3.3148282099378537,3.518411761769838,4.270123067146504
2005-04-15,1.2856210272270576,3.2889635365307,3.4995479882115643,4.245152799374959
2005-04-18,1.3001565208023496,3.2976500929738215,3.4794888068696626,4.202220407347022
2005-04-19,1.3220070929801746,3.304808890167987,3.4739824730922306,4.254863361627601
2005-04-20,1.330804272406613,3.2743136550980103,3.5356409602104524,4.329707122840944
2005-04-21,1.3291960756733014,3.2654842478800354,3.473618146812077,4.272974927641908
2005-04-22,1.348507064965558,3.1972393355723674,3.5036492909867665,4.297186757168889
2005-04-25,1.3439401124310038,3.1926288959180114,3.475273518442423,4.2684939330011336
2005-04-26,1.359658242500153,3.160274547738451,3.501726911080979,4.305016865915503
2005-04-27,1.3653171694282145,3.1823478442816078,3.5139234073309638,4.294319714514159
2005-04-28,1.3652210305715458,3.124156637647703,3.4876695540663287,4.236904044272165
2005-04-29,1.3569232571959822,3.1802019824226377,3.423859875529286,4.164509204465152
2005-05-02,1.3449617679649182,3.199026317149457,3.371654877905896,4.046985157000459
2005-05-03,1.3367161603408468,3.192322514862573,3.404353002540887,4.081911023465731
2005-05-04,1.3452774191045522,3.1552743511241377,3.405453515677149,4.089575284598053
2005-05-05,1.3572530270413041,3.139944649732118,3.376767580447728,4.061314916316219
2005-05-06,1.355618640725553,3.1828522956872054,3.3308713716853324,4.030016031009663
2005-05-09,1.3654770474642814,3.1963945024863323,3.3284881368905817,4.02146534893824
2005-05-10,1.3691283355682027,3.26454893055724,3.3748305879290186,4.009820827032013
2005-05-11,1.3816224746152999,3.2740090000078257,3.429279415250501,4.059947616151841
2005-05-12,1.3568063123083052,3.2507921954524543,3.4466133204589844,4.0806560625077
2005-05-13,1.3443774733143834,3.228757019765135,3.43036830932719,4.005923792331481
2005-05-16,1.3524165900098595,3.2148915522001786,3.359506055705799,3.9755621705134123
2005-05-17,1.3475579350946794,3.2157721140893085,3.3818480372118995,4.015755196871911
2005-05-18,1.3540221246600874,3.2675788319035277,3.3822745168870063,4.05452401002437
2005-05-19,1.3424624739626703,3.268845520156812,3.386190101522659,4.00136072809274
2005-05-20,1.3294854090981387,3.2444285224033895,3.3271381669953395,3.9748828759086265
2005-05-23,1.3267083428881927,3.2484648621914207,3.296750319420915,3.970460613032629
2005-05-24,1.3335041640435343,3.2622655587644074,3.292350585029273,3.9817243249628462
2005-05-25,1.3719842726723095,3.298044906457937,3.2138863190716194,3.950313606142833
2005-05-26,1.3754588651793849,3.355642364702521,3.1963717116516106,3.9599270000882876
2005-05-27,1.3796576051114022,3.3504294540882706,3.232650968265686,3.951169829266909
2005-05-31,1.373813175494392,3.361507696059245,3.1784683601345582,3.923533492043903
2005-06-01,1.3819999023854124,3.2991309809584553,3.0610025655312265,3.810816069858972
2005-06-02,1.3716599582312152,3.2482228767664703,3.159459340901033,3.8807925011313387
2005-06-03,1.3671662838189027,3.2377874161231817,3.1305811520238636,3.857037571936218
2005-06-06,1.3534308307104197,3.2500325482011085,3.102509922216272,3.8399330564671526
2005-06-07,1.3534290722081763,3.2060860819227934,3.123946502581597,3.871685971069213
2005-06-08,1.3607491928852797,3.235621390667165,3.1517285393543064,3.8861560067132794
2005-06-09,1.363971806648749,3.234355965363554,3.0873289549278873,3.795512519321513
2005-06-10,1.3694465868822572,3.276715261369001,3.0885743364036147,3.799441999392683
2005-06-13,1.3808622466735034,3.2315759735404703,2.946395623962813,3.6844338926554
2005-06-14,1.40819299637317,3.197648257686019,2.960924127388308,3.758215013963804
2005-06-15,1.408123904612332,3.166408696501741,2.928487694924495,3.773754340488848
2005-06-16,1.391205731436686,3.184412217628489,2.9097219697504633,3.6998011401530135
2005-06-17,1.3937648761985437,3.217424087879899,2.824093867656559,3.635570660877565
2005-06-20,1.3964582290413032,3.2245948876232737,2.765512234769204,3.6394173575398265
2005-06-21,1.4110028036546824,3.227445184430073,2.792084329622131,3.636549661158678
2005-06-22,1.3886247238170897,3.2417096158526104,2.88295786338459,3.717221346481836
2005-06-23,1.4177885116531455,3.190704156462016,2.8314353656224336,3.661023532952037
2005-06-24,1.4270004317885954,3.241911507593861,2.7650422970127124,3.6239746913750324
2005-06-27,1.4485962947379498,3.1792090019343413,2.833682466627393,3.641987602524805
2005-06-28,1.4305156301957793,3.1398935889184614,2.8831210266876126,3.7125669904661147
2005-06-29,1.4167764626283967,3.185287501228738,2.8340963280669613,3.6640747134576968
2005-06-30,1.4063710365544098,3.167205568627793,2.831509787347828,3.628176507606516
2005-07-01,1.4150641861079476,3.0902541145584532,2.772332888231299,3.589616139555782
2005-07-05,1.4666986034607845,3.046769631193444,2.6997737486782323,3.5320942989336874
2005-07-06,1.4712744689535897,2.9687292842873942,2.7090495449309078,3.477410994259198
2005-07-07,1.4623107748322746,2.970653661243632,2.720327080279381,3.519651257102594
2005-07-08,1.4638282424269082,3.000539694757951,2.759521426998496,3.516948027871453
2005-07-11,1.4771587456855986,3.036617297771775,2.8052729862031813,3.5598680042692488
2005-07-12,1.4928155160231351,3.0523215759746685,2.7873305795460723,3.4431974399679692
2005-07-13,1.5107619540701558,3.0727121592046456,2.756282658380415,3.4058300296091915
2005-07-14,1.5382872813004214,3.088703002109854,2.7479302091836413,3.4344328391057055
2005-07-15,1.550449228577045,3.0962549190421176,2.7167022406228614,3.3919411239915593
2005-07-18,1.5341092624411143,3.1848462618669426,2.711025061845108,3.3755492362154382
2005-07-19,1.5001328938643077,3.13384344823535,2.740158726938661,3.3610454667676337
2005-07-20,1.4773721882588065,3.1715224329092004,2.7518849391473315,3.3736115402347076
2005-07-21,1.4646295829504732,3.2017505115950735,2.8344521864383103,3.4412261355055285
2005-07-22,1.4508760215242995,3.173669845993935,2.7951848564577166,3.431642953006814
2005-07-25,1.4468552918286235,3.208039155850236,2.8305285051326456,3.435514218929051
2005-07-26,1.470371054136088,3.182176804004353,2.8050629918442604,3.4199302710596324
2005-07-27,1.477767604587492,3.19980809047113,2.7822054904680003,3.3873255924623398
2005-07-28,1.4819263449620161,3.186421754544647,2.773611339807437,3.3965606539458597
2005-07-29,1.4547647840055549,3.1544369870345874,2.7519542083628608,3.3933329723182304
2005-08-01,1.4276979164825154,3.183254326371464,2.7181146901826883,3.3369394004351776
2005-08-02,1.418691342939526,3.196812152781147,2.7525340206331363,3.3771362551165724
2005-08-03,1.4056605430230795,3.1894728437647384,2.757265589162462,3.3229558647123554
2005-08-04,1.407629649296505,3.1774381778842624,2.762038654234284,3.338553608310846
2005-08-05,1.3862446986613972,3.115830496730841,2.7232899392354026,3.2760658280783925
2005-08-08,1.4019680956640583,3.086495150750722,2.7020729781534145,3.242832877003965
2005-08-09,1.3785295466574488,3.0783815003963992,2.6620266811023243,3.203087280897376
2005-08-10,1.3472639097057022,2.998428605533952,2.632210302507705,3.163109679048589
2005-08-11,1.3448970004414573,2.9824174238255328,2.6291229441373916,3.1706534433804365
2005-08-12,1.3239122977749456,3.006148414909203,2.6059341383240384,3.115618255666926
2005-08-15,1.32140035103408,3.0040971287743274,2.5094330887876364,2.9880047509064163
2005-08-16,1.299162049217773,2.9898022485468982,2.5030957388442907,2.988998722219088
2005-08-17,1.342972215797924,2.9994163672395064,2.547725572297337,3.04886955771317
2005-08-18,1.350749071358981,3.065512407290649,2.5383978419930835,3.05015684092331
2005-08-19,1.3249259832332394,3.0160015585273885,2.454261466058881,2.983334739737028
2005-08-22,1.3032579548305434,3.020040246189624,2.4288784115416204,2.963927034885491
2005-08-23,1.2951331083227435,3.009368411382125,2.427441473981829,2.9824409527706313
2005-08-24,1.2910361490041653,2.9755835125694654,2.4118067709526483,2.894044492870515
2005-08-25,1.2981863134335987,2.9645004948994944,2.3622812935745046,2.8547611172829535
2005-08-26,1.3008171017946133,3.004087038259473,2.3455290239355877,2.845217277813734
2005-08-29,1.2732240957326506,2.9074876341950757,2.2793755525847614,2.7866640706128942
2005-08-30,1.253449002041241,2.8654499201083934,2.2715237483847117,2.7445056389102676
2005-08-31,1.2459875064649732,2.827235920407847,2.3141811906994434,2.7774985119737945
2005-09-01,1.2344032172844535,2.8555869824057347,2.3710816196759525,2.75182576434109
2005-09-02,1.237873733071066,2.9093051401993733,2.328704651990927,2.712295210128367
2005-09-06,1.235119217956862,2.91806794027066,2.2803006818674834,2.7494407027697774
2005-09-07,1.248462311347197,2.959455176385043,2.1917539643912964,2.720557371134607
2005-09-08,1.2588687999612755,2.9510070739029843,2.1799781438489667,2.7014915187424493
2005-09-09,1.2683894210701054,2.917206679802999,2.1803344588511866,2.6720215725096605
2005-09-12,1.2809971083725886,2.9418106794471846,2.188077237787568,2.6455742032119822
2005-09-13,1.297252133089936,2.9480731698390565,2.184934075381349,2.68412568417151
2005-09-14,1.2824268930709872,2.869323151527016,2.2350172969461743,2.715696122264527
2005-09-15,1.2841744955982355,2.8534505624745177,2.219112001504582,2.675044377213861
2005-09-16,1.2773737895292143,2.9060155746442327,2.2183133701809528,2.691400951088719
2005-09-19,1.2395966485267762,2.8130556104404967,2.3246788018538456,2.658425562463275
2005-09-20,1.2209089063277427,2.778258973765211,2.3324984454882447,2.67434150811125
2005-09-21,1.2063588374985879,2.7628917881718977,2.342963556203074,2.7291581799300815
2005-09-22,1.2126760234864713,2.7550511565217475,2.3785280875405648,2.7275492905694514
2005-09-23,1.233344179464579,2.779004535249953,2.3336864864839706,2.683025495585627
2005-09-26,1.2399832181042387,2.7436856070459537,2.3403962362141475,2.6350897902296313
2005-09-27,1.2362292982661103,2.7190929207085888,2.310068740111302,2.582801879942291
2005-09-28,1.2034819824785565,2.681352818176362,2.3944634286017363,2.599903982644102
2005-09-29,1.209228240159226,2.6810651738892215,2.371236668553883,2.587339878016399
2005-09-30,1.2180182926113907,2.7250272308800145,2.4108641742969694,2.637873335740084
2005-10-03,1.2435567264128482,2.7127846935432056,2.412701212736211,2.6353298076370217
2005-10-04,1.242341706397293,2.637786216560214,2.373268526049144,2.5986535808950006
2005-10-05,1.2471042229243943,2.611059150432384,2.365956976952955,2.5991602017028166
2005-10-06,1.2548357295536918,2.6463539926145,2.3980237669320945,2.6410404274468933
2005-10-07,1.2365851401658983,2.6594910556618445,2.4228920948882555,2.6619314069363664
2005-10-10,1.210258969543106,2.634700336980167,2.390799114125461,2.6463068689274363
2005-10-11,1.1934428719180334,2.66263158419543,2.419042629762846,2.651618136901851
2005-10-12,1.2027912227985573,2.681830495888127,2.472175016707782,2.733747057125247
2005-10-13,1.2192836423843134,2.680715384262069,2.4579341275713507,2.735336801409478
2005-10-14,1.217217879209575,2.7052869499847643,2.430894244672562,2.6966373332521587
2005-10-17,1.1866653108802259,2.6572138102462106,2.4072907789923432,2.660158499523624
2005-10-18,1.2168390335842376,2.6578056675755275,2.3683008241443697,2.5912739378753384
2005-10-19,1.2442704909562035,2.625807765625704,2.3415622350788574,2.5455348786203604
2005-10-20,1.2535215617886073,2.6052140011308493,2.3616670526250068,2.551838609815726
2005-10-21,1.2373618675847844,2.6143751147055316,2.369240104790473,2.5619355451891876
2005-10-24,1.2611325110146359,2.609800904712823,2.3516797247599306,2.5467458505404457
2005-10-25,1.220013055612756,2.58401389735164,2.3234096901334405,2.5275886848648477
2005-10-26,1.223626418865032,2.6188851552841337,2.323958967656419,2.521053111558005
2005-10-27,1.2412515093173706,2.6656433279003195,2.3659945815122247,2.516271962723041
2005-10-28,1.251350160404986,2.650415983708156,2.3730989031426706,2.5564657511519755
2005-10-31,1.262493159174258,2.6478947362878507,2.366430992711762,2.555384399983714
2005-11-01,1.2511330784721726,2.6744592470954083,2.373877222216997,2.5681544513804475
2005-11-02,1.23943146546276,2.645944983166883,2.384497671339068,2.5831926327024104
2005-11-03,1.233042380904667,2.700269469644621,2.408426886395689,2.598049969579034
2005-11-04,1.2166568343957227,2.642335564343965,2.434456363002445,2.6203027684278433
2005-11-07,1.233544854542859,2.573603522654279,2.4087097734174963,2.5889232170454695
2005-11-08,1.2261382070876048,2.5856241925713817,2.399064271809207,2.5724953162997757
2005-11-09,1.2224543949642133,2.615807571694985,2.4170514759211654,2.5806770242216426
2005-11-10,1.208106963785126,2.619322028080027,2.4540344545654826,2.6158635030494266
2005-11-11,1.1946382762007162,2.626869474519049,2.4856275349961616,2.6603783691471556
2005-11-14,1.207168294679426,2.6541451749286495,2.508632524562105,2.6885677613597934
2005-11-15,1.2078847031834128,2.671213815536742,2.52467285215633,2.692867827906231
2005-11-16,1.2401821528965897,2.6478601363138816,2.4975536273807184,2.6534445421620223
2005-11-17,1.218354532361465,2.644948446186961,2.513688356748582,2.6673889244049285
2005-11-18,1.2238212535774324,2.6941818071174253,2.5055628202972478,2.6516735293171454
2005-11-21,1.2165481820945565,2.693292358757501,2.526776063621587,2.6575608495266554
2005-11-22,1.2100368705940066,2.6948778161244844,2.503191947052702,2.6625399869201187
2005-11-23,1.2188033107913527,2.667106099229164,2.508792355944065,2.6482211122773904
2005-11-25,1.2089012984358711,2.634792109365274,2.519889236062847,2.6599347131026416
2005-11-28,1.1865774129938227,2.662172403532449,2.592734434388251,2.73465463565555
2005-11-29,1.1805569459171434,2.6471584892477065,2.6010218587594403,2.746306800370597
2005-11-30,1.1865970327142445,2.6339460483622337,2.602187454665163,2.75041632949025
2005-12-01,1.1564690395700024,2.6720032888953855,2.6647708439517186,2.825639550664219
2005-12-02,1.1484365813603585,2.6460669374202626,2.7097322495036815,2.8598419089916627
2005-12-05,1.1289835520945664,2.702944817797338,2.7144867279658667,2.863066412448861
2005-12-06,1.142773960740085,2.662832627509466,2.706720332401573,2.853590108532524
2005-12-07,1.1459418169178714,2.683312968439587,2.7453118372592353,2.8945321818093497
2005-12-08,1.1322491756271165,2.6369860682449477,2.7888467341701495,2.937052420879088
2005-12-09,1.1498448161523533,2.6578560217584033,2.8087972400543775,2.9527668609107414
2005-12-12,1.133603196494664,2.6276570508795083,2.829113821279266,2.980013773149936
2005-12-13,1.1237597089512972,2.601387866765523,2.833271951598782,2.997820806543471
2005-12-14,1.127484620874724,2.6128361344969013,2.7837186677261307,2.954718642776599
2005-12-15,1.1609882797590578,2.624545067591447,2.727692906706821,2.8923882597348074
2005-12-16,1.163486910410607,2.6580514988022705,2.7587191024608697,2.9375533830886416
2005-12-19,1.1496720668441447,2.7193188501900867,2.8487420779619814,3.0359747476699632
2005-12-20,1.1455052156921286,2.6816606197741404,2.8031639444297154,2.9963824620006827
2005-12-21,1.1436842011504766,2.6873271786167607,2.824055009780591,3.0070846119138266
2005-12-22,1.1684983946785852,2.760966868110942,2.796119515462814,2.969728978607098
2005-12-23,1.1638986715220134,2.7958477945742457,2.7920643685247812,2.965683108246518
2005-12-27,1.1814192887341661,2.843998074329366,2.7429277742352642,2.9140074423252487
2005-12-28,1.1649082039755103,2.8083237090410598,2.7416651648514736,2.920525956938405
2005-12-29,1.1865563517123312,2.7843767537490782,2.6868025241016578,2.8605718045037984
2005-12-30,1.1832656228674527,2.7540116307051203,2.647891974389246,2.820709181881472
2006-01-03,1.181534091704793,2.7379753380174043,2.5410748425307865,2.7302749281267777
2006-01-04,1.1791817318132234,2.7633191744159347,2.5255092405719473,2.720497847575689
2006-01-05,1.1938481001416446,2.7239256587241303,2.457706340613318,2.632425503118728
2006-01-06,1.2009076476815537,2.7036352262126337,2.4457102512845537,2.605534900701149
2006-01-09,1.2131627082713445,2.692699528597205,2.458762336363143,2.5938119821499117
2006-01-10,1.216449780042505,2.6886500486131335,2.4490918055339326,2.5789236556905246
2006-01-11,1.2094719926192559,2.7029831788180396,2.460366757825592,2.583557382045971
2006-01-12,1.212023927795168,2.72619197544826,2.4665510838965083,2.5712926561067437
2006-01-13,1.1958330101128745,2.7576276492017957,2.481766707027442,2.5921004081209675
2006-01-17,1.2060044555295792,2.695418350254208,2.4386218122442167,2.539725070639396
2006-01-18,1.1910095382950554,2.71618918731506,2.406149450494039,2.500162127410799
2006-01-19,1.1818246664664382,2.738571397379969,2.471612789056936,2.5643481225575435
2006-01-20,1.1767852686721663,2.7250898062033766,2.490981117589723,2.590926015063538
2006-01-23,1.1611805418473424,2.766849151156641,2.470635790889153,2.5785313719378418
2006-01-24,1.1536150039842097,2.7703051645840966,2.530601593268615,2.6347174458114595
2006-01-25,1.1459780711625265,2.8285918553075904,2.564314640298646,2.6604684251387383
2006-01-26,1.1396228576113796,2.859062286724836,2.551414846984164,2.655781189875881
2006-01-27,1.1276008685200924,2.8468664106276824,2.544850641035867,2.673887872539775
2006-01-30,1.1444631772212113,2.831151892677428,2.594979285184593,2.739497470589655
2006-01-31,1.1466209702562806,2.8507728167564546,2.6084834143204563,2.744451527959866
2006-02-01,1.177171091216058,2.895096532915153,2.623337409169693,2.7724334132975357
2006-02-02,1.2131149846235638,2.965313432404512,2.651301357272271,2.7785563567206712
2006-02-03,1.189419748661093,2.9673579858577064,2.6532091912411024,2.7594308852045404
2006-02-06,1.2103720646352762,3.034823874431541,2.6589307826465136,2.7534972391544104
2006-02-07,1.2181274139582738,3.0144507936674274,2.6189232691033006,2.7240092647811642
2006-02-08,1.2342862456215593,3.0781736786563347,2.6531673876056696,2.7278291846918883
2006-02-09,1.2370493821368025,3.0980895480737103,2.627839951155166,2.686326358616986
2006-02-10,1.2457886040259376,3.110606691572257,2.6271342596138036,2.6937852435473357
2006-02-13,1.2307477191879204,3.1040018689508386,2.6273798642189297,2.72447598387549
2006-02-14,1.249667782259296,3.1404421215034377,2.633997680563797,2.735862626137942
2006-02-15,1.2528507087098484,3.149217311063121,2.6374052378074775,2.7316240517999995
2006-02-16,1.2410718698995962,3.1293424158250343,2.627710101209546,2.7013638376151032
2006-02-17,1.2359457941847882,3.0793049005197,2.579129712337797,2.629963330248778
2006-02-21,1.2426685400332855,3.0178779084304934,2.6307966076511864,2.6754228859378903
2006-02-22,1.2658730089676802,3.1022950287152073,2.6498137849695342,2.714193352521588
2006-02-23,1.258721592748395,3.035300077067731,2.6259861093635792,2.685054117120107
2006-02-24,1.2604706295784145,3.0475481012356607,2.6023735660472207,2.660606535577248
2006-02-27,1.2741343123745144,3.1104036649866607,2.604836472553492,2.649291722434128
2006-02-28,1.2846240908286541,3.074412192177464,2.547874695111199,2.594620377566721
2006-03-01,1.2797585484299636,3.0298629054727724,2.507937100457696,2.5738742289464023
2006-03-02,1.2969146998208239,3.0011759210315088,2.505086064511024,2.5450949197788058
2006-03-03,1.2941412845661988,2.988983232626693,2.489836540734284,2.5206365225493936
2006-03-06,1.2785517283934633,3.039204720841127,2.5308842966900222,2.5837575273018474
2006-03-07,1.2866499251057752,3.0392989420341174,2.532594938784215,2.5995567105022164
2006-03-08,1.2927213583159525,3.06951063330947,2.5199818211379026,2.579524565522627
2006-03-09,1.312485730573205,3.055685356008735,2.5032363272265,2.5591714198464337
2006-03-10,1.31399686500285,3.077513624957042,2.5343174539771818,2.570526083599932
2006-03-13,1.2945837234767217,3.029126608517674,2.504259393786232,2.5750117179804115
2006-03-14,1.30025574335243,2.961458188319359,2.4492219146736716,2.530386307900692
2006-03-15,1.302997964559747,3.029216719446632,2.453795667255144,2.545883316024038
2006-03-16,1.2923197248334533,3.040730457292962,2.436383257170616,2.5530615816717384
2006-03-17,1.3107102192487925,3.100332667492879,2.4734201029035274,2.572146018178308
2006-03-20,1.3092436921786974,3.158555749262025,2.521553720283151,2.6406785484690882
2006-03-21,1.309050966290381,3.1713026453510866,2.521189370310607,2.62891306596879
2006-03-22,1.3037542954800077,3.176142358393053,2.542334292548105,2.6443175019403413
2006-03-23,1.2813549688859736,3.1222514418216996,2.5013401499753334,2.629503003982475
2006-03-24,1.2848966943158744,3.1226150844487477,2.493359791931274,2.626257344087559
2006-03-27,1.3032290349755202,3.1451507145824076,2.526095263881116,2.650232859321848
2006-03-28,1.2859664733337288,3.126537150713107,2.5181846743301253,2.634662140258396
2006-03-29,1.3083819464399962,3.1299930082365646,2.505010989887414,2.608871158326278
2006-03-30,1.31511760641578,3.146631231425557,2.511176205518556,2.6024528632767594
2006-03-31,1.3192207659856174,3.1151523618635415,2.5001464057370724,2.59931834824864
2006-04-03,1.3107641148977662,3.1441797647513288,2.5160108274981767,2.6242075335629327
2006-04-04,1.3087043883460279,3.1533098314705543,2.5295630001136766,2.6564154870429526
2006-04-05,1.3141276573851,3.129342011217207,2.502477322300251,2.6226762989845476
2006-04-06,1.3275886742856908,3.1366333148885888,2.5123866740420566,2.6279171826190346
2006-04-07,1.3346928765091395,3.1429627907365982,2.51780019487541,2.6368573801608663
2006-04-10,1.3591074228112272,3.134484931897683,2.5422662471417374,2.647733951525096
2006-04-11,1.3742571603863865,3.1422662670225296,2.5552975603866965,2.6383247980462663
2006-04-12,1.3938858166798624,3.1709576269542117,2.5765901328699243,2.665265785650325
2006-04-13,1.3873392486270806,3.129274585227743,2.5512720396552364,2.6472939174782284
2006-04-17,1.367272426481,3.09007441778077,2.5039309588677328,2.6332312064632832
2006-04-18,1.3606982637816474,3.0769728737531405,2.493408636992142,2.605601622405572
2006-04-19,1.3360203981382621,3.0665713946448756,2.4770114712206173,2.6214097450373517
2006-04-20,1.3690500418381404,2.9892994561103423,2.4149750404459542,2.5652526133526017
2006-04-21,1.361854863006909,2.9831291965134206,2.4146396889071284,2.5969322606034786
2006-04-24,1.3855564156166684,2.9890299668578897,2.408530894839385,2.561418069377457
2006-04-25,1.3726974134290235,3.0866959186886707,2.4714154132267723,2.597733359540294
2006-04-26,1.370571195275285,3.0957277355698647,2.4727644350416234,2.6112624369608413
2006-04-27,1.360113823493019,3.1175012063570033,2.49973799472404,2.6531005974968993
2006-04-28,1.3381628936156418,3.1331213927515957,2.5074770836722133,2.646765018678318
2006-05-01,1.3254353123299587,3.166272510729689,2.5230787847446696,2.6522054253013523
2006-05-02,1.3331562870186886,3.2231723367385436,2.5406887402460336,2.6879636837265806
2006-05-03,1.3366151405955613,3.20370432858694,2.553807577257088,2.699733509041686
2006-05-04,1.31293526189836,3.1784971782341125,2.5827686401184384,2.664482359806669
2006-05-05,1.3159556438216047,3.2587642408001063,2.5987325826603707,2.6942603502005937
2006-05-08,1.3201646751973855,3.270335212222724,2.633387836387169,2.69725065394763
2006-05-09,1.3068986385387968,3.3676413476425537,2.649186131078378,2.735635142245318
2006-05-10,1.3007248495738093,3.3513868258872987,2.5909134952475443,2.7340478219122013
2006-05-11,1.3000857920732691,3.435721077170124,2.6352886359401215,2.8178380507190535
2006-05-12,1.3206187718269775,3.380005283158757,2.6505979666459862,2.7912397650147267
2006-05-15,1.3249200610151262,3.3062019559143754,2.7000294347638123,2.7622099701264395
2006-05-16,1.326646182390769,3.317465831768921,2.706550299271078,2.7560022702199984
2006-05-17,1.3517705337900159,3.3021348330578935,2.7470770275730403,2.7336519612551125
2006-05-18,1.3724931689057402,3.2414512918245264,2.691203936092796,2.682257012811137
2006-05-19,1.3809822148724582,3.283038892466198,2.7295409407350064,2.7198876446128866
2006-05-22,1.372222174369548,3.254807940964125,2.7139514498542074,2.678136168416389
2006-05-23,1.3684191247740551,3.2962855581194983,2.7115885803792423,2.737816776032721
2006-05-24,1.3840868760654437,3.2751487794705207,2.7430177736675905,2.734940209841303
2006-05-25,1.3781482207012195,3.34188971251083,2.7262721915377757,2.751834172403216
2006-05-26,1.3716822036709702,3.336187261680031,2.702682912856879,2.7418117964922044
2006-05-30,1.3704354906147362,3.3275462278781918,2.6779579530738533,2.7580511168287645
2006-05-31,1.3547466293835557,3.2198114250618404,2.614320425272445,2.6901008297133266
2006-06-01,1.3304713163382746,3.1657612448252226,2.5548525120950463,2.6363662997009176
2006-06-02,1.3238149359131606,3.200370237396621,2.5323758597621318,2.603417481449507
2006-06-05,1.3297323659209417,3.2541001117266246,2.578524864561722,2.6442299080802187
2006-06-06,1.3389141684347932,3.214205647885162,2.5782699569626994,2.6652473395339262
2006-06-07,1.336398896787822,3.2640931356294627,2.6076806699282344,2.6765562824731477
2006-06-08,1.3464864770575542,3.18657090968536,2.5728279510923415,2.6355512326377304
2006-06-09,1.351528824241753,3.1884844799641994,2.5749284872852205,2.654262608390517
2006-06-12,1.3174364681812898,3.187265379797106,2.5393032608987074,2.632275664241415
2006-06-13,1.3142041630303598,3.0808289991453033,2.4605834648818505,2.5538679237081654
2006-06-14,1.308472628927159,3.0522182514025324,2.4431505898897043,2.5479134400299244
2006-06-15,1.3037656675733085,3.082598895496753,2.450513496915217,2.5517796277957188
2006-06-16,1.2900458998267637,3.0974341045787086,2.453850999058936,2.559375392446366
2006-06-19,1.3070005509539357,3.1148037880549686,2.501818725793733,2.5895238207551143
2006-06-20,1.3298309190966224,3.1987681542967645,2.5693148940924435,2.6397709589595695
2006-06-21,1.3459781859771116,3.283536956780084,2.6222865037916123,2.6827854633007027
2006-06-22,1.381958847657896,3.30880760807767,2.6485323313656637,2.717029484993037
2006-06-23,1.4045972662645954,3.3970531563471726,2.706440313390854,2.7798255462003185
2006-06-26,1.429325628819289,3.4315606147704316,2.7582239845680037,2.8185167392455663
2006-06-27,1.4257414224355027,3.4565986124045733,2.7414741913010547,2.809869489539472
2006-06-28,1.429013452878499,3.436186817254169,2.69936007676968,2.7767669200323692
2006-06-29,1.424446725986455,3.4751481611231934,2.6970913799403995,2.7766694676338406
2006-06-30,1.4196729207007237,3.51719736843075,2.69390730905494,2.7937919389246235
2006-07-03,1.4210867014812172,3.5117051434998294,2.6808974091177813,2.790710192817222
2006-07-05,1.458421714760181,3.654009199479242,2.7662627077711757,2.8962383205523317
2006-07-06,1.4713452329874517,3.66405621832004,2.7474612911608673,2.9017694349893364
2006-07-07,1.467975197460809,3.6858845144403296,2.7542989819326142,2.925403922646999
2006-07-10,1.444802339746654,3.60320095975894,2.683433095539547,2.8382634925418135
2006-07-11,1.4747092488917481,3.6530133798044613,2.71932219119131,2.850370605485745
2006-07-12,1.4622060328387927,3.5929993915442315,2.6995585229453933,2.8158729955256714
2006-07-13,1.4399333655627078,3.5335161608052252,2.655385182851951,2.8201842773253354
2006-07-14,1.434621983800636,3.559450266581497,2.657537085229111,2.8304061354532686
2006-07-17,1.4582693292798141,3.5311775301041792,2.7386570469467846,2.8048942652135653
2006-07-18,1.437890923016534,3.474220347447658,2.744883312556312,2.758067738803523
2006-07-19,1.4384658315562289,3.441689066385805,2.7241949363281663,2.757235354796141
2006-07-20,1.4345370541892943,3.4908850378851795,2.7457037174526864,2.761406379893865
2006-07-21,1.4184575150546173,3.4771061845829556,2.7504371570319477,2.7487611207963485
2006-07-24,1.4228603526186605,3.462981929350709,2.7463082784484034,2.7324226391088775
2006-07-25,1.4222766131897444,3.489587796762431,2.7674864682108904,2.7692753002369286
2006-07-26,1.3946676524590491,3.4323943436627258,2.7322571450915514,2.7578913647916536
2006-07-27,1.3967040385595884,3.4338900022913452,2.734623028996493,2.7436910414603
2006-07-28,1.39384784830706,3.4241010565292767,2.706668348357027,2.7373257538894
2006-07-31,1.3771366661881848,3.3496754858292133,2.6401834125531756,2.664524926398148
2006-08-01,1.3390353490883913,3.4263797174817006,2.706306242448442,2.745777609591564
2006-08-02,1.3427865858888035,3.3699651822281553,2.651886853828455,2.7081094700146324
2006-08-03,1.329461189474389,3.357169646489376,2.629316364071847,2.714209724928772
2006-08-04,1.336870048823958,3.3713687509835384,2.6559924194138302,2.73593988620371
2006-08-07,1.2983681954330282,3.387445790109312,2.666442973942294,2.7671125189641836
2006-08-08,1.3032556521615106,3.3433752939306127,2.627069981111794,2.7764815614250598
2006-08-09,1.3292749385078746,3.3032630488701082,2.574262348519644,2.746716427456536
2006-08-10,1.3337462833725646,3.2630645143971333,2.5521853964944343,2.7505165656413935
2006-08-11,1.2922095271613754,3.283251849494791,2.589936304181326,2.835192159087818
2006-08-14,1.2872716030721538,3.254364897374015,2.6029707531068937,2.8873522302703742
2006-08-15,1.2843205322876785,3.2825590261292845,2.612509429318116,2.871308155639122
2006-08-16,1.2841603444250038,3.316066851877742,2.6373550501507617,2.9076829234855244
2006-08-17,1.2716220069135455,3.287584236893762,2.648229222363649,2.9198794362254796
2006-08-18,1.2750761299409636,3.2939820612489483,2.662433261001884,2.911655737537982
2006-08-21,1.2603016883353029,3.3040991175163126,2.6605088408411435,2.9287509385233066
2006-08-22,1.2585921394148265,3.2270706394578537,2.6013160296253854,2.8772065265397475
2006-08-23,1.2889897727143558,3.2511809912862253,2.6134510862736793,2.8569492025960117
2006-08-24,1.2956392621646289,3.1954214764233715,2.5906179352782255,2.8091793067407824
2006-08-25,1.2885603319743788,3.2042171825449666,2.6094031903133725,2.828064060809702
2006-08-28,1.283198966096698,3.2093812168755584,2.659782706132597,2.8433300044623495
2006-08-29,1.2856944072808676,3.2116528069734898,2.6592748288314674,2.868722393985323
2006-08-30,1.2703410102783534,3.2816380141416475,2.6968229268502886,2.944607981840451
2006-08-31,1.2825364871278886,3.3361123574797884,2.7247042566340105,2.9611697535319763
2006-09-01,1.2918464433705932,3.350243247796585,2.7494256156981627,3.0263294273085326
2006-09-05,1.3237285253030124,3.411151916080923,2.792586677971124,3.0899589604400437
2006-09-06,1.3333733676190263,3.434073564611252,2.831085895053623,3.0935809407426884
2006-09-07,1.2984974240761131,3.429869266818156,2.8224471680377765,3.056790849856905
2006-09-08,1.2945130336293509,3.445346940027316,2.8364870192118095,3.04743137850681
2006-09-11,1.2698063155041643,3.3860882963675416,2.7961146070599794,3.017598071890165
2006-09-12,1.2815949171216967,3.408529721285024,2.8336200001417957,3.0525807027517518
2006-09-13,1.2910940635236654,3.443032984819208,2.846254151026882,3.035226772323642
2006-09-14,1.2521504952862816,3.490875924415382,2.8691040365262217,3.084299770778597
2006-09-15,1.243530582993831,3.4767140388496482,2.8471202490389,2.9988341018822604
2006-09-18,1.2405407154460448,3.5059972065987046,2.8609899371998697,2.9687982855156463
2006-09-19,1.2768833945582596,3.5487067819724607,2.9195120928116816,3.0121216673792564
2006-09-20,1.2623510699465008,3.55411528463251,2.9045604407733094,3.029076729188522
2006-09-21,1.2461907767668334,3.494907453441569,2.8359644787438527,3.05160139925035
2006-09-22,1.2471429498980156,3.4630153835741244,2.844225351432737,3.133942776528497
2006-09-25,1.230045073029694,3.4066947074172274,2.816023456440837,3.188098433218017
2006-09-26,1.2435429848435893,3.424639693079689,2.833221384159844,3.1618941936606393
2006-09-27,1.243765337659698,3.4286847523549713,2.8509811344462936,3.1832176559460215
2006-09-28,1.2338828672603714,3.508990814481354,2.8980564447124375,3.15511088067772
2006-09-29,1.2453079570341812,3.484439144725674,2.8854303212480987,3.120112291749135
2006-10-02,1.229097031316628,3.551252977988924,2.947258187773578,3.1665523492513827
2006-10-03,1.2318384643451934,3.4912953469700603,2.920299572441986,3.1745358770463366
2006-10-04,1.2316160547003288,3.4203474060612633,2.823003622859893,3.0283817988230393
2006-10-05,1.2496312880354683,3.4084819475311243,2.7880907766049896,3.0239185544547604
2006-10-06,1.2587127726712322,3.410449502762826,2.789898574374935,3.023136328827655
2006-10-09,1.2632176624460485,3.4861486680069023,2.8095113213049423,2.9608844567722485
2006-10-10,1.2682913910235922,3.4778289336753603,2.838213219742954,2.990776993814736
2006-10-11,1.2587725775243486,3.5580152967795784,2.9025405065147973,3.04404110566278
2006-10-12,1.1929073480399328,3.6870714252477366,2.957122072748182,3.1243644730630136
2006-10-13,1.166824966741687,3.671013819162311,2.9062572446474895,3.0620315102057645
2006-10-16,1.191137609725717,3.6393792731871786,2.8876820331898885,2.955334173028361
2006-10-17,1.2082231710946854,3.6533560410640873,2.859029059038798,2.942364272355197
2006-10-18,1.2072548679364408,3.6141573485214566,2.823456279596668,2.9850666866806117
2006-10-19,1.214859910458528,3.5598327121871707,2.763963605255212,2.9476867865362393
2006-10-20,1.2123011995480408,3.5510723564699944,2.7612412999912364,2.914859580103532
2006-10-23,1.2219379475378307,3.544055380070183,2.7293133759330237,2.933609949201978
2006-10-24,1.220794698990294,3.5429348429151317,2.71227990402598,2.9206904853253732
2006-10-25,1.2282077395126487,3.4853019389120536,2.6721444242111985,2.8724718396656757
2006-10-26,1.2198341677694933,3.534798953750325,2.690349567342454,2.951515675006182
2006-10-27,1.2109958958949323,3.5405331860341436,2.671747666203907,2.940517826695172
2006-10-30,1.1899725502614356,3.6444755285423307,2.7391288115457675,3.05695622574622
2006-10-31,1.1852359909735088,3.602271949892423,2.7325850526338678,3.0428322368063543
2006-11-01,1.2067924957677223,3.559449645331114,2.729215769563216,3.0695822415492504
2006-11-02,1.2265682673713298,3.582576514803775,2.773018988383045,3.1577246273910387
2006-11-03,1.2541249049455498,3.5200779407082714,2.7322643108952382,3.13612981143848
2006-11-06,1.24425780325022,3.541115795119223,2.757374974264772,3.1185166043242827
2006-11-07,1.2503421626145401,3.5120290597278085,2.731194344639348,3.1389504375536723
2006-11-08,1.2577557899534144,3.463736523174934,2.7053811308872837,3.102495097101946
2006-11-09,1.2820682799754568,3.453299614492459,2.6822445762227756,3.1179674279826064
2006-11-10,1.2680809492168577,3.516737706282559,2.721832133712013,3.1525478060785503
2006-11-13,1.275307029696707,3.5083724821223594,2.7257554287727492,3.190544114326895
2006-11-14,1.2657690073565104,3.464568794335385,2.684611210890018,3.1674407522078405
2006-11-15,1.2783949988040566,3.443359762648508,2.6463743640751907,3.168071496204685
2006-11-16,1.2348630942535195,3.542272698135388,2.7143348505063862,3.2559399805902944
2006-11-17,1.2567872088698098,3.4838862504169272,2.687047170384263,3.2026033832925314
2006-11-20,1.2591471064023236,3.5033290472681555,2.7047195535375215,3.227045270190919
2006-11-21,1.278182628480052,3.444629568110772,2.6722010483653094,3.186533770154164
2006-11-22,1.2483467490396476,3.445428999479859,2.6610388866033468,3.192418544132191
2006-11-24,1.2507302421433284,3.438286021867653,2.664482689909414,3.1835911976902835
2006-11-27,1.2631055508245914,3.4190905405368492,2.645857734699136,3.161339150563703
2006-11-28,1.2801614696205545,3.416000153752588,2.6209695844040235,3.1338476115143643
2006-11-29,1.2944061391546842,3.426356594249747,2.6022315845092696,3.067223158231516
2006-11-30,1.3079342697851757,3.4267477265181543,2.6110397601114403,3.1090066698858583
2006-12-01,1.2889745693728905,3.362249057477506,2.5939556356277254,3.1630652297122226
2006-12-04,1.2798036856635642,3.3709056266860196,2.6243572201785845,3.2483219753890973
2006-12-05,1.2715642502250153,3.30205836343157,2.599700564050972,3.2631931847471765
2006-12-06,1.2804822526330406,3.3197656921956415,2.5673203167063363,3.2567665320610044
2006-12-07,1.2885061352485883,3.2799355466895372,2.5671342583674823,3.263454310125894
2006-12-08,1.2814622124931314,3.2725941188357024,2.5559418280364707,3.253727592769622
2006-12-11,1.2885528466379377,3.2181757837706515,2.53946521385583,3.2380753685336283
2006-12-12,1.3028496377573733,3.2190400210023826,2.5548619068129943,3.2496568748473464
2006-12-13,1.3064693576727713,3.2236604519112126,2.513178287771218,3.209268012109457
2006-12-14,1.3170129204656125,3.179294696597149,2.501822405946183,3.1769438771761624
2006-12-15,1.3214570611437138,3.1535113856423043,2.4970080721071275,3.141531177611911
2006-12-18,1.3108182191080444,3.16977366465508,2.5220667393536895,3.129609097528908
2006-12-19,1.3377005090018095,3.111967962916293,2.5233126471113114,3.127439600394595
2006-12-20,1.3065903416509146,3.1025634823854533,2.5539698428237156,3.208278218799553
2006-12-21,1.3186890234092103,3.0946717184317714,2.562869489207082,3.2156329498383407
2006-12-22,1.308922441141475,3.0932724756153513,2.6005668773293946,3.231500122893612
2006-12-26,1.2897361941902292,3.0513827597291083,2.6437975300334107,3.3175677546465745
2006-12-27,1.2768623782929278,3.0253510542558177,2.64339020727854,3.374642086658004
2006-12-28,1.2890491009233738,3.02528418945461,2.6368964891389752,3.3421720697624853
2006-12-29,1.283472130208192,3.0378340244999484,2.6241377014485074,3.33825397002714
2007-01-02,1.283472130208192,3.0378340244999484,2.6241377014485074,3.33825397002714
2007-01-03,1.2672904962052964,3.160694381933439,2.6124990157580976,3.380676649928466
2007-01-04,1.266581349734024,3.207943898053987,2.6319590573819776,3.4535228741267887
2007-01-05,1.2874006013035046,3.125883366429721,2.611441837725005,3.3978050414228487
2007-01-08,1.2959100844577651,3.141602772907092,2.610400992600564,3.399564273903278
2007-01-09,1.3018493155429216,3.2038047501969347,2.6029512173329854,3.386112937191192
2007-01-10,1.3165619251557648,3.2171866896116277,2.600308349223424,3.421425678391117
2007-01-11,1.322500103810669,3.2346329538225747,2.680905188745707,3.510801097104105
2007-01-12,1.327991142299495,3.0922971203823337,2.6876015759335887,3.444866409261661
2007-01-16,1.347247677174964,3.0954105883354464,2.6969674436893074,3.5079136441975374
2007-01-17,1.3151561635003786,3.108366435204707,2.7261159460358266,3.550647652151513
2007-01-18,1.337256193246358,3.1212949273732495,2.753716965532988,3.579301904788731
2007-01-19,1.3506814764261699,3.0785312474457136,2.7140697171324737,3.506987364868059
2007-01-22,1.3785334376337315,3.083353244394072,2.708347159791014,3.4642127611273144
2007-01-23,1.3849566837433902,3.0145692535506727,2.6662427162144198,3.367180543354292
2007-01-24,1.3564197749420817,3.0353058377568822,2.638923190021422,3.3832418374958504
2007-01-25,1.3507236745964077,3.0967257757372537,2.7034152521516615,3.4507542396622752
2007-01-26,1.3539703372273892,3.052198943936779,2.665347327072062,3.417156223315599
2007-01-29,1.350996908915078,3.076859648923889,2.643100434988682,3.4328775679946073
2007-01-30,1.3696920001246204,2.9391756685913406,2.549710358706989,3.2985135202617277
2007-01-31,1.3613975780514807,2.9421134593187532,2.5409895558668443,3.278990295135201
2007-02-01,1.3706457702779131,2.9840112199302307,2.557102653309363,3.2983058948823114
2007-02-02,1.336134306891398,2.899695470835785,2.5189854597860863,3.248722307271433
2007-02-05,1.3547695296552824,2.9268616461430788,2.528764085686216,3.274244186239804
2007-02-06,1.3552621362691724,2.927096046913587,2.5218945953727805,3.305653387217776
2007-02-07,1.3808869143772584,2.9737166220001434,2.5129365747689194,3.342042699752783
2007-02-08,1.372437752832391,2.9742228514630993,2.4846892179156397,3.2936929345321557
2007-02-09,1.3694667071885043,2.965123790646746,2.4819859671063202,3.2731957553146316
2007-02-12,1.3598876900453016,2.9655658736527473,2.5215495650253508,3.282597082119736
2007-02-13,1.3579556526964172,2.951975949267019,2.4964953415502196,3.2742461685735655
2007-02-14,1.3529333934497747,2.981100297542656,2.518335185110894,3.3134475759630067
2007-02-15,1.387277984102571,3.0092162040077235,2.456837926088112,3.24238475721453
2007-02-16,1.3783729226209316,2.9854965043033928,2.448477330927488,3.1941876570962298
2007-02-20,1.3685179575272035,2.9674238516059623,2.454223631869042,3.209429064821304
2007-02-21,1.3536572858449754,2.9401945961598153,2.4727594626481206,3.2138912375990882
2007-02-22,1.333253494993569,2.9208555667545473,2.4647697102232162,3.204345653610679
2007-02-23,1.3499431120015657,2.9542910788817682,2.4547952039761354,3.2322362732631826
2007-02-26,1.3536370131048807,2.9559123791422617,2.473158961561839,3.2290227822108326
2007-02-27,1.3562174855049232,2.974569269655051,2.4646693797333237,3.2293026359864494
2007-02-28,1.3299480417707927,2.898186470494393,2.485704692599477,3.167642905550387
2007-03-01,1.3425555076176374,2.9505919352830485,2.4217209444472463,3.1007302925632563
2007-03-02,1.3390125563581274,2.9766779410191506,2.404872109872722,3.094221864699036
2007-03-05,1.3346219144331466,2.9348171413763082,2.451358064446785,3.135590692966184
2007-03-06,1.3314848784267506,2.901479843848667,2.473335815199896,3.1802471790953857
2007-03-07,1.3247218287241203,2.874029212111252,2.4924904032541284,3.1913492158799603
2007-03-08,1.3401484076805281,2.913019007917836,2.521848761505256,3.21246739873406
2007-03-09,1.3425319774450737,2.9218071808915527,2.522129412160925,3.2267356063940977
2007-03-12,1.3556710524117321,2.9472239471543418,2.5400513643674576,3.2459935123319137
2007-03-13,1.359729882850682,2.9415938640780013,2.524984868622054,3.222717424414396
2007-03-14,1.3590681785265015,2.9078384930203227,2.515039453736193,3.228549128952726
2007-03-15,1.3658363612422608,2.932752997958706,2.5463792956704454,3.277942117334474
2007-03-16,1.3613237069374582,2.9426023466789704,2.5617008948929354,3.275372237906562
2007-03-19,1.3635747112243646,2.933252331298879,2.567185433701186,3.2861572275592525
2007-03-20,1.3657469921665755,2.945100763735045,2.570995484767951,3.270772552066201
2007-03-21,1.3602128033701155,2.903025662092413,2.5340951183185085,3.2530975906066786
2007-03-22,1.367491389693362,2.8574232943829294,2.51793310115266,3.2148662723974506
2007-03-23,1.3802217083592068,2.8581869019086135,2.49119239929911,3.207105617790424
2007-03-26,1.406290595063549,2.8558567738838425,2.473342412803357,3.2075518061964883
2007-03-27,1.4130732410204105,2.831872610095223,2.460790662300805,3.183835072668198
2007-03-28,1.4254826979493882,2.8218360491441796,2.4254907803787793,3.135042020600591
2007-03-29,1.4331330984462538,2.7793028489239604,2.4267868535291917,3.121832495199831
2007-03-30,1.4750544995630306,2.8489284381424316,2.396166492218642,3.0973997672739055
2007-04-02,1.4582131604160438,2.816447753298832,2.3895358628307726,3.118479647969946
2007-04-03,1.4832897153963438,2.85968110749314,2.381950350158334,3.1134170320885612
2007-04-04,1.4783000530753716,2.897383159586435,2.437388145743218,3.1504896575831975
2007-04-05,1.4841481472495357,2.9139660134855063,2.4558462646834913,3.1356189643366257
2007-04-09,1.4950314610288808,2.9396907265570253,2.4741778546221993,3.1631300867349754
2007-04-10,1.4859330461878764,2.9380086728678685,2.505730851361834,3.1743104552159433
2007-04-11,1.4799111005903887,2.952829185716012,2.475450289695905,3.1328771733834575
2007-04-12,1.4746351245675267,2.9307202599771585,2.438868072070067,3.0693983841581183
2007-04-13,1.4849241897312424,2.955497932695955,2.484297962516773,3.097299011863649
2007-04-16,1.518814202897731,2.998149638940638,2.5114361570364596,3.1322900715867448
2007-04-17,1.5492949809616012,3.0206944825230893,2.4805889968446504,3.105007618715416
2007-04-18,1.5318511601952978,2.976127485893337,2.4974800830555055,3.1040900123768944
2007-04-19,1.505497338871947,2.959524596919756,2.527613023649427,3.102480131114933
2007-04-20,1.537653358057718,3.0580762875296275,2.542671468931319,3.0880602018565777
2007-04-23,1.5522705956811904,3.0773317052134908,2.549348646918899,3.1164778373057347
2007-04-24,1.5353139064265686,3.0633735559923,2.5685525252261407,3.1838568651808994
2007-04-25,1.506686328941953,3.045889103641506,2.600897447374925,3.1865586344495775
2007-04-26,1.507715188845936,3.036272125404421,2.582497754716535,3.1864602968102096
2007-04-27,1.4916522472230338,3.02873412196923,2.594993952370297,3.220008518344343
2007-04-30,1.4896587548724785,3.0558440474549085,2.602183246046274,3.2550981550870066
2007-05-01,1.4821624892097895,3.052115183122093,2.623197709186831,3.278736609812709
2007-05-02,1.495692168448002,3.0589311018691654,2.6414282303290504,3.3233160958029146
2007-05-03,1.491078390570511,3.06241290576441,2.658371693656794,3.3428020609873506
2007-05-04,1.4962568553117064,3.05075475599226,2.64698259363628,3.304925664644876
2007-05-07,1.4990005028246125,3.0919817250577593,2.6574494159712128,3.2950433153926526
2007-05-08,1.503998426328148,3.1518267988323965,2.643166498692831,3.2996786078441995
2007-05-09,1.5071603421568613,3.157375223187675,2.644160463652044,3.3004831880930925
2007-05-10,1.5077006120482017,3.1669646022383025,2.6303763241558062,3.309091847898692
2007-05-11,1.4884322894280404,3.1738802929684806,2.6706190844582123,3.333450471597585
2007-05-14,1.5100996446267116,3.144899719321752,2.6498872078378684,3.3091023712485965
2007-05-15,1.5010285612467256,3.0924674056921275,2.6755455784555044,3.311936639188643
2007-05-16,1.4874704225783015,3.0128966089760785,2.6213392704408203,3.265794944819597
2007-05-17,1.481716455475887,2.9802696425785142,2.592715205012485,3.2517629614938626
2007-05-18,1.479676061024939,2.9882577350139545,2.616286522530302,3.3016824694807556
2007-05-21,1.460371995305212,2.9660556932611675,2.6118760911606476,3.282637219890802
2007-05-22,1.4793909237283533,2.940324748947701,2.5673165605034085,3.26652996541535
2007-05-23,1.4755790182889577,2.9271065094447977,2.5755253205961455,3.2629870174175037
2007-05-24,1.4678928048778457,2.9265670891276017,2.59199806365958,3.2689362428256876
2007-05-25,1.4329612464120336,2.963072232553782,2.5588627626606186,3.2170394274595946
2007-05-29,1.4653393298759438,2.9971392949250144,2.56173982366605,3.2496487716496865
2007-05-30,1.4567742746642687,2.9451969544750143,2.5701303495256838,3.216500307522602
2007-05-31,1.4345084693210886,2.921470547504727,2.5826170136871576,3.2066772360778386
2007-06-01,1.4575375539753197,2.909823393855732,2.581537830739431,3.2121052655956452
2007-06-04,1.4621410706380131,2.867036119989605,2.5733791091580653,3.1935461239622613
2007-06-05,1.4796742855200866,2.8319049986321576,2.5764657530514974,3.217119907050127
2007-06-06,1.4772116733292597,2.82257519039535,2.5549346419519345,3.181393112270053
2007-06-07,1.4566727683526615,2.805413177448907,2.5501802701499328,3.1917997087270074
2007-06-08,1.460664782659648,2.7751729075316884,2.519718983284297,3.1473923737795584
2007-06-11,1.4595865577000333,2.775354104694405,2.5052509868756943,3.1310441469021035
2007-06-12,1.4604047710523718,2.730823949459337,2.484120434142046,3.1015207825503053
2007-06-13,1.4559527008461184,2.6738478898063227,2.442932312866899,3.0594450298954046
2007-06-14,1.4554544600959798,2.68103770265278,2.447573845129801,3.0646382531056107
2007-06-15,1.4410059613167119,2.690468263930377,2.447514103595052,3.0897385034527582
2007-06-18,1.4117745380582327,2.7135335007964,2.4246547442315967,3.059793956580024
2007-06-19,1.40075375890668,2.7148414725436254,2.4276155294440187,3.0330106575327194
2007-06-20,1.394866604326009,2.6521288702798795,2.377831639562982,2.981216507705257
2007-06-21,1.385626454277151,2.6666461422548355,2.3730958223119254,2.9523731148302623
2007-06-22,1.3583495277343585,2.6844183518991276,2.3863123989922173,2.9361469212980627
2007-06-25,1.3557855381355102,2.675967556125216,2.3993221906199063,2.973253851919116
2007-06-26,1.3510390844881046,2.6250357378393123,2.330780883020293,2.909660149818105
2007-06-27,1.358204473036938,2.6044140753282448,2.3172716018631534,2.8830832003744313
2007-06-28,1.3617148074109588,2.6464794903321027,2.3579009677966485,2.9407316967888404
2007-06-29,1.3746080275366042,2.623119702947501,2.3452351281516783,2.9723353735408105
2007-07-02,1.3653224947907185,2.647136533199972,2.384218712116066,3.000751356784546
2007-07-03,1.3555074523246888,2.663997958979596,2.362374638307461,2.9992920102795675
2007-07-05,1.3419925170072102,2.681513371298314,2.3933471108538886,3.006039498323311
2007-07-06,1.3334900643233276,2.696289758323432,2.4237513947244156,3.0150747005963354
2007-07-09,1.312030298394285,2.657226280758709,2.408393545513251,2.982284245945947
2007-07-10,1.324549405817503,2.6126341435017406,2.3876882511702044,2.947523956046263
2007-07-11,1.3112176782019773,2.612140371574509,2.384280766147889,2.9511491555921983
2007-07-12,1.292906941779328,2.5997614154711512,2.4204837044576055,2.9474001537258188
2007-07-13,1.2764463875771146,2.5652974795895473,2.391391408873738,2.899095604564369
2007-07-16,1.2692973085486186,2.5959950636448754,2.324159060769226,2.8803543542839183
2007-07-17,1.277670081690704,2.649906993311808,2.32003082725813,2.903120192872793
2007-07-18,1.2824948758650243,2.6627956455704433,2.3257619528826803,2.911355130773863
2007-07-19,1.2793453867909204,2.677118336975406,2.2810518267326394,2.9215649089828966
2007-07-20,1.2765555328305789,2.710632000834835,2.301032905512012,2.949301517958428
2007-07-23,1.2842752389349368,2.7558870511552787,2.315990815143535,2.9743290776762845
2007-07-24,1.296339214611593,2.77192648536316,2.339401326356545,3.0202291049338315
2007-07-25,1.3103881513944389,2.7869945549231994,2.3063834436195925,3.0004869707825153
2007-07-26,1.3304127311574354,2.779632287140915,2.31951098855625,3.0148966767692564
2007-07-27,1.370752047738097,2.7571812760897245,2.2712535317026545,2.986729963292016
2007-07-30,1.3665290213596526,2.7147176878329136,2.2630310389373007,2.955051017833519
2007-07-31,1.3413811349618199,2.736917194609035,2.2826831742202742,2.9638635822634534
2007-08-01,1.3347755062996374,2.7056265928225374,2.2579391705004586,2.9550965981694817
2007-08-02,1.355870525813462,2.712696119441406,2.268013588952849,2.9615175753838483
2007-08-03,1.368428479261558,2.6820693056086107,2.262669771508837,2.9560703935411183
2007-08-06,1.3765308354774173,2.6091595789119566,2.26246371333755,2.9341316767800674
2007-08-07,1.400144524265064,2.598910019831445,2.289717737672844,2.9481662549422736
2007-08-08,1.3857768685663998,2.560125436560806,2.3398313666543187,2.9293213302730203
2007-08-09,1.3692438301866714,2.500463375389163,2.257335005162839,2.8796076214097095
2007-08-10,1.378347028730364,2.4782855055196045,2.2632173322674554,2.8742970287707195
2007-08-13,1.367314188785773,2.4695773980453013,2.2719913501536366,2.8765671122485226
2007-08-14,1.3756223887323535,2.5025563171584806,2.2612823385571823,2.8947189794993577
2007-08-15,1.3527985222705234,2.483412402130594,2.2823566390197687,2.8514867234837404
2007-08-16,1.3549807147783373,2.444313126178809,2.254224924275362,2.8592215879406035
2007-08-17,1.3669217069063209,2.459831321599292,2.247036495634414,2.8454610174133985
2007-08-20,1.3832320134443084,2.478055567126365,2.2637872447843597,2.863986136674309
2007-08-21,1.3857476080897297,2.4504928656766114,2.290592373035543,2.8636170999954578
2007-08-22,1.419831666197426,2.4811907598151515,2.33637159079711,2.904539644097322
2007-08-23,1.4126358867145627,2.4852134726788124,2.3235324643457522,2.9134625632445332
2007-08-24,1.417767350408543,2.5319455163212217,2.3681463287500195,2.97157993923138
2007-08-27,1.4202187436154134,2.572218634834151,2.3844666644804757,3.003734124545752
2007-08-28,1.3985050482701895,2.5458199323929787,2.338415515389333,2.9691959934835954
2007-08-29,1.4089158138950029,2.614259273862528,2.361557976981355,3.0264840188624924
2007-08-30,1.3989195211898173,2.593484124497156,2.363381244447737,3.0094904145139503
2007-08-31,1.3947189469798025,2.6211696844994683,2.3925158566761673,3.027594307888252
2007-09-04,1.3611867498657129,2.557784966072559,2.4389933571637883,3.000920093912589
2007-09-05,1.3507797318940409,2.6009255061597902,2.4530007371768385,3.0469111614220994
2007-09-06,1.3634530458126652,2.6561802332931697,2.4385862176433286,3.072088346741411
2007-09-07,1.3673233758504442,2.674027890329086,2.487889281988859,3.1060820540221203
2007-09-10,1.3551483090993464,2.6414629207498743,2.4650763441877386,3.1018789511363365
2007-09-11,1.3477998437416139,2.6691924541696426,2.468901170208634,3.1290531362666942
2007-09-12,1.3301552532742824,2.6061094437214405,2.4472306818422656,3.0776252133461246
2007-09-13,1.3493572716066435,2.6353915277745292,2.476700018080604,3.1272235315515378
2007-09-14,1.3419282877187169,2.591767534280341,2.4737259713126996,3.1013981970445177
2007-09-17,1.3312371589290402,2.555112112886518,2.455220148725798,3.060190133073031
2007-09-18,1.3375595254799648,2.5615873686528965,2.428495857214518,3.0357185680351857
2007-09-19,1.3726509621050937,2.605865634452904,2.444049460392766,3.0419245409978357
2007-09-20,1.3923580019114377,2.6318953131380107,2.489207999412479,3.066866884166874
2007-09-21,1.373870070165402,2.639186114335966,2.4852038538930237,3.0740461554151306
2007-09-24,1.3774810095567016,2.643107610606625,2.462163628820729,3.07277707154034
2007-09-25,1.3828151201687768,2.6424439435637335,2.464255569608143,3.0759116456445685
2007-09-26,1.3550220049346096,2.650473397232964,2.5260536917001803,3.100561274662789
2007-09-27,1.3399687367034947,2.6592970744181943,2.5859480974864293,3.093972439649435
2007-09-28,1.3603110063392438,2.7228948510386246,2.564486043505503,3.1512859195840774
2007-10-01,1.3520536689546205,2.6658920162755173,2.5428938558731864,3.1231419134587477
2007-10-02,1.2910359519350032,2.6858210513221135,2.386806264091499,3.0770015838715548
2007-10-03,1.29092758527072,2.6834156588884572,2.4041221237468515,3.1044057987926834
2007-10-04,1.2848089265363407,2.7168414615075744,2.3849442840065,3.102773262040886
2007-10-05,1.2860196187469795,2.7501976981008966,2.383038529917971,3.114734075829186
2007-10-08,1.2763611397420398,2.720989305864954,2.350028917535653,3.098859144779064
2007-10-09,1.2960811696687689,2.7247920697076906,2.3711949870674607,3.0966646481225997
2007-10-10,1.3075160164540247,2.717248240031314,2.387715693671106,3.107733513601729
2007-10-11,1.3131160658932863,2.7496059457563127,2.4174557648958834,3.116680530168739
2007-10-12,1.3072675300591194,2.7347616604652014,2.384285639408741,3.100788963887461
2007-10-15,1.3180344484494015,2.769863767043078,2.3835679991870413,3.102490430981927
2007-10-16,1.3215789405714757,2.8302250090614183,2.3578587543520406,3.114875098391193
2007-10-17,1.3174429853462746,2.8184549722148264,2.3446134396231835,3.104008062103716
2007-10-18,1.3245813955407617,2.818896893941926,2.3999171623384945,3.1099949576799966
2007-10-19,1.3387021502070113,2.836486752749835,2.4344494944941015,3.1205651999157182
2007-10-22,1.3472228003163291,2.8522652071780974,2.4237988643090898,3.14358164961137
2007-10-23,1.3491708935967897,2.8380956486652242,2.426165288013382,3.1284403603049027
2007-10-24,1.322037773050589,2.8446220267562,2.4038487536647715,3.10361125078815
2007-10-25,1.3237138974018043,2.860860554188376,2.4206098138875434,3.098381669834746
2007-10-26,1.3317729432239402,2.896736574112061,2.4609381865863127,3.1200215170983707
2007-10-29,1.3298518533275971,2.896720086350499,2.5083621399797895,3.151374450755784
2007-10-30,1.3228539398819479,2.8694830702520857,2.468078124238936,3.148557192322634
2007-10-31,1.3071923435207935,2.8750865768479392,2.4809214774844865,3.146624277819776
2007-11-01,1.3084499641364276,2.8846094716454957,2.4353775685827577,3.138448783768013
2007-11-02,1.320636055072237,2.9241300045358023,2.488609825685693,3.2041160563903195
2007-11-05,1.3167205176885504,2.9034337550932396,2.4940824004237783,3.179024413027236
2007-11-06,1.3446744953425558,2.9334469506584684,2.525626567797337,3.2302933845187303
2007-11-07,1.3509075930111403,2.96576127554346,2.513007065816985,3.259237551340418
2007-11-08,1.3356274255786516,2.9219839039546853,2.505124725841798,3.2081629353657957
2007-11-09,1.3381793262876778,2.9042054206636165,2.4967800451421382,3.2292644928776917
2007-11-12,1.3074403724944756,2.862439674679801,2.477798954265733,3.1920959865221556
2007-11-13,1.2870982602254672,2.7960724151982,2.465328548564374,3.1219435762629577
2007-11-14,1.3182206766694675,2.834621495092237,2.506815602299387,3.1587819264963564
2007-11-15,1.309549317297957,2.8299601545828423,2.539870557071199,3.1648147540378906
2007-11-16,1.3099633213078752,2.8374873497751163,2.5453722564043892,3.141387273912559
2007-11-19,1.315622158527081,2.890385604139411,2.5699548376475136,3.1775246308953586
2007-11-20,1.3622768759850195,2.9512535891436427,2.638560387211577,3.262776550013702
2007-11-21,1.3653800627222787,2.970674662933206,2.6300580118223524,3.277786427036628
2007-11-23,1.380144359969294,2.987953292697848,2.6446596066263104,3.2924592594378654
2007-11-26,1.3666940459178218,2.986691249804843,2.639947064211934,3.306867713288837
2007-11-27,1.3645820715435144,2.992341071846954,2.6161158533283575,3.3001292541351748
2007-11-28,1.3648944322044472,2.95682578336003,2.582530090909921,3.2530857010291987
2007-11-29,1.381243552050879,2.9898283245388506,2.6279465000499562,3.2980573425530806
2007-11-30,1.36784533233315,2.9880882221974634,2.6338372482972656,3.2863468943601957
2007-12-03,1.3856959699960913,3.02570847054357,2.669088527120943,3.301480338181247
2007-12-04,1.4099540852158527,3.0283040098399883,2.672617480095264,3.332859693668713
2007-12-05,1.412903771901435,3.0142726910578843,2.6601999087902772,3.312639396819452
2007-12-06,1.3963573188417362,3.0195817167868078,2.686366890491353,3.359707731258295
2007-12-07,1.4226294094469698,2.9963515261947316,2.6928096159194443,3.343764810294
2007-12-10,1.442673849462798,3.0057927688964265,2.6733325244159762,3.365903172311554
2007-12-11,1.4225696079045476,2.974466859897845,2.662323043399061,3.3907647514890336
2007-12-12,1.4104580973050393,2.9390226914906767,2.711135507204819,3.437799796794483
2007-12-13,1.410495489569769,2.9314929652728443,2.7404871569473643,3.405280803017808
2007-12-14,1.4184046342108185,2.903453711892269,2.729074198276852,3.380499497563796
2007-12-17,1.4157970276687233,2.8984872092036382,2.7042625240114098,3.377118664376931
2007-12-18,1.4238971752492797,2.9164940529655348,2.690761791729762,3.3678319828881973
2007-12-19,1.4340073086414948,2.9279365592777644,2.7062451545201784,3.4186425905614097
2007-12-20,1.4206299934455227,2.8983280805785636,2.6636263898745445,3.3922093714715986
2007-12-21,1.4160993176632153,2.8761665668132914,2.6875331943755554,3.4161907355764907
2007-12-24,1.424353750815088,2.8974262410841725,2.7037558360754748,3.446980556818498
2007-12-26,1.4217141109739502,2.856607704112931,2.7534377106998025,3.4812108811371627
2007-12-27,1.4010442222391761,2.826514456303953,2.7453477672373676,3.456131634058275
2007-12-28,1.4083411711381766,2.833756176023387,2.6949173688575407,3.419354276273271
2007-12-31,1.3987890306474033,2.797755426286719,2.668483734267333,3.387557636104202
2008-01-02,1.4037458126600395,2.811349612853473,2.706472917401303,3.4902986641515295
2008-01-03,1.390854594303922,2.781855043419362,2.723794097920601,3.509503033969031
2008-01-04,1.3757936561435045,2.7465348222651733,2.6895294842364077,3.4638880040262325
2008-01-07,1.362340582042999,2.7363134793180075,2.6509016662878304,3.390260917928863
2008-01-08,1.3465495674901877,2.706821793963291,2.6393105064410682,3.4137427596370187
2008-01-09,1.3320754240244934,2.7002175036414213,2.6259942283525466,3.366597570896152
2008-01-10,1.328068891340396,2.733703717760871,2.605631136838037,3.369892922941077
2008-01-11,1.346981273059858,2.7070391412886705,2.6087673140056293,3.3833123405663357
2008-01-14,1.3361071666989932,2.703532095551508,2.605986246398253,3.384032564918879
2008-01-15,1.3581263338095901,2.7340305103641844,2.601535280258756,3.3929096551878097
2008-01-16,1.3589952615075482,2.747389087313181,2.5877173455201583,3.3456048137860575
2008-01-17,1.3455517406919906,2.737240767495696,2.5618843270163496,3.324112560716065
2008-01-18,1.3616182408875428,2.7916896295966818,2.6058441911332437,3.393420196125502
2008-01-22,1.3622077188375694,2.812735995636935,2.6160052802276104,3.3646398668926114
2008-01-23,1.338281183656762,2.885773521600668,2.6065255277468893,3.372435218555227
2008-01-24,1.3425485428038832,2.865245109879887,2.6155110504574983,3.4341981380879143
2008-01-25,1.3291668083676467,2.8560216618017256,2.628514529065363,3.466086486878067
2008-01-28,1.3176445321872605,2.8604680086356344,2.6254066883604437,3.4958617409666113
2008-01-29,1.3320888949264826,2.8805391975764327,2.637046682296566,3.5410267724659144
2008-01-30,1.3091661987641883,2.819065523093736,2.63856070675039,3.472031282214126
2008-01-31,1.2930065091998542,2.850852155375021,2.63029068426498,3.522800357130816
2008-02-01,1.2991913003426987,2.8495126908250046,2.690604762488252,3.559178159538652
2008-02-04,1.3004015756080223,2.8221796602268037,2.7168347833320268,3.586891656550346
2008-02-05,1.3136917349736015,2.834478819644006,2.739701207453253,3.5958541094236636
2008-02-06,1.3160973846253827,2.859103428236096,2.7395710061578433,3.6187197993215787
2008-02-07,1.3353877396817126,2.8500744126595907,2.76159609341605,3.610906485373309
2008-02-08,1.335563500607658,2.823904462199926,2.7263402087572954,3.587640525853697
2008-02-11,1.3060501765050923,2.8698221699761595,2.7166534860691605,3.5807307828299297
2008-02-12,1.2929444744740697,2.877452105948048,2.7335617893527178,3.5903672843787686
2008-02-13,1.2908296515925328,2.871001471755476,2.7462450822272424,3.6046841573962385
2008-02-14,1.2879672029193374,2.836381029805356,2.7214507941713615,3.578610733948053
2008-02-15,1.296904735988443,2.831168849785665,2.757633018416209,3.6040561710291046
2008-02-19,1.284332206329697,2.8099199337770866,2.7043202187193986,3.5882322913804447
2008-02-20,1.2772563066004148,2.797772190820617,2.6592713093617584,3.5964286760979984
2008-02-21,1.2605752807840074,2.7956581246537597,2.6308932525197863,3.638439997022811
2008-02-22,1.2440946901630072,2.802691495752652,2.6431646240586613,3.619623367149505
2008-02-25,1.2543280389781668,2.7770814988622905,2.6341377407083755,3.6732977918573653
2008-02-26,1.2755228684142894,2.8159634470303763,2.648538459249804,3.772807410871779
2008-02-27,1.2707855960388035,2.8954925688174096,2.69864379622397,3.8844965789402925
2008-02-28,1.2186949102663045,2.87000552658123,2.6572818278225454,3.8368999664729495
2008-02-29,1.2074826044525817,2.8152348869686725,2.6380144636037866,3.819863185176143
2008-03-03,1.2099922968108618,2.8046955559739852,2.6338424167246672,3.809652100018315
2008-03-04,1.2094138698277581,2.7663840173599925,2.630242597564116,3.761257457771494
2008-03-05,1.192640163194268,2.803377645939805,2.634025027203284,3.74747112032862
2008-03-06,1.210724273155798,2.8327174740335064,2.6688999745951643,3.844216203704637
2008-03-07,1.220421222281406,2.88022539596564,2.593968198983425,3.8683676123270176
2008-03-10,1.213300837931204,2.895900819509314,2.6248576967569144,3.8591949290444427
2008-03-11,1.2397456990201101,2.9064439236083284,2.5964619326117226,3.87456097150786
2008-03-12,1.2474286648961703,2.910682068066739,2.6247307626509637,3.904230488207622
2008-03-13,1.2055789087983284,2.986160168390394,2.670561040883234,3.9320503421012076
2008-03-14,1.2105686180130955,2.9879781329651287,2.667220731776539,3.9578639456822664
2008-03-17,1.2341287394976161,2.9996834664569425,2.7458788958553413,4.150103209582516
2008-03-18,1.231523264431963,2.9446467838646955,2.6659348415419055,4.024910692287103
2008-03-19,1.2415326230206059,2.9161223848657074,2.6249942977651344,4.028421289934607
2008-03-20,1.2038406107787931,2.818727537486588,2.5172365088192756,3.8005103373006683
2008-03-24,1.203512181195765,2.8266713381933712,2.555633992894445,3.7566546200763984
2008-03-25,1.1956704854111562,2.848604840145437,2.6469722823566775,3.744471752692396
2008-03-26,1.1850648776843136,2.849679251915588,2.6495216700189936,3.751072405571088
2008-03-27,1.1637151632260396,2.8761467645452994,2.6788868296105823,3.7987067011565574
2008-03-28,1.1801073290879822,2.7715161039368383,2.58124354304869,3.7444292751309005
2008-03-31,1.1845029493933041,2.7122243013414673,2.4500405662511,3.6720996704920386
2008-04-01,1.1558786381452928,2.6102325450896653,2.3886225568120714,3.6041298709975895
2008-04-02,1.1666077720036248,2.695843379071517,2.4690537798905354,3.751539901794529
2008-04-03,1.1802023186462096,2.6916072029371882,2.48559116579252,3.7683557874046505
2008-04-04,1.2096156433514127,2.7639954422838406,2.558907717036577,3.841992149047494
2008-04-07,1.2002583679627563,2.753326850643734,2.506359463748031,3.713415837238634
2008-04-08,1.1921141139922011,2.7345434858366775,2.497281813880488,3.7142267828520374
2008-04-09,1.2028456690808753,2.805107173479837,2.541325310184038,3.7672234439801096
2008-04-10,1.2267548320191892,2.887188797441247,2.595554655456588,3.832623611655926
2008-04-11,1.227608514258124,2.8743400325450232,2.5986822455127974,3.857749276732078
2008-04-14,1.2252822966257324,2.9103472263544923,2.6135432663541813,3.8618742743947863
2008-04-15,1.2120790653995985,2.8938853878702666,2.5824122066623887,3.8443652368773287
2008-04-16,1.2258171027171116,2.954632375901219,2.6118570085697215,3.899333953244001
2008-04-17,1.2313876733831188,2.976106930382472,2.632353832286718,3.8839164514750077
2008-04-18,1.2211935234523184,2.985435390525186,2.630893822074176,3.8736728212824247
2008-04-21,1.232858937840424,3.015559671746839,2.640695111250435,3.9044798134096665
2008-04-22,1.2491716960064594,3.0575647620315842,2.6799898808991394,3.916739877673808
2008-04-23,1.231636034248288,3.036462383121461,2.6376981303221463,3.851934567151609
2008-04-24,1.2251517495697384,3.0337031508505734,2.6302687211156788,3.867661578579133
2008-04-25,1.2230055767495596,3.0251796602079226,2.6035972175007482,3.8242100231994156
2008-04-28,1.208748374153606,2.9798939220151257,2.5433121709279383,3.802609263648847
2008-04-29,1.1926820270839513,2.8998851312971814,2.520285411423679,3.750378428141888
2008-04-30,1.2038967213561222,2.930089275900471,2.541799883602896,3.775315629263004
2008-05-01,1.1844633086342427,2.865377900162536,2.485663926015761,3.8072138491634275
2008-05-02,1.2023767677987274,2.9333257544413076,2.544607470677475,3.8781276658249992
2008-05-05,1.1999999934237557,2.951809589521797,2.5606418660259527,3.923778958871796
2008-05-06,1.1850929874150826,2.943441869661725,2.553383019156921,3.9554791418767468
2008-05-07,1.1988787631946758,2.9801435595426073,2.585221076732347,3.9660508086204436
2008-05-08,1.2106580331159058,2.9973766708569074,2.600170491650547,3.982121990131455
2008-05-09,1.2192747342724464,3.0314934506699127,2.6297661861131165,4.009575843519451
2008-05-12,1.2348066376539943,3.0608510164885736,2.6552333478117323,4.0386969313220416
2008-05-13,1.2621491809290208,3.105458544235996,2.69392957791256,4.054307302259171
2008-05-14,1.2483644145033854,3.0853327928338943,2.6764708496096272,4.010735146121546
2008-05-15,1.258335113500766,3.098420985681211,2.6878246221139332,4.008927088483855
2008-05-16,1.2908695011734024,3.194068041126093,2.770796726887788,4.113314317047177
2008-05-19,1.2980656224398905,3.2013485947146356,2.7771124765190804,4.156126412103788
2008-05-20,1.2943036964200403,3.220305491741023,2.793557244619307,4.213037822113233
2008-05-21,1.3042613823307163,3.253627990675886,2.8224639146687927,4.269754495255784
2008-05-22,1.3026495125135817,3.2323538789790396,2.8040090044107493,4.2323821104052195
2008-05-23,1.324144016820979,3.3088003141309263,2.8703249155227772,4.284595713148945
2008-05-27,1.2871512432216559,3.25029664792631,2.819574034594913,4.247117773201322
2008-05-28,1.2851458521471515,3.273008546323971,2.8392761990232764,4.225656523300285
2008-05-29,1.2516918516011257,3.2313479699629184,2.8031363963843927,4.191745993178693
2008-05-30,1.2559428000914779,3.24937000225975,2.8187701861023857,4.1728784960604965
2008-06-02,1.2357168290083698,3.250915371304578,2.8201107660262044,4.168753445075298
2008-06-03,1.2513963336476588,3.2486883382366827,2.818178854790832,4.149692582030276
2008-06-04,1.2450688495423348,3.2290408598775673,2.8011350197728895,4.072774664205693
2008-06-05,1.2284345866390518,3.28476699073152,2.8494764386106093,4.092152098262422
2008-06-06,1.24165824053765,3.416107847851963,2.9634122760224066,4.25760215189207
2008-06-09,1.234727951013368,3.3853692831705597,2.9367471225842747,4.226901371780777
2008-06-10,1.2017232956226012,3.292554470578245,2.856231937677061,4.082531572654856
2008-06-11,1.1820107260078627,3.352564997953965,2.908289993639085,4.085033120610385
2008-06-12,1.1771252952250562,3.354286056935008,2.9097829814308462,4.07448740331996
2008-06-13,1.1627778922242407,3.345507200008225,2.902167480531883,4.040185793807578
2008-06-16,1.1829326070393242,3.2959697075414303,2.8591945944762585,3.9915523994163626
2008-06-17,1.1554729359007325,3.288380095526291,2.8526107422041314,3.952195919485344
2008-06-18,1.1652509522960022,3.3072620538274733,2.8689905023045776,3.968223614215866
2008-06-19,1.1592585403679607,3.3521617904258765,2.90794021834166,4.014485113941097
2008-06-20,1.1515100262749811,3.2927869752029495,2.856433631268063,3.9682602886815186
2008-06-23,1.154503110685892,3.2431664809640464,2.813388742664114,3.933200032615694
2008-06-24,1.1562439967099365,3.2288370732668197,2.8009582385438203,3.924584518903008
2008-06-25,1.1295467496703744,3.235783232298233,2.806983906895549,3.904013885677158
2008-06-26,1.1336080681841598,3.286247911630815,2.850761110924322,3.93000324137382
2008-06-27,1.1494769636597084,3.315523367810542,2.8761570439841373,3.944175630253678
2008-06-30,1.127192360568055,3.2590211302739758,2.826183647507264,3.8555880577684674
2008-07-01,1.1167122484090397,3.2705184737075124,2.8293298287035133,3.859880198747534
2008-07-02,1.1068819503091925,3.270037638329871,2.867254324141047,3.911618249045439
2008-07-03,1.1013011146648806,3.277064709313547,2.8699055709263495,3.915235181530568
2008-07-04,1.1552841107933278,3.4376981356852037,3.0105810857890303,4.107150110910113
2008-07-07,1.1632306517402309,3.3800180280256904,2.9203837376410635,3.9840994313591156
2008-07-08,1.185475132971439,3.3824805184981135,2.8902438074981105,3.942981383413561
2008-07-09,1.1962340532608342,3.4179797447605065,2.9072437207182964,3.9661733166245043
2008-07-10,1.1850477306176306,3.482590113820734,2.950691980414775,4.025447097846867
2008-07-11,1.2177816975744764,3.58724860727056,3.045813168920765,4.1552150691419785
2008-07-14,1.2204957595658172,3.6085556880310605,3.023866476814247,4.125274550567382
2008-07-15,1.2380013800674794,3.532549326868521,2.9366373759283615,4.006273267702364
2008-07-16,1.22976801590321,3.5463192861866015,2.9635622985569663,4.043005279167631
2008-07-17,1.239281462145137,3.555347291367971,2.9302274484015642,3.9975285988818223
2008-07-18,1.251117501539326,3.487266756516727,2.8404630935018322,3.8750686253164255
2008-07-21,1.2644063813864637,3.4711096554337146,2.795845605556102,3.8141997381006507
2008-07-22,1.2690330500073783,3.50837450822007,2.800951061881105,3.821164797308145
2008-07-23,1.2710784993810758,3.4068867772345293,2.7166711935178927,3.7061869704927823
2008-07-24,1.288447970285728,3.437257948988942,2.743266131486931,3.7424688042373653
2008-07-25,1.3178130325073183,3.4846325738072266,2.7878580519332004,3.8033028112903895
2008-07-28,1.309893347726799,3.5139194176799022,2.8189355928288973,3.845699983762867
2008-07-29,1.3187571560160374,3.4371370026060193,2.7767133500018044,3.788098781746174
2008-07-30,1.3272692249599878,3.4489275788404545,2.7979249472418437,3.8170364557281973
2008-07-31,1.3539504262491804,3.456279733551806,2.7821819752839643,3.795559289965059
2008-08-01,1.3657002608183177,3.4453188912855763,2.737841671288429,3.7350685477184262
2008-08-04,1.3612061981338324,3.383317361903424,2.6409220619842335,3.602847101838066
2008-08-05,1.4100962549624496,3.3064594510243963,2.564078991513313,3.4980148397551467
2008-08-06,1.433236219304449,3.252457675678745,2.4941325228927806,3.402591186258932
2008-08-07,1.4269499179626888,3.3043065611405007,2.557213728266423,3.4886489844925235
2008-08-08,1.4330311442668948,3.2120076491898604,2.4470190863625616,3.3383172303160604
2008-08-11,1.4471937076073256,3.2048737365627376,2.439538905199046,3.3281124804621602
2008-08-12,1.4351939280396189,3.145491651114993,2.4135528714160053,3.2926613371470292
2008-08-13,1.4220119777478077,3.2366551832797383,2.530920687718645,3.452779010781562
2008-08-14,1.397059819581925,3.1962750123550823,2.5286925969844893,3.449739364000712
2008-08-15,1.3807107836042563,3.1456698494115622,2.446342069817929,3.3373936183962547
2008-08-18,1.3612660212837076,3.1952744268180724,2.5207076988237755,3.4388460598737494
2008-08-19,1.357214748877576,3.200614121078379,2.5427732232001397,3.4689486939856358
2008-08-20,1.36869748520288,3.223695020584685,2.57686883613341,3.5154632360125704
2008-08-21,1.3661869173594796,3.340145250883039,2.70355035008017,3.688287012961376
2008-08-22,1.3395249137265204,3.3128232159377284,2.6644748014456017,3.634978651772931
2008-08-25,1.321070024032565,3.339154911442625,2.676188552177652,3.6509589995022806
2008-08-26,1.3339439046185242,3.292895117523332,2.6314264401280596,3.589892810540667
2008-08-27,1.3281670871112303,3.345104495546337,2.6765789303254035,3.6514915683343916
2008-08-28,1.3300361116324488,3.3960680841093573,2.7057704259477724,3.691315725554067
2008-08-29,1.309518225287823,3.41384209992234,2.7171625647029796,3.7056268793222378
2008-09-02,1.3185310678002842,3.3220815088882762,2.6198213775039183,3.6444265466252683
2008-09-03,1.309836172879933,3.3019246638741606,2.5936610000790026,3.6178157060794347
2008-09-04,1.2971229399977025,3.2640947152929765,2.568296037936653,3.5737728153074158
2008-09-05,1.2776201145118837,3.158595816486899,2.4576197020565624,3.4489922343392236
2008-09-08,1.2969350884369761,3.1825968732023417,2.4770410581473254,3.4887715922991482
2008-09-09,1.295226409796616,3.1843464586417163,2.47163490299581,3.559207151167702
2008-09-10,1.3036480892986542,3.109418629543257,2.4017507530949374,3.5244679675674573
2008-09-11,1.3086652154928815,3.113031834600329,2.3993212476152537,3.560129231869102
2008-09-12,1.3379482396372528,3.112169958899165,2.4436512739714056,3.5658602738222727
2008-09-15,1.299011065628887,3.0456813780205807,2.389637263560415,3.5207211897739805
2008-09-16,1.2882824511700812,2.931291902865393,2.2577215438603147,3.4338254952764675
2008-09-17,1.24494129609096,2.9265995563364573,2.2848608037194844,3.4560345040859
2008-09-18,1.2525167315503645,3.0915029497108915,2.3768295331059015,3.5407413553463183
2008-09-19,1.2766998593397645,3.1628894652668595,2.4542532535444184,3.646326269907494
2008-09-22,1.2849075110174748,3.2907521691890707,2.577984820027296,3.736057749829058
2008-09-23,1.2509915314129414,3.230504875163023,2.533479527877616,3.6955438250735084
2008-09-24,1.2740684232412542,3.2559724042982205,2.5575973055183336,3.7175111297737913
2008-09-25,1.2730666531249388,3.2399196765547345,2.5377949659141232,3.7300000530723225
2008-09-26,1.2684288417761171,3.2385212847629408,2.513590873831335,3.7684458016132996
2008-09-29,1.2517117987007778,3.1246516736721284,2.3789197249154577,3.609741834358115
2008-09-30,1.2253371280255394,3.0535453867428957,2.2845739513412733,3.534051570052176
2008-10-01,1.2410498221884296,3.0195591712578427,2.2622355525137525,3.48255254321352
2008-10-02,1.2171403330501338,2.944900439205106,2.1973187585369,3.439098999621087
2008-10-03,1.200742787500828,2.957330891356998,2.2046769971218687,3.477062877524209
2008-10-06,1.2024647270501163,2.9502974185980353,2.1971799404425,3.4456193002423996
2008-10-07,1.206723186551124,3.0113106762227186,2.2238238849501064,3.4413757429637655
2008-10-08,1.220168884231342,3.043103022583435,2.261290602991517,3.5091021133788654
2008-10-09,1.2346348357305152,3.062693966587308,2.294802668481923,3.524276526648807
2008-10-10,1.1987696923987985,2.9245171275045307,2.178472793713815,3.389311593643109
2008-10-13,1.1941909525077585,2.942154962611826,2.170686222494412,3.3858118884165593
2008-10-14,1.1977785049755953,2.871969697856511,2.1349028362116447,3.2775094125904376
2008-10-15,1.1657827723587704,2.7966431285254822,2.0653767824441283,3.242965976416055
2008-10-16,1.1479952472033754,2.638380879263296,1.9446203855246942,3.1471787618836644
2008-10-17,1.1512106943197398,2.5655778603062807,1.911676246324976,3.106101477686492
2008-10-20,1.1628841136666421,2.6666817226064867,2.0133862838362657,3.257713800875282
2008-10-21,1.1808724413269633,2.618788784030653,1.9806887244286397,3.205791028131941
2008-10-22,1.160106881549437,2.480134290011206,1.8709212434808355,3.069871865362692
2008-10-23,1.165036003163365,2.5639413022580655,1.938674098056135,3.2348181052291722
2008-10-24,1.1502460181812255,2.562353299867116,1.915506154578453,3.2098282806709286
2008-10-27,1.174882118617965,2.5794857266841156,1.9292981033431067,3.2397406873042875
2008-10-28,1.1870987220742881,2.553667499382103,1.9319852328430642,3.2285394609864766
2008-10-29,1.19674603690671,2.6765785893789062,2.0223270304727086,3.369130931623703
2008-10-30,1.2033729089182224,2.6804910283098073,2.0348770027910605,3.370785024755162
2008-10-31,1.191645358610075,2.667945460414381,2.012693347863674,3.332684926248299
2008-11-03,1.1869699001264513,2.6793771295374476,1.9992523837661413,3.2952628746792745
2008-11-04,1.2077808483138701,2.6379195912467464,1.9975619207915367,3.2465707834443918
2008-11-05,1.2129987323626013,2.6095181470027997,1.9679547822492405,3.173492697248797
2008-11-06,1.2071454857878476,2.635014583239332,1.9490535199169263,3.208505827955551
2008-11-07,1.2062900575956501,2.6749128879716753,1.9796429465243266,3.239367537642912
2008-11-10,1.2067710661473119,2.700236451429622,2.0187690069928133,3.301020672978861
2008-11-11,1.1706190768115343,2.7006498408894646,1.989696096834456,3.3095544932232057
2008-11-12,1.1720595811512458,2.6870854185778237,1.963162283103108,3.279781759439303
2008-11-13,1.1782427553518389,2.6424848648220105,1.9301274982280079,3.2453083990000713
2008-11-14,1.180561034489332,2.7539119172419326,2.016597921196475,3.331589965487935
2008-11-17,1.141377213537495,2.751011061026238,2.0738957183927407,3.4458627410513833
2008-11-18,1.1325704584256409,2.80709776429644,2.112722504380475,3.5006577938313
2008-11-19,1.1130144163134275,2.7325472749156723,2.0836573411246837,3.4692302707356926
2008-11-20,1.1032683346286312,2.7377698178545335,2.051377563921531,3.4503830720853736
2008-11-21,1.134266271022955,2.7465289949027465,2.022379938596854,3.379672978705887
2008-11-24,1.169219070819305,2.8156831733284875,2.0730237850335222,3.3984377960765197
2008-11-25,1.1723997542773779,2.861627092417663,2.1128911441936413,3.4706570641573804
2008-11-26,1.1794893631505765,2.7959489521169583,2.069093814102685,3.3977612345794963
2008-11-28,1.1759553827316174,2.8408110911768256,2.0929294317240013,3.4129959572322837
2008-12-01,1.191312269964134,2.7726809340809297,2.0538546484993887,3.4665309199777368
2008-12-02,1.1893234995783781,2.794369993891468,2.0555602705946194,3.4760949075515777
2008-12-03,1.1978388702243659,2.7994434274098365,2.037387347793861,3.494390067476112
2008-12-04,1.2002550235319758,2.8846056488354948,2.061783338695487,3.5829212626562406
2008-12-05,1.197557197073865,2.9844299534956735,2.0562804692390473,3.6161360638495954
2008-12-08,1.204218829183436,3.001214465719222,2.105166779421346,3.5386595775558716
2008-12-09,1.1981924571060503,2.995040991426554,2.102756386149939,3.5808341064039895
2008-12-10,1.195103810314593,3.0150852841229616,2.1519507896255003,3.581656287845612
2008-12-11,1.1652832915720095,2.954818726806755,2.126443906384175,3.5036452407659127
2008-12-12,1.1593598500205309,2.9236466334273525,2.1235511734051196,3.5557573903301356
2008-12-15,1.17877889062203,2.9899668656258425,2.174736059477872,3.6290286081147523
2008-12-16,1.1979968670187064,3.029259880016154,2.2123276568923713,3.6611603862394566
2008-12-17,1.2224203621990661,3.1327144869359023,2.250096052909352,3.6948339980907283
2008-12-18,1.2080199046532842,3.1755776156247397,2.2770934626511137,3.7305168095459105
2008-12-19,1.214227229349013,3.2122032746374054,2.197659800537783,3.7110197661306565
2008-12-22,1.2558142871223852,3.332182148500312,2.2626952780287355,3.823563670129086
2008-12-23,1.278083073747723,3.323060538047815,2.3420706866255028,3.9736035360250113
2008-12-24,1.330584422763069,3.434893255900703,2.433526572096552,4.087831595824046
2008-12-26,1.3082566823094224,3.437423725851433,2.4435147837229354,4.060721097221376
2008-12-29,1.317810896438527,3.4008425068868844,2.4313247380247764,3.9810860167755706
2008-12-30,1.3274661735957656,3.4365289776462626,2.430206766986188,3.970533907157639
2008-12-31,1.2664436231585352,3.3822204821643407,2.4094804490494885,3.8387801284322483
2009-01-02,1.2465536905325871,3.32985596279563,2.3206391117179783,3.769466946498179
2009-01-05,1.2277607413655653,3.320090197820249,2.240142164478455,3.6477348265526155
2009-01-06,1.2806187868966952,3.3044112885451513,2.2851687073865175,3.7065234795820823
2009-01-07,1.3148509788745402,3.4280956988244604,2.320230864134829,3.753209280447014
2009-01-08,1.328725813392051,3.446815846602503,2.327223324190328,3.718152258707779
2009-01-09,1.3542323395943663,3.52103610104626,2.383063301835119,3.763393188149274
2009-01-12,1.3037805104337654,3.4844662467113277,2.3663748448969875,3.7359290803709646
2009-01-13,1.308524283159372,3.533983887045203,2.3683179548165603,3.640297561214468
2009-01-14,1.2975709252614083,3.471834492767585,2.355806095026941,3.5754615918779438
2009-01-15,1.2935814309126317,3.427120748153939,2.4061225155520845,3.6316593743578913
2009-01-16,1.3372920265128672,3.5131421084000842,2.496785531059621,3.739361399256586
2009-01-20,1.315360353974048,3.529556601301577,2.550174715066318,3.688781047801601
2009-01-21,1.3212549643864269,3.5304887509351217,2.544620309074053,3.7273566577651582
2009-01-22,1.355428961026387,3.566966477445866,2.5474937086575844,3.772247260949349
2009-01-23,1.3677574720192047,3.5411778878114104,2.5303716166427614,3.712753574067021
2009-01-26,1.390911504093304,3.542635461243997,2.5347215075000604,3.7230044088699747
2009-01-27,1.4131044502611398,3.596244353269062,2.5767389261990084,3.7649013832492684
2009-01-28,1.3945369244980477,3.546302060081728,2.5685303280295986,3.7428946122944686
2009-01-29,1.380991616668284,3.5440245901949265,2.537081524608078,3.7438147751173565
2009-01-30,1.3777873259002562,3.62806710028463,2.572446406094302,3.728259647861554
2009-02-02,1.3978883569975113,3.6757939508588864,2.6205669449701046,3.83708951204748
2009-02-03,1.4001142464322485,3.643768629145932,2.5988866021237285,3.793532686622862
2009-02-04,1.3993522797001707,3.624075207428619,2.5581597350324357,3.7720389986339913
2009-02-05,1.3610227183425136,3.651870709149989,2.6186808855351718,3.8356499953066536
2009-02-06,1.3617807922100362,3.7192126197430033,2.6784115195939298,3.94956354301215
2009-02-09,1.3895692131697073,3.6935283818163596,2.6797385706392736,3.94773443098109
2009-02-10,1.3830155457900108,3.8283668204841375,2.7129782113444896,3.850400817828345
2009-02-11,1.3886157740224314,3.9026684483256897,2.7118365608808706,3.818135822377997
2009-02-12,1.3899833129253716,3.9508533903116803,2.7142290406731044,3.7918789788727394
2009-02-13,1.3793650171562117,3.951565039530399,2.732850249352709,3.7680097298464044
2009-02-17,1.4198073862518708,4.073188111625494,2.7520363556156537,3.736473816388057
2009-02-18,1.4157005081123373,4.100891486642684,2.7443667766444233,3.7674478708397765
2009-02-19,1.4057514278359227,4.022520636344744,2.719332535285491,3.6642592301672763
2009-02-20,1.3959030881518115,4.050845417795705,2.702075561398309,3.6201180489770213
2009-02-23,1.4075313678502306,4.004171455777636,2.71237057334237,3.6485395108445076
2009-02-24,1.3891996288686494,3.907882811997587,2.683721442089753,3.6288063325961817
2009-02-25,1.3965035766485192,3.865121091270437,2.664191228661892,3.5218736342555195
2009-02-26,1.3968504266964643,3.6382024216335442,2.5599765072104885,3.3704488948806
2009-02-27,1.3848293767924384,3.707080846906518,2.539240901233854,3.3613852900111603
2009-03-02,1.3659792517562037,3.720224066539488,2.5303884192336823,3.3927355694214207
2009-03-03,1.355335058280116,3.7143993021811044,2.5111188661984856,3.4100461832289954
2009-03-04,1.3497846076891067,3.669496840335838,2.4881642762236114,3.3229286327298277
2009-03-05,1.3898838539422655,3.7567005552662924,2.5018515827637398,3.430909704172578
2009-03-06,1.4079157941227451,3.8293656225695383,2.4880903864806525,3.4363942109715198
2009-03-09,1.396266119808783,3.8025535113990885,2.452339295453113,3.424980375715388
2009-03-10,1.3641855164634191,3.7492088909146197,2.4798620895305166,3.440223545999148
2009-03-11,1.3991771566406714,3.787763390564079,2.5804196938531407,3.524787701455657
2009-03-12,1.3628712605193725,3.703055295122265,2.520563475346373,3.438209636654309
2009-03-13,1.372063625155873,3.766282374786656,2.5444403078996736,3.4976157443236566
2009-03-16,1.3490250879820864,3.831557437589963,2.547028201190053,3.5210075136661776
2009-03-17,1.3323251512513528,3.785156958418201,2.5023944866743477,3.4137644158731932
2009-03-18,1.3300351611976657,3.73726740722968,2.577412677680156,3.4818870048246358
2009-03-19,1.3434135816021429,3.8211014820448455,2.508992591384491,3.4203849217229565
2009-03-20,1.3440389107644322,3.8452221874918693,2.5074522333047877,3.440208282049405
2009-03-23,1.358742679511176,3.865907547430485,2.4455853646541894,3.4123237866271157
2009-03-24,1.3478836456357506,3.8982973810414583,2.4246871597678092,3.47313603658362
2009-03-25,1.3798496544156966,3.877845947791214,2.4242601087144946,3.4965476846155124
2009-03-26,1.4024759069833477,3.93995739636129,2.4219008085711105,3.5082960486597927
2009-03-27,1.4145958653248658,3.923831583165118,2.4687639521058515,3.5440095512191805
2009-03-30,1.422630716640207,3.892293692941995,2.4952770970534295,3.5751998133647125
2009-03-31,1.3959674765100247,3.927627892256211,2.504079366352622,3.6222214910377386
2009-04-01,1.3865084032128334,3.979929474704933,2.5414874580542555,3.669642098235678
2009-04-02,1.4304781974531273,4.014308912249119,2.4384481960001017,3.5723429930108335
2009-04-03,1.4221488345542839,4.073070475999734,2.449245737573644,3.599196585323811
2009-04-06,1.3811911294620036,4.00929921405254,2.43927862411067,3.5814391579238567
2009-04-07,1.3989309163244987,4.095594643932027,2.486885056769086,3.6835819729754706
2009-04-08,1.4051493310855496,4.0049041100520055,2.451668012165564,3.694779992046252
2009-04-09,1.4411905255599227,3.9785194978863574,2.4024209137406713,3.6893084961553755
2009-04-13,1.4515910317565828,4.075479679648505,2.3897462753183736,3.7162509268606456
2009-04-14,1.4456684724896924,4.039084035527761,2.3931694026663823,3.759976145801895
2009-04-15,1.4332975976349605,4.073090763235993,2.401877455028939,3.7552463971292456
2009-04-16,1.4174723147337613,4.114393985992574,2.3959977910521535,3.7495622324302587
2009-04-17,1.4389455456407119,4.052235328206595,2.3216774504896516,3.6818688239910475
2009-04-20,1.4032738781005605,4.0935359247920395,2.4422202689368167,3.8314895282610513
2009-04-21,1.4163320363445555,4.1247714508604005,2.4585593845870792,3.817944683960105
2009-04-22,1.3904547003714067,4.12724152682862,2.4835532887005045,3.8388587542601993
2009-04-23,1.4362344984495068,4.091055340046318,2.4516694980693865,3.7944058875469153
2009-04-24,1.4806402229183036,4.075226469735852,2.4108247252816764,3.757173651644943
2009-04-27,1.477055818828455,4.021497849403067,2.433368116799462,3.7766714056015243
2009-04-28,1.4563236652732434,3.9241114228102507,2.4393769381197363,3.729221472210706
2009-04-29,1.4741328538788283,3.9826735767282693,2.4672977333036807,3.7311157117783735
2009-04-30,1.477460505862206,4.00248308902911,2.443080926173996,3.710059420219994
2009-05-01,1.485120364168869,3.9614831498297876,2.3650085525937103,3.6647175695560934
2009-05-04,1.5569758945533279,3.985372951977347,2.3340072503932445,3.707957344193089
2009-05-05,1.5694697815338996,4.032048129916121,2.366642913697517,3.772054565641
2009-05-06,1.5820495202188758,4.00466696753787,2.298829413606608,3.6748912388958397
2009-05-07,1.6045769610796785,3.976638793005686,2.2557433497640047,3.6076239603240454
2009-05-08,1.6064831064326448,3.9436719052944267,2.1761674128289075,3.5559007206442557
2009-05-11,1.5892818256457288,3.8802055425151027,2.1841558692237713,3.5742475397398654
2009-05-12,1.5902456879577338,3.823451402162679,2.14940490665349,3.5328355921047736
2009-05-13,1.5816779206985054,3.8782248042187226,2.171093534539411,3.5401638999570175
2009-05-14,1.5767115647235392,3.9193121452629613,2.185492822215952,3.546506925796865
2009-05-15,1.5749272761513127,3.976418088618548,2.249231266961822,3.6108982066187356
2009-05-18,1.5572849001851268,3.954331336765992,2.194731388725072,3.491087703399571
2009-05-19,1.558759914211589,4.078996053934025,2.2386279953309383,3.517720550243029
2009-05-20,1.5612969864150985,4.08531824243322,2.2188749715292486,3.523262898214668
2009-05-21,1.5459927530565274,4.193164014999234,2.2979229966515655,3.604431917513438
2009-05-22,1.5345202108088127,4.181322987513983,2.255946191844053,3.564549763269409
2009-05-26,1.523916450647012,4.2196856789996815,2.3015398545215744,3.57522828639752
2009-05-27,1.5357346934722178,4.237184673987818,2.27205683754253,3.576546092912675
2009-05-28,1.571587352282592,4.22507223261918,2.23929478853824,3.5134421713996753
2009-05-29,1.591089912318398,4.280197918463895,2.195132888915766,3.5388097215918597
2009-06-01,1.5865995723678095,4.297731966455337,2.129986674201496,3.4738666303224366
2009-06-02,1.5727665557640536,4.309705991286031,2.1209501540112004,3.5003739242016687
2009-06-03,1.6279592444223763,4.367712608475484,2.198628287449103,3.568253685983197
2009-06-04,1.5838820625797747,4.447415229202198,2.158818901072492,3.514217154928545
2009-06-05,1.6042066361128424,4.393148871251001,2.1782728809606957,3.4547147075899636
2009-06-08,1.6074007851900995,4.39609258904648,2.2395170949565344,3.5378234648429556
2009-06-09,1.5980928517697528,4.460582646895531,2.238841971093165,3.4837872041036038
2009-06-10,1.6214864681892385,4.500554487943585,2.2622232825449093,3.4845419760923413
2009-06-11,1.6369540552563941,4.488071664152235,2.2447490907424203,3.476919081520272
2009-06-12,1.6559590895099214,4.4631691469886805,2.2669205846129596,3.4581470227367763
2009-06-15,1.7042231179024432,4.3699537592822875,2.2486334334174805,3.316861762506872
2009-06-16,1.7182336386323835,4.442570063374678,2.278155006338447,3.354112905796063
2009-06-17,1.6797600705374365,4.341638582481505,2.2517317814139624,3.284323562159609
2009-06-18,1.6863366653600467,4.382728975199524,2.2688573989876395,3.3680367211896027
2009-06-19,1.6767736012805785,4.318330602308887,2.291426394121719,3.322174791485733
2009-06-22,1.691762147320607,4.30814597732784,2.36252672502758,3.347116359639046
2009-06-23,1.6498347548939742,4.305231050699569,2.364974591776684,3.3421279462447986
2009-06-24,1.6411488264256064,4.304950597250556,2.4090870546926513,3.404841211181705
2009-06-25,1.6518471840818039,4.3399009007037135,2.4212067858712047,3.3850293917202845
2009-06-26,1.6666766404123803,4.323766379422955,2.4142703292859067,3.3811176873655966
2009-06-29,1.6638391443516019,4.3377849414761505,2.4231175971854726,3.3541047797653083
2009-06-30,1.6936129974896992,4.3146808870253475,2.463521073085344,3.4460808862148644
2009-07-01,1.678597300103627,4.289229993603391,2.4327246915118756,3.499224060240322
2009-07-02,1.6674524854926793,4.319111654167487,2.496394645995555,3.584095555187652
2009-07-06,1.6801326043337215,4.209552889672699,2.5189857659477837,3.7350595011420094
2009-07-07,1.7061048337351639,4.146282418046236,2.509833973314821,3.694911899356742
2009-07-08,1.6757045068123302,4.099159757055323,2.57676207562231,3.6829731234935297
2009-07-09,1.676381931514106,4.117638231171416,2.5435646261761216,3.7698775374785924
2009-07-10,1.6857572435763912,4.055610930134434,2.516418505962275,3.807622239593465
2009-07-13,1.691318808266464,4.02530950372309,2.458677751560375,3.7543733667926027
2009-07-14,1.6928726675625576,3.983701630746921,2.437403723007581,3.774226428488354
2009-07-15,1.695179924845313,3.998242844633051,2.411332102848785,3.801367375408231
2009-07-16,1.755240721047442,3.9052117092184493,2.320836167693878,3.664285904820599
2009-07-17,1.7385880168225722,3.9601156349312636,2.3074498024227186,3.719454084720539
2009-07-20,1.7080787805557756,3.9919928166771017,2.3322459510944284,3.76577065493631
2009-07-21,1.712442346669614,4.047694726487962,2.3863666666410963,3.7495422170971904
2009-07-22,1.7183220408522688,4.084290619490925,2.4113701833957264,3.707145125967687
2009-07-23,1.6550817968408285,4.124002545587489,2.423091927046057,3.6847771328767007
2009-07-24,1.6652864202073245,4.14003664234817,2.4688424846480905,3.6755628701074663
2009-07-27,1.66609349343102,4.156080645362747,2.4564328909914646,3.641021381962106
2009-07-28,1.6579820579907696,4.222208684171174,2.5127647816097363,3.7024004074537653
2009-07-29,1.6491726473492558,4.2394952183495045,2.5934358956525725,3.753337647008998
2009-07-30,1.63645642412678,4.302050296749626,2.52721015988854,3.755173600084493
2009-07-31,1.6140157247110674,4.353757749186217,2.5076484430629873,3.7153209365508237
2009-08-03,1.5806790594473643,4.276133856405708,2.414541107521303,3.6677213056459883
2009-08-04,1.577335941028744,4.288264659377664,2.4161026663818017,3.695071106856935
2009-08-05,1.56894987342297,4.253885350152593,2.3946156512042602,3.720306071875126
2009-08-06,1.5945085524068074,4.2437168345563805,2.496446684688087,3.829732686948952
2009-08-07,1.6090330290628727,4.219802620468081,2.5560013236173096,3.9133358865575674
2009-08-10,1.586334979439245,4.12184017509213,2.551463406311625,3.913851995855452
2009-08-11,1.5708150680436872,4.137793300512826,2.5463554858400657,4.026090430126413
2009-08-12,1.582518030173487,4.108693118205416,2.548587155367906,3.9763951344405886
2009-08-13,1.5881158713484138,4.175974407454697,2.5632303701092494,3.9965712503153767
2009-08-14,1.6357658500917354,4.218295287614247,2.573728042671266,3.8333749798392693
2009-08-17,1.6671668930972297,4.1799661549249425,2.5919347884974564,3.7354973111064766
2009-08-18,1.6892103846512738,4.211979851217909,2.599609369837057,3.7214400694856438
2009-08-19,1.6910404972306954,4.188168678717837,2.616023729096766,3.702746228960606
2009-08-20,1.7055673273766194,4.294912569358129,2.641771784436686,3.7608486973974444
2009-08-21,1.7094446290484056,4.375571117363249,2.676946841396847,3.8331372217250843
2009-08-24,1.6836921670672507,4.420407205513301,2.6543973201514257,3.8384922665655923
2009-08-25,1.706630943685242,4.516599576961799,2.7216570174363706,3.869614934630971
2009-08-26,1.7392391097418436,4.501595576309115,2.755654721338947,3.8534951332613807
2009-08-27,1.7613008589234291,4.545073219992506,2.7707924424169943,3.8496742586644492
2009-08-28,1.769708088302612,4.616161668962008,2.878720612253327,3.945721242208108
2009-08-31,1.7881208743456425,4.519876440072821,2.8741436842808827,3.8755084002088305
2009-09-01,1.7787815500409139,4.535542714901517,2.8836928513775573,3.8959476768888703
2009-09-02,1.7739040202866927,4.622681288531703,2.9304432889791063,3.9675953504561075
2009-09-03,1.7837728359051572,4.717420477275498,2.9650660656263645,3.970477030517877
2009-09-04,1.8447456119021448,4.7003809404492065,2.9270673209636486,3.9375291241886874
2009-09-08,1.8567209023959195,4.793360384533649,2.9313007249169694,3.9363678918818685
2009-09-09,1.8507429743703523,4.796544819553937,2.9538648363365505,3.9555059123335634
2009-09-10,1.8895861154991562,4.613913450173232,2.881061024275996,3.849931772922469
2009-09-11,1.8622996909306375,4.6491118211824665,2.9019071871801327,3.8517585868787947
2009-09-14,1.9145864887747532,4.499636146185127,2.9028411650133594,3.883163924148804
2009-09-15,1.919878628989198,4.4444330643799415,2.8340664353593135,3.8852776394574655
2009-09-16,1.9775298998203554,4.3320304256300695,2.7944588748696915,3.8676030148333127
2009-09-17,1.9670785510754483,4.36263051455791,2.8423257575138257,4.003507933313936
2009-09-18,2.0230720835838256,4.303105635047991,2.771106210488362,3.9305509912070202
2009-09-21,1.9969594792933945,4.312930082273661,2.803055600534346,3.8984397880083437
2009-09-22,1.9882624805111528,4.3090760795258145,2.8057039259126118,3.90502551974811
2009-09-23,2.012351442925928,4.272328642531806,2.7418641303317877,3.8129059016027442
2009-09-24,1.9779759675098605,4.2232294458839,2.6636873792513223,3.658569791689485
2009-09-25,1.968104111340544,4.268797913997779,2.693961737714152,3.6596164935334583
2009-09-28,1.9597741512450815,4.193636754847808,2.700082299074176,3.682705614292552
2009-09-29,1.961431558760092,4.138787974052744,2.6828369070538987,3.656152979817743
2009-09-30,1.9446522398959551,4.170379107592759,2.718423402520538,3.7045960148907
2009-10-01,1.8958591910270157,4.253695355483231,2.7462952938443523,3.723853171362551
2009-10-02,1.9255782414121096,4.158645356238642,2.707321654554509,3.665023907334505
2009-10-05,1.9070510031635497,4.144763893681522,2.715653087587899,3.71017204504406
2009-10-06,1.925807372752142,4.14521890254932,2.7198851343551396,3.743865049664027
2009-10-07,1.9618744306916558,4.163626943736101,2.735557641364196,3.7605757531184354
2009-10-08,1.9622761176233248,4.161783155167811,2.6932119252451705,3.783252191922432
2009-10-09,1.9565160021216648,4.214264110871017,2.6411321027153205,3.8254458959397146
2009-10-12,1.960780181929126,4.053795178564631,2.5276451158968007,3.738669718274094
2009-10-13,1.9097974976528511,4.012742036025659,2.5468306257930005,3.795711899593385
2009-10-14,1.8909290132579335,4.0630392394798855,2.5550228528842718,3.825924467327573
2009-10-15,1.8241075272826004,4.0542654280736965,2.5243601554366517,3.794058907996456
2009-10-16,1.8457340328735217,3.968094996771281,2.4824734054225113,3.7720465156270455
2009-10-19,1.825612540948833,3.948884633045682,2.462952063329912,3.7124881721222525
2009-10-20,1.8449231946611562,3.9086391117566404,2.4059218721848312,3.649769386483116
2009-10-21,1.8164272123511944,3.9172482372884496,2.3716322504987017,3.6237838660554322
2009-10-22,1.819676223444291,3.9434247840305963,2.3679889480371292,3.5861178311694255
2009-10-23,1.8068949649024457,4.0749458155014375,2.4151503515153885,3.605569436727632
2009-10-26,1.7990127191629108,4.120032199783564,2.447689899654223,3.6622892832043714
2009-10-27,1.7915741321057927,4.093744125195335,2.4146841357151394,3.6283223061836134
2009-10-28,1.8247359997520907,4.126080863816211,2.444672426611538,3.656973182356957
2009-10-29,1.8002488530567435,4.081547342047751,2.4386808017751984,3.672553711876905
2009-10-30,1.8394007852778922,4.087118612402288,2.4882385265002873,3.7289795241194175
2009-11-02,1.8103772929874367,4.056402950594422,2.520055530898936,3.7297774923013023
2009-11-03,1.8036403843069444,4.042765709231167,2.5237828691469835,3.7387635249089577
2009-11-04,1.796792562125004,4.055443147729774,2.505011690391698,3.7559902101275577
2009-11-05,1.8010859006369355,4.049212816149346,2.48880597673547,3.7237275675605717
2009-11-06,1.791901253944949,4.109021910734242,2.533599035023408,3.781183401666704
2009-11-09,1.807111744369094,4.025004254992109,2.4621142564950373,3.6936790588003814
2009-11-10,1.790382484004831,4.006390003560019,2.4030683730938667,3.6244134823408407
2009-11-11,1.7772456309185094,3.9982074610271146,2.422196316500952,3.6310339400250315
2009-11-12,1.8014326653439698,4.034581004342653,2.4602659621164347,3.6868844820152487
2009-11-13,1.7950152991098456,4.048969236463548,2.4781746106483182,3.7142653059768667
2009-11-16,1.8074250125466822,4.006537907504675,2.471425538721928,3.696391492498443
2009-11-17,1.8023410309837968,4.061386656277938,2.4859221644722567,3.6994642802616102
2009-11-18,1.7858443269921824,4.113451322947819,2.5463554436856177,3.8061425241230316
2009-11-19,1.809649813313245,4.16100502624451,2.5491071942237777,3.8278053505032648
2009-11-20,1.8181725499028103,4.204584697721034,2.553909700320057,3.8499392096440435
2009-11-23,1.8262814352609986,4.237885221532193,2.571562577439745,3.864041960904901
2009-11-24,1.8608398208966472,4.248521972112947,2.598184962312614,3.930101344970913
2009-11-25,1.8790836873973993,4.151849821676618,2.536200940116886,3.8538210774157746
2009-11-27,1.8797212696535701,4.106130992137403,2.5531992987965815,3.8966503701083273
2009-11-30,1.8671405380296926,4.107453444854559,2.549498124107897,3.9239373294797106
2009-12-01,1.8758093032114744,4.189482790051153,2.58817137884589,3.994423190377531
2009-12-02,1.8860378044151125,4.2376178769888915,2.6536590289481072,4.106560719086485
2009-12-03,1.8945929902524976,4.282554495303176,2.6844661570385218,4.179061829029934
2009-12-04,1.891935946083221,4.2756605795798475,2.6648037173552854,4.1467602580025265
2009-12-07,1.9478329609491958,4.239528311971293,2.654923158167124,4.166683629767682
2009-12-08,1.929775590868732,4.201196733422351,2.6289124081478787,4.1121376416325
2009-12-09,1.8956889435213389,4.203138333585147,2.657936838904448,4.171217343253783
2009-12-10,1.9364173517718726,4.101628302593964,2.649906899200399,4.156966902711057
2009-12-11,1.9199511347891418,4.055763893147292,2.6459544157095864,4.156249957221003
2009-12-14,1.9801677513669012,4.000691375504756,2.665345058552913,4.252784904980958
2009-12-15,1.9901412183071836,4.007608376932434,2.6444647341304597,4.196535318177878
2009-12-16,1.9972606465919522,3.9950107647241517,2.663105020227239,4.205788443613813
2009-12-17,2.023630608084569,3.926693426174101,2.644707153035389,4.1772770763760585
2009-12-18,2.0246578445696857,3.877979411415144,2.588522142916557,4.105277333349442
2009-12-21,2.019855301756544,3.862634150392896,2.56639658086879,4.127882429787493
2009-12-22,2.005336326261765,3.831593071421124,2.566139593234179,4.0960937342133015
2009-12-23,2.00846256149698,3.8382811132284167,2.5353856271044535,4.040837499084563
2009-12-24,2.0077468820663578,3.841871118437423,2.546370208202237,4.05477976802996
2009-12-28,2.028095433788595,3.721460503753756,2.4610171487614654,3.954730442751405
2009-12-29,2.0031019228207954,3.7369506061751574,2.459777244749191,3.972696614216707
2009-12-30,1.9705201876481246,3.7417565692505805,2.457606722303327,3.924391569981166
2009-12-31,1.9355338646232996,3.7789765298643774,2.4848614823743347,3.8812296592821807
2010-01-04,1.9369150795510999,3.8203400258182567,2.486459549796796,3.9288388560991603
2010-01-05,1.948102694824416,3.8093175867468827,2.522191571417177,4.083360423887385
2010-01-06,1.9236487515284444,3.848939820040844,2.497533071626238,4.029216192911843
2010-01-07,1.9161006904408415,3.837420429340338,2.517520172348318,4.052951612719482
2010-01-08,1.9373072881143092,3.7770169650516086,2.494150051783648,4.111040730776301
2010-01-11,1.890356209739039,3.8257468030838604,2.5641294880667327,4.051409478625125
2010-01-12,1.8814411643495954,3.937179467798719,2.599435054445499,4.153796686229352
2010-01-13,1.874705531169141,4.061680662523474,2.644097182096464,4.187606271257899
2010-01-14,1.877597132777205,4.074561873306601,2.6805923014068855,4.248035401274001
2010-01-15,1.8487256527334806,4.178121251409279,2.7200160721378364,4.297730881801344
2010-01-19,1.861207670009007,4.247227200331302,2.792426217383556,4.429539238570216
2010-01-20,1.8704281743424649,4.210067371915931,2.7725165959655738,4.425084648804237
2010-01-21,1.8981932945777993,4.211592269906685,2.7247897171388638,4.3592287895307775
2010-01-22,1.9010103982556024,4.186010888266511,2.670672360702713,4.292838647793082
2010-01-25,1.9095938418229592,4.166839422235539,2.6873389262928415,4.35471829948799
2010-01-26,1.9252246129223536,4.138763020782408,2.6923002523242583,4.370933016045836
2010-01-27,1.9325237708658352,4.0340838256217495,2.6449490438809637,4.327716485459224
2010-01-28,1.9514250794150876,4.025243570127106,2.644612723495619,4.299035195430437
2010-01-29,1.9462256244071714,4.076450906498026,2.6704094879443843,4.270402472093088
2010-02-01,1.935251138797027,4.1063486680906065,2.6634308068319537,4.259242469400987
2010-02-02,1.937218141320751,4.0113983678597664,2.6426529252842297,4.226015386765597
2010-02-03,1.927432265820213,3.980099676731213,2.629593288387739,4.205130984602113
2010-02-04,1.9104952175496115,3.9555274059939145,2.555364645480595,4.0864277738766335
2010-02-05,1.8991256286676321,3.944988717309063,2.489796445036387,3.981573965300938
2010-02-08,1.9073894874175734,3.9041896511467393,2.4912219474545023,3.983853566642147
2010-02-09,1.9229380420413686,3.8263226379234965,2.5011178342676605,3.999678637554022
2010-02-10,1.8997663686157358,3.808444112452594,2.4935808008692373,3.987625742220111
2010-02-11,1.8956710260273666,3.8828878229085597,2.5183813264356636,4.027285661856482
2010-02-12,1.8846287450554833,3.888984328701474,2.5048736805197453,4.005684823194131
2010-02-16,1.898393098455216,3.822795840929091,2.537005338797773,4.057068370759551
2010-02-17,1.8939236907226364,3.776429332949932,2.495070661884007,3.9900082630242304
2010-02-18,1.899504494314434,3.712279994986317,2.506227638616203,4.007850013974169
2010-02-19,1.890954369087195,3.7227464859490187,2.527670983518829,4.042141276604684
2010-02-22,1.831672671416239,3.591678182045227,2.4619114035339837,3.93698142220825
2010-02-23,1.8578115855307784,3.5686873282945113,2.461364753406577,3.936107243148451
2010-02-24,1.8439115580971603,3.5678741381043424,2.4584962132070203,3.9315199986772242
2010-02-25,1.8572666839491003,3.5563465303668296,2.453590405263943,3.923674844418183
2010-02-26,1.8539391216224066,3.4884070760597536,2.4481996142608424,3.913746234771141
2010-03-01,1.876084354277166,3.521865065772508,2.452861302666075,3.9489270319425986
2010-03-02,1.8780065068073357,3.5224225240236526,2.4711249370268797,3.9949280874931192
2010-03-03,1.8736425377726071,3.4687049216380177,2.4639722002396947,3.9861989493979797
2010-03-04,1.8914793768110751,3.5125379441678817,2.463290712475108,3.985568797137407
2010-03-05,1.8932942649890172,3.5413995268306064,2.513091055155458,4.0458297812617525
2010-03-08,1.899647410709045,3.516675276544134,2.4994618290223913,4.037114362759261
2010-03-09,1.8865888593448241,3.481648526012325,2.457973049316646,3.9891427046353507
2010-03-10,1.8796591053863336,3.4542840946069697,2.4673128424776993,3.9799678596985335
2010-03-11,1.8977428347172542,3.4922669182560995,2.466757734591598,3.974407673722748
2010-03-12,1.91265417145136,3.5606417311950658,2.4845975488663132,3.972514308856421
2010-03-15,1.8973580862536714,3.6177106685371014,2.4971508614541857,4.017073352994668
2010-03-16,1.880704767469122,3.5345856494887427,2.4940881857062958,4.020556324584035
2010-03-17,1.8551323124850734,3.491182140479624,2.49515726577127,3.9954571869250435
2010-03-18,1.8728299899809815,3.5503725540961226,2.516134792860571,4.034549670478171
2010-03-19,1.866790994405994,3.544394195290003,2.4775290988951166,4.00007349423654
2010-03-22,1.868457731943279,3.531249737574595,2.4881580526325715,3.9988854199354664
2010-03-23,1.8389207798060516,3.499828107014159,2.4831247748248244,3.9805889459349437
2010-03-24,1.86540562304403,3.5300853861820767,2.4691823070050196,3.9866547936037757
2010-03-25,1.8869623116754128,3.560187000080544,2.4815029135359623,4.01264516515292
2010-03-26,1.8495102838217121,3.5507141915969593,2.4798756064958667,3.9938873037007854
2010-03-29,1.8488996741360015,3.582014583493609,2.54603492543253,4.06731902691996
2010-03-30,1.8365890738365673,3.5922343274119655,2.5585858296711295,4.066974701468784
2010-03-31,1.8499912370225386,3.621816258462225,2.575593352131218,4.09265318169446
2010-04-01,1.8440188740794916,3.575744470591349,2.5655628402212356,4.0580198817382245
2010-04-05,1.8192176408300045,3.5215100466365183,2.549232899945155,4.073228661903902
2010-04-06,1.8326978232950928,3.4945305812562535,2.525278062312408,4.095566879978991
2010-04-07,1.8710116591627708,3.5068762282516945,2.4993778728825933,4.057546111194501
2010-04-08,1.8813985582963013,3.5762182759637287,2.4897043357782307,4.059086321886268
2010-04-09,1.8951476205266555,3.5938280846947244,2.5184912695174173,4.068438726153018
2010-04-12,1.892400358895779,3.6250905979103423,2.5460238772686674,4.0705893082001605
2010-04-13,1.8883519010951813,3.575023035386542,2.5376048127672792,4.044740130266216
2010-04-14,1.8889827119607396,3.584883653635035,2.5591848783181375,4.025123713817311
2010-04-15,1.90372179716244,3.56648634128524,2.570835432002884,4.101993214013546
2010-04-16,1.8723932462343813,3.528918320906631,2.5145014820108544,4.042826883953558
2010-04-19,1.894633267779318,3.6700683809531096,2.609579240754931,4.125036956804946
2010-04-20,1.8764161981866954,3.5977811654232403,2.6293407641809945,4.151269441908524
2010-04-21,1.878833200506978,3.622766701626722,2.6622367112274565,4.176465832492897
2010-04-22,1.8440733269535796,3.5852844301631444,2.605445081398905,4.104191463130185
2010-04-23,1.8077917189624946,3.5840657492687265,2.6448126194643535,4.176155081630157
2010-04-26,1.8020017976448686,3.6289932057437744,2.668105462235316,4.18790937368919
2010-04-27,1.7904857483607377,3.623116683622021,2.617711478617969,4.161493414910128
2010-04-28,1.760735677235303,3.566461281881784,2.594373542650879,4.1751961199198675
2010-04-29,1.8114406518794803,3.63566602325289,2.6436189639883283,4.208056502881802
2010-04-30,1.8024369973564447,3.62829436362716,2.663730197129978,4.239315547730165
2010-05-03,1.7903542560241037,3.657383056192571,2.6425637525590595,4.2056292390881165
2010-05-04,1.8459251920284243,3.6324639242223355,2.611192481591765,4.155701991611251
2010-05-05,1.8632788750685674,3.5899769170610414,2.5762485522271987,4.1000888731304075
2010-05-06,1.8612225996317429,3.674213912491369,2.610036052598666,4.1538615396707455
2010-05-07,1.8337650316224905,3.6415377617102305,2.608261064159521,4.151036652940394
2010-05-10,1.827773742089818,3.655658592403076,2.6323455120556956,4.189366951757728
2010-05-11,1.80892909195289,3.6644198184175076,2.65068119360226,4.218548112801114
2010-05-12,1.7959352925535546,3.650951718264207,2.622994387432662,4.174484675750233
2010-05-13,1.809713409922802,3.6642921793399923,2.646724903914952,4.212251694192053
2010-05-14,1.808630035517141,3.6674802953819574,2.654386804608543,4.224445577330256
2010-05-17,1.8351216737814242,3.647412278408538,2.6466050839723745,4.212061001250986
2010-05-18,1.8548000907450917,3.6209991565959743,2.6357730210855337,4.194821818146162
2010-05-19,1.8923492901782522,3.535287403265272,2.6063877850999377,4.148055337095761
2010-05-20,1.9454870603461039,3.4927124119210116,2.5670146295325127,4.0853931235052015
2010-05-21,1.9716750431774315,3.4726788669965836,2.5624113457271513,4.0780670164438675
2010-05-24,1.9317758366477933,3.5129356144598933,2.5747375951171074,4.097684191163868
2010-05-25,1.9530765829965422,3.5482460122533888,2.553792533708497,4.064350212905351
2010-05-26,1.9073743856504108,3.5292984482184564,2.5397604787012993,4.042018255628781
2010-05-27,1.8775434950341765,3.5375301354956417,2.5553557312955633,4.0668380353740705
2010-05-28,1.8759110834147268,3.6127001105661396,2.599354975868526,4.136862650407348
2010-06-01,1.896795764202064,3.6368530329474242,2.577938743081374,4.102778804856397
2010-06-02,1.8876240163215907,3.669067160738238,2.611720789724404,4.156542791810574
2010-06-03,1.8944683556273338,3.6452881028785766,2.5928846360818443,4.126565131504597
2010-06-04,1.8901356744023672,3.561932136403043,2.5252422498816434,4.018912554748495
2010-06-07,1.8582616158433969,3.5914872209338218,2.55368527584102,4.064179512454646
2010-06-08,1.8631447120768088,3.5826266628093877,2.554155441223295,4.064927778708199
2010-06-09,1.873599497175454,3.609912005898808,2.5651001679674983,4.082346265874186
2010-06-10,1.8442880675819162,3.5561731584299783,2.5255845087516144,4.019457258318843
2010-06-11,1.8521582700642836,3.510877212046223,2.4529665122966517,3.9038860185032527
2010-06-14,1.8272831226444537,3.442464726790079,2.3828673721254834,3.7923235280039007
2010-06-15,1.7970035245783882,3.376293175593164,2.2900986293830394,3.6446824591467184
2010-06-16,1.8288937231881732,3.376374142881157,2.2906281644332864,3.6455252119803196
2010-06-17,1.8040590739113558,3.384538139501134,2.3053023666070422,3.668879143805985
2010-06-18,1.8092710611123815,3.446435423550839,2.329644966692462,3.70762029076054
2010-06-21,1.8474336683781638,3.4427084581368548,2.322526383439355,3.696291095072769
2010-06-22,1.845667120078289,3.4722410460161206,2.3386885487558255,3.722013114061375
2010-06-23,1.8485074988491939,3.459201277839758,2.336811911936703,3.719026454356379
2010-06-24,1.8765112622092261,3.5032411513035924,2.3312390962177574,3.710157341280507
2010-06-25,1.871244947543622,3.5409451868663937,2.3622984941937926,3.7595882441868196
2010-06-28,1.8902936332816787,3.5966150210574472,2.4005344597955527,3.8204406246691467
2010-06-29,1.8728352824159806,3.6324726257567663,2.4531785369283434,3.904223454824169
2010-06-30,1.8557493172954724,3.4664275943703236,2.356890372544629,3.747077017584297
2010-07-01,1.8592384839133762,3.317989695384966,2.3143421451499346,3.597375926771983
2010-07-02,1.8405654613516713,3.3238439748869464,2.323983704453357,3.609810783272022
2010-07-06,1.8409035951989545,3.333707468894634,2.3349941550811457,3.5942546546666896
2010-07-07,1.8068699101053385,3.3495917821922987,2.303318207873619,3.6117300427892163
2010-07-08,1.7566136101850764,3.3630373282362287,2.2913870082396213,3.5661819680210236
2010-07-09,1.7874336383235239,3.43533398552265,2.311061771390701,3.63325959895048
2010-07-12,1.779228032761405,3.3752364685728122,2.3086615344190307,3.581668623280418
2010-07-13,1.7648870145932725,3.3593478457651624,2.3267961211006556,3.5982923792063457
2010-07-14,1.7660656204335816,3.335210344848926,2.318675471217697,3.5668620653125185
2010-07-15,1.7797347193392814,3.3130680441938707,2.2588679946327472,3.537725495580601
2010-07-16,1.7751604521940647,3.3106857310107403,2.275461165318855,3.5510913822225345
2010-07-19,1.7403859058641347,3.292702333237689,2.2665506385692953,3.5519964593266073
2010-07-20,1.7421537533792284,3.2700425300830007,2.2904145726031824,3.5325816147390614
2010-07-21,1.7303303283072697,3.2778130305426916,2.298048600127893,3.5585845806456398
2010-07-22,1.7011885117949423,3.245990219169113,2.258827357444563,3.527192368025334
2010-07-23,1.7176269335043473,3.26080222303401,2.271930795845405,3.5576064792251754
2010-07-26,1.7116631858975582,3.246645740194074,2.2713251269645562,3.533545441819455
2010-07-27,1.713242959266925,3.2068690794163857,2.271985602128852,3.4975245466412703
2010-07-28,1.7225054870327448,3.1943850538635608,2.2164516010266833,3.4759454030033763
2010-07-29,1.7344037336340243,3.194167085469686,2.183452236354266,3.4697302974880935
2010-07-30,1.7395171124435453,3.196781345052533,2.163484645555079,3.486964689107254
2010-08-02,1.7023187568075697,3.184126300638301,2.1695473265852767,3.4907770357713934
2010-08-03,1.6954390102852739,3.168146264504662,2.188366245064465,3.5172694939967544
2010-08-04,1.680845238274211,3.1012190803141477,2.1140224017511535,3.4140500312594853
2010-08-05,1.6664995213876517,3.0572814048435926,2.1116888325412844,3.4072271645289525
2010-08-06,1.6696432733642195,3.131039007370785,2.155153491520073,3.4758295677312243
2010-08-09,1.6614543884613537,3.108547274325865,2.16100560932392,3.489326545643065
2010-08-10,1.632315422491472,3.1894634579921126,2.1570694061832176,3.486718819902063
2010-08-11,1.647516779370303,3.1698166481911114,2.150746920167548,3.483343121356011
2010-08-12,1.6672558981150325,3.2208130883279122,2.1598097118160164,3.5011109046450923
2010-08-13,1.6574951700735763,3.2202524293570454,2.1394966970609897,3.469731565413212
2010-08-16,1.6714398139543032,3.2929748123196156,2.1876041271235773,3.557559185103645
2010-08-17,1.6682496712972676,3.2972994193301304,2.1862774987926383,3.56163490561866
2010-08-18,1.6544725212987592,3.287736204029496,2.1647409260301815,3.546104004912296
2010-08-19,1.6465551554317706,3.277557070347258,2.1558023376579705,3.5554791013374203
2010-08-20,1.6333634625211644,3.296255415347219,2.153438565298682,3.556659491078101
2010-08-23,1.6359103242940616,3.3023798434555833,2.1475307539979416,3.548389932379315
2010-08-24,1.6189542908771852,3.312659757042086,2.1659915304049524,3.575927740976279
2010-08-25,1.6029021810509714,3.389308619292197,2.2197069006288648,3.6541238996731105
2010-08-26,1.609224995566137,3.4000856835774136,2.242629522066209,3.690008035188261
2010-08-27,1.5758776594376505,3.4578424653807263,2.256187321530978,3.7070101409931593
2010-08-30,1.5907845672251846,3.4233961404004383,2.256697194260057,3.707218044120919
2010-08-31,1.6065858399995974,3.4345291677257177,2.2655621768915517,3.70954225779214
2010-09-01,1.5950947892753866,3.4146780666553975,2.2354319896614485,3.7145886291337384
2010-09-02,1.5838246269528606,3.4374694891219155,2.2279947740551242,3.7173951638320823
2010-09-03,1.5941188647950086,3.3780986786854776,2.180348218624986,3.6545399080067735
2010-09-07,1.618870671860034,3.427468664403717,2.188606936100221,3.618053555527914
2010-09-08,1.6144257701775038,3.444448585596336,2.196744052709357,3.6154579364207393
2010-09-09,1.6254255280816845,3.3836545037694767,2.163567594721469,3.6015178778226042
2010-09-10,1.6468286797799903,3.324434871044365,2.0997782754251206,3.5144611410728235
2010-09-13,1.6472464526052137,3.3168991223733855,2.077914217079686,3.49332256443784
2010-09-14,1.6484154834571574,3.347589489159739,2.0730617344139564,3.48808291135225
2010-09-15,1.6522676433396493,3.339022180685292,2.0929026752947038,3.5028560014247656
2010-09-16,1.6595150600248658,3.342577550122955,2.090651639207543,3.4987148285461607
2010-09-17,1.6592279534820196,3.335049537787813,2.0912776988941593,3.4987580906061364
2010-09-20,1.645936752255727,3.3728713998464044,2.1153420257974758,3.491122827071987
2010-09-21,1.687338037839333,3.3191885096733356,2.1506393937832864,3.534977177438682
2010-09-22,1.6706755566273306,3.3361797518492704,2.1644471563896754,3.5422050436333863
2010-09-23,1.6491937634303369,3.3750495410113466,2.14890358345798,3.481065232972261
2010-09-24,1.6371855306971534,3.3787410226232604,2.1237140140587774,3.436437181350839
2010-09-27,1.6329950601111103,3.4425968198405674,2.149063767696691,3.462684830855573
2010-09-28,1.6484949697286297,3.528061162623589,2.182102340924609,3.496596150494976
2010-09-29,1.610482302618029,3.499248250336918,2.1405978747552292,3.4321701524138226
2010-09-30,1.620537916692986,3.4619141392997452,2.162143919448864,3.450680838611408
2010-10-01,1.5723242179150232,3.546567386909572,2.1413219388005,3.4602331812485705
2010-10-04,1.5591904740563272,3.5066280947915396,2.1214865890690975,3.421236329321016
2010-10-05,1.5693929223422998,3.4732793606424384,2.149302981308664,3.452285713319109
2010-10-06,1.5500590005176806,3.5184601773444943,2.1111144829088757,3.3929843475186283
2010-10-07,1.5799054635264158,3.5802305597459783,2.16806552686872,3.4846004133288915
2010-10-08,1.6131782122568907,3.5047370798107518,2.229422392779738,3.5120600239958706
2010-10-11,1.6212258025407047,3.5302415738978397,2.22367134309308,3.482499648523346
2010-10-12,1.6469085510433654,3.481131366293878,2.2287816415700874,3.479837437670391
2010-10-13,1.6161205129807934,3.542577607630819,2.2205327981185983,3.465625503251663
2010-10-14,1.611776608530071,3.6322273863764063,2.250658298034123,3.497562982573537
2010-10-15,1.6072824884159025,3.563215475717048,2.260813692802721,3.541957705686422
2010-10-18,1.5981856901917855,3.6298428238225506,2.2819777090765623,3.587238068324321
2010-10-19,1.6568704975521873,3.647085100402419,2.3319256574392284,3.677036600767359
2010-10-20,1.6596825868437484,3.616642055056826,2.319312703878897,3.6435843974708093
2010-10-21,1.65678466849973,3.6750139233618495,2.328503637548319,3.6715431296657868
2010-10-22,1.6472389464358776,3.6877948395394675,2.332094924942021,3.6873798920028946
2010-10-25,1.6378422894146536,3.7254501957190476,2.347487299351223,3.680326608158692
2010-10-26,1.6559235498006595,3.7015430327430443,2.3632978573353483,3.6971510140406076
2010-10-27,1.6718939740122247,3.6395824725494905,2.355091901730006,3.6782802860259953
2010-10-28,1.686389623395071,3.5878709969794147,2.3697503652340934,3.691032838142599
2010-10-29,1.7296443331226128,3.600834847277201,2.431628270863052,3.7808301970588603
2010-11-01,1.736002091152293,3.6525150495716083,2.4469854210015614,3.7968712619613854
2010-11-02,1.7677690484505568,3.7344274276846297,2.4752952920341538,3.843637330350606
2010-11-03,1.7675729526441206,3.707948146301602,2.45942355405165,3.8078933974441083
2010-11-04,1.7802315858269646,3.771273302812249,2.5360129298153113,3.8873076944079767
2010-11-05,1.7903210940955647,3.7504118426364763,2.5458085566908997,3.8920312102443466
2010-11-08,1.8110049009965445,3.7665652754723764,2.54143128427555,3.905989826922448
2010-11-09,1.8633058403938194,3.9134294432565957,2.6525820691184934,4.018764432088011
2010-11-10,1.847900740196329,3.8467609289355513,2.5634191863209286,3.9096245746181846
2010-11-11,1.804714154590775,3.7973123193363154,2.5294785179072807,3.8340115480136143
2010-11-12,1.8195931873428637,3.7726195284178408,2.4671720023880663,3.797996200261798
2010-11-15,1.8013610289446336,3.7511458950481558,2.4740079469754734,3.801675210294336
2010-11-16,1.821896331822704,3.7509622431828102,2.4085016652366704,3.756867518744621
2010-11-17,1.8252794974865845,3.7230473565374256,2.3740926265733284,3.7297865186076127
2010-11-18,1.8436037448596145,3.822724098157314,2.4136719384382417,3.7719374476241696
2010-11-19,1.8437809809809778,3.7623500179529192,2.383715855801066,3.7742310470336418
2010-11-22,1.836708354011016,3.7134704773003024,2.395303917536227,3.7651264817379198
2010-11-23,1.8140750054335781,3.6749777955140637,2.403140489632827,3.7672361955592715
2010-11-24,1.825328918439535,3.6918035917172856,2.3944962947565087,3.7421062180282076
2010-11-26,1.8123921834035575,3.640901895455834,2.3593002225285655,3.7071732040222023
2010-11-29,1.834449971261348,3.706998225415473,2.3931767030466515,3.7614778864731293
2010-11-30,1.8268494804871238,3.733765597028135,2.4182889110491517,3.8057299443190655
2010-12-01,1.7962444904506076,3.6536058883013434,2.4129580226435423,3.7626711701889906
2010-12-02,1.7971502504086814,3.7243737256873346,2.4089385749018044,3.7535258442936885
2010-12-03,1.787272790372062,3.7386089914949787,2.438691510865602,3.781057312727903
2010-12-06,1.7497574574319212,3.7716536362630917,2.4271648450133094,3.7770185645677845
2010-12-07,1.7756723902593154,3.7929689112554996,2.432015484568355,3.774101267251549
2010-12-08,1.7215906532698495,3.709008039391724,2.4099525783273146,3.7274349027917943
2010-12-09,1.7673842262081167,3.7408988006921597,2.421066608178285,3.754875088300498
2010-12-10,1.793283751306713,3.7429848577122797,2.4475710048823265,3.793832492148925
2010-12-13,1.7946238022824579,3.8045938297303024,2.4995482543526624,3.8576208061237156
2010-12-14,1.8308987541697685,3.8552623635517316,2.5046702266219736,3.8703661144769503
2010-12-15,1.816171768290385,3.8575138711783423,2.4960775512032147,3.853739718222585
2010-12-16,1.8377872608847627,3.903349170367679,2.5070643283388003,3.8730760474714945
2010-12-17,1.844278282512531,3.9479371547343383,2.5638435070875167,3.9634650070038364
2010-12-20,1.8284983279914426,3.931855323121241,2.5533438958388155,3.9382072533921892
2010-12-21,1.8560451888670926,4.012078106768781,2.59631820643975,3.9944686416054775
2010-12-22,1.822081794867101,3.958612304955266,2.572885881359491,3.9724139030528582
2010-12-23,1.7967463330665274,3.972152446022887,2.5791041914938773,3.9597471002181606
2010-12-27,1.7807846568080588,3.9684829007785822,2.5919142222766753,3.961030904807224
2010-12-28,1.773493399705541,3.9452154270548845,2.59518225328222,3.961545878852624
2010-12-29,1.7802485274069104,3.937776957110393,2.5840741483720877,3.9594603833424014
2010-12-30,1.8174421666146259,3.8753080516041947,2.5476647605948557,3.8923940102864263
2010-12-31,1.7938244888642068,3.893283077316114,2.55231043288663,3.8842279620493976
2011-01-03,1.7698604138114322,3.8801609113883875,2.546186799161742,3.8963918612595743
2011-01-04,1.75183100269361,3.8482086321794906,2.5428301402820037,3.89386138107299
2011-01-05,1.758379188649722,3.8645402319432605,2.6004732126155234,3.947419408219969
2011-01-06,1.7423841669935032,3.887374927618751,2.599005209931099,3.9766971177086776
2011-01-07,1.7508496766449877,3.9408417690120316,2.612400088769795,4.026359853481623
2011-01-10,1.755134757969437,3.9363669701142987,2.5991729611240793,3.9687556008786777
2011-01-11,1.7580663927932116,3.9816053872686874,2.5829934997027966,4.012611018111921
2011-01-12,1.7553661518052452,3.8705693318201964,2.567453512056127,3.8843308747587875
2011-01-13,1.7761074314517953,3.801022966354289,2.5506067112295665,3.847276574600316
2011-01-14,1.7410080406300008,3.768143844130175,2.4939719057757217,3.7347927575222086
2011-01-18,1.7340764078610256,3.789273402600315,2.514289826819824,3.7863991646895236
2011-01-19,1.714724110863682,3.823924249116035,2.519540168207479,3.791575010854037
2011-01-20,1.6620406784983686,3.8122107416982356,2.5234486301939385,3.7866574212946316
2011-01-21,1.6416341274482715,3.8612975574511816,2.542320819244939,3.8273023969512194
2011-01-24,1.6346001878238148,3.90426908935524,2.561168441662434,3.8467741842145258
2011-01-25,1.6255707759167883,3.9218544344096538,2.5835831532359856,3.9271564214809174
2011-01-26,1.6214475876510794,3.9371518982966665,2.5833083828607046,3.9219509091887024
2011-01-27,1.6452742534944163,3.994185427026545,2.634430935834831,3.9725264549024755
2011-01-28,1.6691684642736306,4.012898603349831,2.621264987787371,3.9623052958839846
2011-01-31,1.6574454251358886,3.9674971614545664,2.5882307242959124,3.901812395561336
2011-02-01,1.6491041542647735,4.003269171966634,2.6275038681980227,3.909758513839305
2011-02-02,1.6402571561638577,4.00146026010326,2.638402078618355,3.9833548800386587
2011-02-03,1.634258013360193,3.9724884330581647,2.6056582462588542,3.9506763251343346
2011-02-04,1.6480761933525199,3.9761242039771987,2.622003566666981,3.9874076014281505
2011-02-07,1.6523994690992605,4.0374445912539985,2.678868418830162,4.102598342005782
2011-02-08,1.6524594786115023,4.015224857741464,2.6761377934252137,4.072382358536721
2011-02-09,1.6332822615961509,3.9931222592096565,2.6749087256169455,4.06063221491188
2011-02-10,1.6198107234453643,4.086760213456085,2.6852660080273263,4.096855597861668
2011-02-11,1.6092310519344837,4.083202359631921,2.691789101637552,4.135458730330676
2011-02-14,1.610118676615293,4.12001882949174,2.6984854417182222,4.14833719842168
2011-02-15,1.6131853541665702,4.190717297032553,2.6880130256579364,4.177452474384094
2011-02-16,1.612329235071013,4.283268412759837,2.7136875748121394,4.224691657992778
2011-02-17,1.591216993426904,4.27257557894667,2.7406358065724987,4.231037993030775
2011-02-18,1.6070713826936243,4.331098076463935,2.7124866813144726,4.246881181186524
2011-02-22,1.6518141827832913,4.400141453065325,2.6668672286715096,4.239409612181517
2011-02-23,1.6493641268427233,4.301291352132314,2.6218516090813626,4.069710965341728
2011-02-24,1.6559245400221656,4.375108726999554,2.6389586675572683,4.049234973558862
2011-02-25,1.6247226903000331,4.318358114755542,2.64310781481648,4.005118872307225
2011-02-28,1.6002263710115883,4.409371513450987,2.68785036065345,4.101797900714509
2011-03-01,1.5932000462589104,4.349740296295113,2.666270717884701,4.075638327315716
2011-03-02,1.602353511332619,4.41312884006254,2.6726495776951893,4.08851283752232
2011-03-03,1.5959614375236264,4.391865892184698,2.701975939465002,4.06830997956358
2011-03-04,1.5790365058115787,4.3682295272454175,2.69521401797048,4.072250229167563
2011-03-07,1.57307713923749,4.4409203314509105,2.686271970437889,4.110146611459424
2011-03-08,1.6053148449204164,4.524925259473945,2.7046072668543966,4.147558609538174
2011-03-09,1.5836860481173483,4.505987922163907,2.6766591669648125,4.145807274769965
2011-03-10,1.5960067686935981,4.436612707996514,2.6386605365230813,4.071717769389517
2011-03-11,1.5857546691846192,4.509924795805404,2.6349223527754093,4.116981617010382
2011-03-14,1.5871616196748497,4.4534224315591615,2.64110846544448,4.070360992009827
2011-03-15,1.6124925421375444,4.477209314293795,2.585703372741078,4.094187736342192
2011-03-16,1.613809501692469,4.502543537532514,2.597821771023957,4.084224504801683
2011-03-17,1.5741622041563834,4.319745217007618,2.607321517444351,4.012589842876742
2011-03-18,1.5138633485248136,4.261516787352619,2.6917419072897295,4.071851964569222
2011-03-21,1.502641307244467,4.24944665109876,2.6522288956982436,4.003446470768632
2011-03-22,1.5049316659321579,4.257535083587829,2.643020899235882,3.9561112078622034
2011-03-23,1.5008099492528315,4.25741952176026,2.5973510373557067,3.9259489210398866
2011-03-24,1.5028849211536734,4.232161160000759,2.645829305708499,3.990181068389243
2011-03-25,1.522733798921166,4.201453784831891,2.602224672337922,3.9568707487697066
2011-03-28,1.5356658322550383,4.202927131279714,2.561828569509123,3.953595805573966
2011-03-29,1.538718653634009,4.124765747011023,2.5995689153454404,3.986578949742559
2011-03-30,1.5222203210118948,4.1260276366453565,2.59350255752164,3.9711221206369305
2011-03-31,1.4895001970194737,3.990607525994908,2.626081214135625,3.9526789380240417
2011-04-01,1.4957981983210282,3.9478172626404255,2.5959220915347077,3.90977827763306
2011-04-04,1.5146206652547092,3.9215834318049283,2.623783704349358,3.972563980018565
2011-04-05,1.5228852535147217,3.9684698307038477,2.658103846039749,4.049077813417145
2011-04-06,1.5040722517015035,3.977268556939636,2.6559340989456226,4.033569124013563
2011-04-07,1.5324574422366606,4.046556181838631,2.6860803540529274,4.0425709643058685
2011-04-08,1.524171931327872,3.974041377832981,2.6546654613001306,3.9867811508666686
2011-04-11,1.519659453197503,4.003420849349971,2.6586028478436496,4.0586784898492265
2011-04-12,1.5280871953265887,4.037057719435321,2.632729771141153,4.075974811490058
2011-04-13,1.5367711934012274,4.05041478830286,2.6042329948763623,4.01556120347833
2011-04-14,1.5554576482432743,4.107800274967171,2.593125373269236,3.9914862209638513
2011-04-15,1.5833296088644844,4.157022547390214,2.582948474520819,3.973996040017108
2011-04-18,1.559216962411839,4.096288261052484,2.632713123673038,4.035053444542919
2011-04-19,1.5800941810327147,4.0495699479943,2.6270381462537817,4.073737789470504
2011-04-20,1.623590565760323,4.0988258193289395,2.610773999507872,4.025815721592663
2011-04-21,1.6108140862361815,4.0867094209234,2.6321666821572838,3.9922116234063085
2011-04-25,1.591838218734456,4.016589687306784,2.665952275879767,3.980833621767792
2011-04-26,1.5957386500637976,3.9909745917754185,2.6467096931432077,3.9234102376071283
2011-04-27,1.6465011990023415,4.108845657673757,2.615321805497269,3.863983377633305
2011-04-28,1.701850480231811,4.265378477698775,2.577457325612217,3.8015779913448173
2011-04-29,1.6714997097671611,4.2352900446415935,2.605666319634371,3.7298483274260934
2011-05-02,1.6822761269695057,4.258343821724802,2.5736507087216247,3.693733795612835
2011-05-03,1.6323078768883823,4.237024143956937,2.589255894883516,3.767069015721627
2011-05-04,1.6120984009782717,4.162102540285901,2.52999087795875,3.6833269495092704
2011-05-05,1.57358768270848,4.169582354497788,2.53206043868864,3.7069113080212337
2011-05-06,1.5696019500326701,4.173017043169085,2.4940744946331352,3.7081936862829745
2011-05-09,1.5805716422159524,4.1309697592392975,2.5490656866999024,3.7833981607535674
2011-05-10,1.5698526382996265,4.140100954679247,2.5956861087961625,3.857411657026963
2011-05-11,1.5490290847305896,4.162699192024966,2.517278067194517,3.7649092547984417
2011-05-12,1.556449879214457,4.083578783507532,2.4912434798689826,3.7279305496391837
2011-05-13,1.548964259859981,4.103574192720843,2.5139139332557563,3.76242521766922
2011-05-16,1.4875647576155768,4.035750563637346,2.5127489143856145,3.747749980234354
2011-05-17,1.4643712348991316,4.002073721402563,2.549713995255252,3.7807896415380564
2011-05-18,1.4505742309624576,3.941198591389145,2.609343010811703,3.8167108455850074
2011-05-19,1.4609793662117958,3.9720211892703206,2.605025962985689,3.8025418239255786
2011-05-20,1.4356783738331977,3.8885881115856558,2.5985205580100024,3.773299628862671
2011-05-23,1.4290054117924327,3.928617214520153,2.59976388275112,3.779770286978018
2011-05-24,1.457341056272758,3.9767544466297196,2.5972011648968127,3.808602956591525
2011-05-25,1.4675538284978364,3.9752762045777628,2.6211801760821154,3.8555278846017793
2011-05-26,1.4655500774761718,3.9408983857306836,2.6041138985421526,3.8489101889314083
2011-05-27,1.4441726845436793,3.9091489358964666,2.6111105598823077,3.857633427905961
2011-05-31,1.4436870593030962,3.9437075754745132,2.573836624939103,3.834341026968927
2011-06-01,1.42511099570201,3.965615233894095,2.5623819040357225,3.797822141069604
2011-06-02,1.43813242791495,3.9276686111721557,2.589345082206918,3.8089203448755526
2011-06-03,1.4639149447088715,3.8936898197625838,2.608902092558295,3.824238538892682
2011-06-06,1.4568517635835787,3.9167821491497254,2.5734928358235227,3.7802625661080587
2011-06-07,1.4940759530435146,3.918556533684967,2.5550871890245723,3.7400459216041346
2011-06-08,1.5009622044052535,3.881666795152149,2.5331733706996196,3.741585798098849
2011-06-09,1.484878187713898,3.9701702048539596,2.565737553789304,3.835657578529328
2011-06-10,1.486105198415646,3.994136826623773,2.5726514205275914,3.853574662861896
2011-06-13,1.486421996998933,3.9716336230201734,2.56056613940895,3.857502075194331
2011-06-14,1.4706639549181642,4.02182975055958,2.5893135342737987,3.871237634911311
2011-06-15,1.4826081979585488,4.017804896651106,2.562180738084905,3.7640699253848533
2011-06-16,1.5047101838549664,4.036390766743783,2.5638057258413336,3.74324526171791
2011-06-17,1.4964184001612115,4.0867401264635985,2.5783726777296363,3.7649099439927483
2011-06-20,1.4904805322016808,4.161637217290799,2.5972586262160773,3.784542473885303
2011-06-21,1.4735439443345808,4.2091843193690766,2.603416759933015,3.79385330445185
2011-06-22,1.4700642834812219,4.284703141462939,2.6085260029180133,3.81327867551399
2011-06-23,1.4571345209701707,4.278879889753878,2.651953123523426,3.8769708677193235
2011-06-24,1.4488429624707249,4.277760123471353,2.659628063713507,3.836640300587984
2011-06-27,1.4582409951074762,4.273655573522373,2.6288236671446747,3.773471513257157
2011-06-28,1.4722342455205424,4.2677353721324796,2.6541494483529915,3.8334309055170057
2011-06-29,1.4706695996854662,4.347393529817931,2.668308997907561,3.8712219113249042
2011-06-30,1.4864622736528963,4.346479628833983,2.6015110652240847,3.7589565961726543
2011-07-01,1.4644355840201901,4.297742804319199,2.5953801287104845,3.737267864731995
2011-07-05,1.4775208125130324,4.262121324701904,2.607502017072241,3.6954858494809684
2011-07-06,1.4844186127581263,4.349275213040787,2.6250713461211443,3.7622992142194396
2011-07-07,1.490312915703956,4.410494659469104,2.665008591283242,3.794169740027335
2011-07-08,1.4798885821244443,4.356588049628189,2.678902629903806,3.7721889179619668
2011-07-11,1.480087814337238,4.2922290016436095,2.6371848945204674,3.6845472486735265
2011-07-12,1.4870283453068047,4.236937021116251,2.623266167675006,3.6543375738178048
2011-07-13,1.4889773204132308,4.259292007365334,2.637303725090458,3.6630513591482132
2011-07-14,1.4854415610244034,4.278727387280034,2.636057459390469,3.6529770045044527
2011-07-15,1.48947127759308,4.221611094441638,2.604117594626833,3.5857086699875875
2011-07-18,1.5116237463202968,4.2682800418864755,2.601270975270999,3.5850548871856946
2011-07-19,1.4905712513167493,4.287127470995879,2.5979278470725347,3.609530055217547
2011-07-20,1.4779415042934638,4.279921214003821,2.5745024277097794,3.6198368792483326
2011-07-21,1.4870391855545086,4.31059023806136,2.5701786503337023,3.597338951346949
2011-07-22,1.4934224406509204,4.320402752871999,2.6158986575335956,3.6512585192362343
2011-07-25,1.5095515929220096,4.319159160315897,2.6277470062958073,3.6858230518837343
2011-07-26,1.4945667473765043,4.324564600930521,2.640623675258292,3.684173418112922
2011-07-27,1.4927037412478001,4.381305734588607,2.6575078501885954,3.7232460901188373
2011-07-28,1.4756530617032249,4.351749863121258,2.6440992658144653,3.7208000107912658
2011-07-29,1.4908251524435994,4.414869715324414,2.6676270844187884,3.768000468140633
2011-08-01,1.469973035068617,4.367253761454016,2.6676306093360505,3.7638319187547244
2011-08-02,1.4248104715364935,4.280826365075172,2.66797757746985,3.751163635370652
2011-08-03,1.4029570318715767,4.305124168963172,2.681172120519324,3.7779113782876856
2011-08-04,1.384139333766778,4.337139558132437,2.694460789595719,3.819486076638727
2011-08-05,1.3877307125408385,4.241547576290817,2.638055414737533,3.746897178262039
2011-08-08,1.3731635521686005,4.284146721531271,2.6337719000451716,3.7629146200646764
2011-08-09,1.3906254031361704,4.240787645156929,2.5972766410432984,3.7215903415823695
2011-08-10,1.390321951524084,4.201644138869805,2.5833885511816086,3.6995320730543377
2011-08-11,1.3905872974480555,4.095329904979064,2.5583554958797294,3.6358407085681965
2011-08-12,1.3794283415603859,4.15056430678812,2.5812661386739117,3.6656559226594565
2011-08-15,1.3564762268658672,4.140884080763236,2.59402858870077,3.6692856626253683
2011-08-16,1.34514740797606,4.188650054416085,2.625156217891969,3.716502409989037
2011-08-17,1.3401303022581554,4.271778737600993,2.6872427165830586,3.788914465510781
2011-08-18,1.3260380534923797,4.329179183478931,2.7192025142421414,3.8383982976470032
2011-08-19,1.3319303456253782,4.372792351503165,2.749487670242116,3.8738142946695446
2011-08-22,1.3193867163615356,4.360388518983346,2.720128883250498,3.8165435962826884
2011-08-23,1.3142652191185151,4.247612448528035,2.6604325617304916,3.7207704191755213
2011-08-24,1.3118023842019024,4.148448234008985,2.653674242728309,3.7139962915599316
2011-08-25,1.3165705549021431,4.121701296320354,2.6667148731194517,3.73269398180308
2011-08-26,1.2911674374831912,4.074452396462236,2.657216335503814,3.6935892750678554
2011-08-29,1.2665816659472011,4.033197976890072,2.637198072245455,3.6455299671651344
2011-08-30,1.268863754088236,4.043454386174094,2.6558069812819256,3.662169738715742
2011-08-31,1.273232839420578,4.05362272825965,2.6568598114944506,3.6634108658946962
2011-09-01,1.278011548538515,4.118045918248683,2.6779094401192256,3.7128717011148904
2011-09-02,1.267723711587745,4.146689421948527,2.698168424936094,3.7311879778230708
2011-09-06,1.2958512006429392,4.0786990443326365,2.695876407099844,3.747505841457274
2011-09-07,1.3025321990578145,4.116026865935537,2.7318378542750534,3.7997047767097696
2011-09-08,1.3095410551321978,4.170235949907517,2.7500239358511545,3.8283658862897374
2011-09-09,1.3128643398864823,4.116919260843005,2.7391120469008055,3.8055270334651428
2011-09-12,1.314176474178794,4.102326813702686,2.75789683201545,3.85896478926579
2011-09-13,1.3211159438788982,4.132188725129087,2.7475015713211226,3.848335398678893
2011-09-14,1.3392253143063126,4.100345492192324,2.744281757143203,3.8521208266026568
2011-09-15,1.328414482710608,4.103401696494403,2.7409290693190376,3.8697014155492897
2011-09-16,1.3269768139286817,4.117638501746449,2.7212947200281254,3.845066546011129
2011-09-19,1.3238565470953751,4.0603351665283585,2.729396596376617,3.8749522963316565
2011-09-20,1.3346643310198802,4.084477470016264,2.733224112629725,3.8784526514188618
2011-09-21,1.3370540868480496,4.046809908167752,2.699858367720415,3.8480156148608233
2011-09-22,1.3407246392011882,3.9704126032402285,2.656537158677682,3.8226971242868077
2011-09-23,1.3952058139287724,3.7921788018749085,2.587236433527052,3.7478040997480937
2011-09-26,1.377497193151,3.714684576836175,2.5682345585863926,3.718540619847465
2011-09-27,1.3680142334522838,3.7594572474596792,2.576060511300267,3.726674005473734
2011-09-28,1.3777385574023577,3.757594167841883,2.5861797418109784,3.7801633102584007
2011-09-29,1.373099471167831,3.8027546146757287,2.613260726937576,3.813052803701125
2011-09-30,1.3789249512586668,3.8446709536139942,2.620728519529592,3.8766499156362375
2011-10-03,1.380123871452023,3.819240546291455,2.634316815850543,3.8983941191556433
2011-10-04,1.3844289665483078,3.8036136066285553,2.670657417360474,3.9714854024798734
2011-10-05,1.3815292640691816,3.854297918219443,2.68266005124428,3.985054680127493
2011-10-06,1.35250128648522,3.985875616880845,2.713495360016049,4.030860108018782
2011-10-07,1.3641386009560024,3.983083971027906,2.7013541445627425,4.019174583081485
2011-10-10,1.349020188278279,4.063198346070386,2.7139683477444603,4.01567636683312
2011-10-11,1.3753661332752123,3.9038110214859545,2.6953198982097937,3.9221502540395496
2011-10-12,1.3435220609946574,4.0239915040432,2.711588695076351,3.94159140225405
2011-10-13,1.3363009937571766,4.043479996879709,2.762959721786552,3.997714908197083
2011-10-14,1.3242171231250477,4.1086709504449255,2.762929940591086,3.983890249676483
2011-10-17,1.3338098110314098,4.059859137063415,2.7365054080396045,3.963564398165075
2011-10-18,1.3372809874165137,4.084344378203439,2.7555376764655963,3.993503249831959
2011-10-19,1.3416074250988033,4.048163870049151,2.7465296144960183,4.007853796651099
2011-10-20,1.3534318344454455,3.9717475517492464,2.7207363796056727,3.9702152021726067
2011-10-21,1.3353597903009016,4.048891367532711,2.753349726007376,4.0315802118521615
2011-10-24,1.3181859063406263,4.138323638055636,2.7467134129213107,4.0057888014300085
2011-10-25,1.322146282036496,4.157421905849996,2.7308237491948515,3.9839759897391223
2011-10-26,1.291264789918035,4.2434144027955245,2.7553978628442684,4.036081451170332
2011-10-27,1.2814400031243958,4.29120210723519,2.754333360156901,4.007292659164991
2011-10-28,1.3014555077273273,4.214432455823581,2.7104858362969435,3.962967317200423
2011-10-31,1.3238603008599856,4.152025947344648,2.680572442277962,3.9308640557395114
2011-11-01,1.3078190092770587,4.074735581652029,2.7264919959246865,3.9982017333335254
2011-11-02,1.3274475052670438,4.146311183486126,2.726471617825093,3.998171850336165
2011-11-03,1.3371717214815204,4.1875003360393075,2.704139505666133,3.9654234360087393
2011-11-04,1.31709013053409,4.193910265656402,2.7319297567506204,4.006175813137244
2011-11-07,1.311501636440897,4.27924679706314,2.75250377505219,4.036346110999084
2011-11-08,1.3071920899872234,4.253682699834062,2.7402995039156286,4.018449437146673
2011-11-09,1.3025709724068075,4.219252799426973,2.783265286252575,4.081455624463702
2011-11-10,1.2871729785787525,4.265448668562683,2.8187335257821253,4.133467211872468
2011-11-11,1.2907614777951169,4.289713716152489,2.7925253816779723,4.095034879284914
2011-11-14,1.2901265036498089,4.2769230058499765,2.795864376965213,4.099931272439559
2011-11-15,1.256967691050717,4.254801018792204,2.8564109240475903,4.188718369505662
2011-11-16,1.2506499029127174,4.315077749807074,2.865535484628065,4.202098872358152
2011-11-17,1.265621918570531,4.264327351379367,2.8262419104236014,4.144477710539969
2011-11-18,1.2651347996636748,4.26137645503594,2.841425068949519,4.166742705568943
2011-11-21,1.261324735791353,4.199522785666224,2.8515009994069307,4.181518322985017
2011-11-22,1.2837412041009886,4.228733304615567,2.8585517316813567,4.191857707822023
2011-11-23,1.286102065964961,4.219241569168758,2.888234747856407,4.235385686961167
2011-11-25,1.281405913323336,4.1743101430544405,2.871602738789729,4.210996058244631
2011-11-28,1.2740508129380834,4.220875320737765,2.894135630497615,4.244038901142445
2011-11-29,1.2751899218185712,4.142959587811453,2.847305882054693,4.175366489238825
2011-11-30,1.2872524557720049,4.1306179189505094,2.837404038706519,4.160846157876385
2011-12-01,1.3096528000040162,4.089139242123723,2.8072430668188777,4.116617291530751
2011-12-02,1.3228451429045969,4.072004011869114,2.7955318412786028,4.09944363309912
2011-12-05,1.3071992274063815,4.12660386741523,2.816414694424832,4.13006681474462
2011-12-06,1.2998629273245448,4.129016243412695,2.836947431194637,4.160176576249815
2011-12-07,1.3069344747039784,4.086161107726338,2.7914927755284458,4.093520637650219
2011-12-08,1.2867353832740422,4.053103467254505,2.811699111773494,4.1231517565825415
2011-12-09,1.2859559143148382,4.103508724550017,2.836716521877019,4.159837964570292
2011-12-12,1.283920796895833,3.9954031184671246,2.7803163602247967,4.077131239439515
2011-12-13,1.2898174164870964,3.989980139975738,2.764110053533224,4.053365872219647
2011-12-14,1.2641047303212218,3.9295755954938665,2.7641614584353515,4.05344125376087
2011-12-15,1.2663305392979565,3.9246703788878983,2.769526581949378,4.0613088162424
2011-12-16,1.263726715589268,3.9431097172954366,2.765215170923304,4.054986446302078
2011-12-19,1.243480556334255,3.9218093769811713,2.7966674327952443,4.101108895266394
2011-12-20,1.2589999270661087,3.9058758879044455,2.7734314734211116,4.067035054894156
2011-12-21,1.2613195533781636,3.8437665611953626,2.735593809934298,4.0115488799982115
2011-12-22,1.2662412921732114,3.8281785178833987,2.7448829155064627,4.025170676084633
2011-12-23,1.2774380055321404,3.8368196185305714,2.773770046832464,4.067531548117738
2011-12-27,1.2685478125272631,3.837412190744863,2.7398949243935053,4.017856150773908
2011-12-28,1.228924671434804,3.7953509322522105,2.7591865715237174,4.046145944806005
2011-12-29,1.21696938543159,3.822735577473307,2.7966246718118577,4.1010461894018055
2011-12-30,1.225935952415408,3.825228064926095,2.7740360135851923,4.069288584366404
2012-01-03,1.2336143043812158,4.001385457751569,2.886903592844147,4.235973031354328
2012-01-04,1.2321945608839755,4.041678288255227,2.9141206590841606,4.276780172539737
2012-01-05,1.23577288423988,4.106247090564307,2.9298857672578515,4.2920053120580715
2012-01-06,1.2195135820905234,4.1005903181986545,2.9520931795778482,4.3171441977846845
2012-01-09,1.2400023770454793,4.057271603208045,2.888216119807167,4.21924543914717
2012-01-10,1.2637152090239805,4.118961158392949,2.9271663309399973,4.290802051130981
2012-01-11,1.259643450636651,4.087619635613472,2.9429430004452217,4.3154034752231425
2012-01-12,1.2649478620927883,4.155513499311919,2.9425624019514385,4.313956158286721
2012-01-13,1.261174010516334,4.25231632863233,2.9836855319446522,4.388772998164777
2012-01-17,1.2838505915912337,4.340383145239987,3.004130636826466,4.431388093245447
2012-01-18,1.302743957875528,4.439294104512643,3.0560781994603636,4.50442841397482
2012-01-19,1.3335875445019212,4.452827884627645,3.088266907982815,4.563752351744746
2012-01-20,1.3551540938986182,4.517654503392939,3.135782927964756,4.638256980765435
2012-01-23,1.3575754689348398,4.514254007793942,3.073837730371869,4.547252252415462
2012-01-24,1.3293783862771227,4.396196527431945,3.0188012137391182,4.480432310314442
2012-01-25,1.3070585090488598,4.3379641189365925,2.9584764958468437,4.39149352256131
2012-01-26,1.3295447422145676,4.348445901419566,2.946835867979995,4.359093308417779
2012-01-27,1.313945449078798,4.373788651457917,2.9639666759163523,4.38618403061026
2012-01-30,1.3123284526903096,4.428262729882059,3.0135166519902485,4.450423154267198
2012-01-31,1.3226790910157407,4.387766024079574,2.997202717179019,4.438886933677948
2012-02-01,1.3294452426203753,4.463385976897059,2.9874236184970018,4.461381803865774
2012-02-02,1.3515585145241016,4.415633661163992,2.9408880534611543,4.419571063020793
2012-02-03,1.32810081669964,4.427320719736636,2.891260143620822,4.408191986305213
2012-02-06,1.337298151470692,4.434170136888117,2.8740276459066476,4.441078268535
2012-02-07,1.3491250003118707,4.464612602349848,2.902589427984609,4.4618633259579745
2012-02-08,1.3556893929290557,4.439142731425385,2.8886140046220152,4.426574302467195
2012-02-09,1.3714066276598613,4.482399572807052,2.9210718822186803,4.380262899052593
2012-02-10,1.389832952708415,4.521420833754351,2.9321967927355654,4.40066072524695
2012-02-13,1.364485492979612,4.539256032688685,2.8886333405050997,4.382302438967413
2012-02-14,1.3543645812714593,4.487361854898008,2.835196859990269,4.30502090708772
2012-02-15,1.3241129413366646,4.537225557955263,2.816465376437111,4.286016684621717
2012-02-16,1.3261398397774502,4.433101281353035,2.779372981021044,4.225496217618454
2012-02-17,1.3473828563706554,4.4307819557545685,2.786727309904882,4.221441795606116
2012-02-21,1.3632200734090967,4.488641259571086,2.813000625131717,4.244038454846922
2012-02-22,1.3788700445950408,4.504210002876801,2.8008104765547155,4.178580376665686
2012-02-23,1.3862701314383636,4.62422316571813,2.8556211162233907,4.248665617919924
2012-02-24,1.3725160075697653,4.618035232893809,2.861925551672499,4.2919947997734855
2012-02-27,1.3679622101196909,4.642428189941412,2.8488875235260127,4.283438337371671
2012-02-28,1.3647856151105733,4.713926020051221,2.879968592549039,4.35341749668038
2012-02-29,1.3440416515842344,4.65988826845752,2.8208020643633835,4.278783029742577
2012-03-01,1.327487998755722,4.769520404632027,2.8838010708356694,4.352123420037157
2012-03-02,1.329659609551371,4.7361587257265345,2.8616452243974173,4.3022870628894685
2012-03-05,1.2990962907483095,4.697980404128538,2.8864087934258857,4.404533629973185
2012-03-06,1.2906213237561628,4.663923295727782,2.8452564081530567,4.328842822941513
2012-03-07,1.2724281843533314,4.760142114812113,2.8957748914587746,4.3851839988957595
2012-03-08,1.293315914675695,4.822746270224677,2.8620415682778804,4.32501726833224
2012-03-09,1.3115944823977472,4.7883425550430125,2.8582727182239216,4.307087819481917
2012-03-12,1.306769562100128,4.821876871137304,2.8964432494043377,4.351672408752014
2012-03-13,1.3069697486267855,4.83113919009493,2.899341367255196,4.35668584251712
2012-03-14,1.29013834752968,4.836516522679114,2.922021160964676,4.375920068366311
2012-03-15,1.2732721029211074,4.821132115619168,2.9481244471179955,4.418359224860543
2012-03-16,1.2748534090119779,4.82635035612072,2.956625464908041,4.433460473292107
2012-03-19,1.2717479152730389,4.839452230094668,2.9490983629138827,4.449202606817756
2012-03-20,1.276739961987535,4.862806206328695,2.9132336885970496,4.375449444185471
2012-03-21,1.2873730284061093,4.797763143016951,2.879338017357137,4.3313437966335835
2012-03-22,1.258928251714093,4.807804471388256,2.9172393033475177,4.409121183027152
2012-03-23,1.2656227319076248,4.802884367000671,2.9047886723696776,4.3911236565185705
2012-03-26,1.2625656480023353,4.827409141565171,2.8739914048277138,4.365471008141023
2012-03-27,1.2647300467556626,4.830774246202745,2.856423639788944,4.365677482206719
2012-03-28,1.2366127667134874,4.835028037151481,2.8592136475620182,4.3925739894872455
2012-03-29,1.1898904704024813,4.937970259474759,2.915338925853838,4.471168419556867
2012-03-30,1.2201160128079938,4.785037165666361,2.8485778849520313,4.369950663083045
2012-04-02,1.236796077700136,4.769004682550052,2.835187786333024,4.3338101956711155
2012-04-03,1.2374187581676699,4.786130973786814,2.8261460679072767,4.3298986360940255
2012-04-04,1.2317739185535688,4.782163056161953,2.898612289852846,4.3828504126865875
2012-04-05,1.2436723482550776,4.82917179602679,2.917778000415628,4.385147627160743
2012-04-06,1.2436723482550776,4.82917179602679,2.917778000415628,4.385147627160743
2012-04-09,1.235485181337915,4.783611357988273,2.8819811282398144,4.358429676820642
2012-04-10,1.2445582704245792,4.7526665312078045,2.8595768559892356,4.324870003773208
2012-04-11,1.2537919390673062,4.690549471455458,2.8484779549057824,4.3456881466179
2012-04-12,1.2436069235708826,4.731059779092761,2.838474868975053,4.326896651782547
2012-04-13,1.209865319960947,4.668390624395645,2.837201463330077,4.30630147313622
2012-04-16,1.2030263688378937,4.6586051336743255,2.839182602078732,4.262909459940711
2012-04-17,1.20578450876982,4.670713622432085,2.8437480415625855,4.282830748149638
2012-04-18,1.193733942226548,4.619424087341421,2.8075275718671,4.279789973573994
2012-04-19,1.2076952174247462,4.657462647054679,2.8189584177084215,4.286259708030443
2012-04-20,1.191969986790583,4.635124303075979,2.8161046073470355,4.207257134170094
2012-04-23,1.1898020601977115,4.563483262308851,2.8154629457984877,4.233322584731205
2012-04-24,1.1833485542798101,4.548620641979293,2.8086450501913602,4.163423648458506
2012-04-25,1.161609545012912,4.5393386571439525,2.8204276100732635,4.1675285775078175
2012-04-26,1.166011398468637,4.562547778550161,2.798795441519754,4.1386253734924425
2012-04-27,1.16255778273572,4.591212391446934,2.8123086142983302,4.116465161672427
2012-04-30,1.168217798998219,4.563329978525874,2.8124321962282073,4.0654184282278045
2012-05-01,1.180232023871221,4.485081774948937,2.7241425463182427,3.9521818450206454
2012-05-02,1.166222179786678,4.551464342257904,2.7256339863296906,3.9813894390541424
2012-05-03,1.1821713123292064,4.463454638585133,2.7465230103956255,4.027763144040772
2012-05-04,1.2009537812962026,4.536627223162201,2.739520746347117,3.9716337722811326
2012-05-07,1.2136887126269347,4.480172594962069,2.704692067683622,3.932742254816844
2012-05-08,1.218815335664521,4.4176111592111775,2.6673453035044545,3.9206067363968247
2012-05-09,1.222913107835742,4.404125518056382,2.6684483982969684,3.9281088023181576
2012-05-10,1.2413601589974708,4.429302582523216,2.6870608990356173,3.8445234843698084
2012-05-11,1.2437175276472943,4.4342735568339835,2.684321501592945,3.88792767528722
2012-05-14,1.261689696278568,4.36364480485535,2.686182741867835,3.921537737138341
2012-05-15,1.2755471603857098,4.349746847714816,2.685884225000424,3.8578544182789316
2012-05-16,1.2901786720717696,4.30760507958067,2.713916573730177,3.8303088567258263
2012-05-17,1.3248095873540278,4.251335380131725,2.6783801583193942,3.7514678533593724
2012-05-18,1.3447184453692533,4.1756661748033395,2.573575636844902,3.684741067077651
2012-05-21,1.3147523619797585,4.229265771261984,2.63604312740023,3.76433552961962
2012-05-22,1.3399495606888325,4.20729169575698,2.599359072166818,3.7249082278361287
2012-05-23,1.3589653362595622,4.239804410470291,2.6233424665657386,3.724413621994033
2012-05-24,1.3616634256282212,4.308634922363011,2.6055721781179155,3.7137740021671104
2012-05-25,1.368082018151395,4.338967637269037,2.589424801098643,3.6845236725604362
2012-05-29,1.3569750669700804,4.449405215119926,2.6233488852093054,3.705290760420733
2012-05-30,1.383973147012346,4.5000489662309775,2.6087845431847896,3.672463456373955
2012-05-31,1.3580388783206159,4.460257000118689,2.5993288689203133,3.7433841361480122
2012-06-01,1.3534720920075347,4.626971259108361,2.6283204229420214,3.7812383765025337
2012-06-04,1.3463535767326806,4.607715334470386,2.6223418897009774,3.770380565746121
2012-06-05,1.3459375010071486,4.679272672065582,2.6202836427909744,3.8046177029354453
2012-06-06,1.3240908879266877,4.714982244042719,2.623455819056098,3.8291085352506116
2012-06-07,1.2787057284885974,4.7185475114975945,2.6658017220252423,3.8799686363196124
2012-06-08,1.2985721503262875,4.764095379724262,2.719733890578891,3.9366483351578814
2012-06-11,1.2883005452643272,4.745255687129152,2.6944907567576126,3.893182658841052
2012-06-12,1.2970707012878973,4.8084266555730855,2.6976407575824353,3.8632962842768706
2012-06-13,1.2681222057202481,4.900508588299782,2.6932608223667747,3.8634597903407495
2012-06-14,1.2872536363153693,4.757920454324868,2.6419696013402105,3.7799856188413234
2012-06-15,1.3042349743650923,4.697232136560116,2.6385595979186136,3.7699403902689395
2012-06-18,1.2833879196744604,4.589019063879978,2.6007383065852983,3.7532677980782956
2012-06-19,1.2350176255677554,4.501640788759029,2.573741453458947,3.794341422261208
2012-06-20,1.2204332839079746,4.519620609952434,2.5921008309012583,3.8546775559854574
2012-06-21,1.2491641522411983,4.435038047196961,2.568852470584963,3.8253326287905294
2012-06-22,1.2441300707308673,4.502892570992106,2.610399937119839,3.8861684228225966
2012-06-25,1.225023175007283,4.6102009429161,2.6367969260694837,3.9196880940924403
2012-06-26,1.2401496715058766,4.640836992115631,2.6631570142976586,3.902459554523038
2012-06-27,1.2430157322198407,4.567898181107149,2.658032236357924,3.9115632368565243
2012-06-28,1.2303023540194307,4.543151199833455,2.651213415618102,3.8965960381430063
2012-06-29,1.2483844946137865,4.524254164889205,2.642900356793085,3.931164552626377
2012-07-02,1.255338160119739,4.532370483574165,2.6786727554485057,3.9347280514711063
2012-07-03,1.2523488039029453,4.589999807070839,2.6276949010407757,3.970365784144819
2012-07-05,1.2364725511519092,4.647086654608065,2.6835435298997723,4.0997683722384375
2012-07-06,1.2418210068762183,4.661964914279525,2.7620397597683533,4.2014751594452555
2012-07-09,1.2364608092958598,4.715476022462957,2.75647101135024,4.239478782120788
2012-07-10,1.2467248142388891,4.713998971666319,2.7855602449135657,4.241271766312109
2012-07-11,1.2544050580248722,4.589491459168902,2.738223901329901,4.16922954651469
2012-07-12,1.247092292244899,4.595610663906242,2.793858719381551,4.241120504114335
2012-07-13,1.253238213454054,4.639676430899486,2.7764219922970104,4.217694203558215
2012-07-16,1.276528667579496,4.678094664998744,2.846616702320485,4.29260479842068
2012-07-17,1.2760156155314626,4.673608806700834,2.863802022766541,4.326641736028337
2012-07-18,1.2719549766428668,4.656945125855937,2.8958045993705617,4.366138086105952
2012-07-19,1.2845912294634,4.640329749741452,2.8961882493710664,4.368034942357005
2012-07-20,1.2897887568119122,4.652362639236843,2.9453227590946565,4.390665881455622
2012-07-23,1.2754055012855776,4.592005225166374,2.9425536647107915,4.319745129147968
2012-07-24,1.2681748483399458,4.534364948192955,2.9330756342156903,4.316976979554244
2012-07-25,1.2721554887714912,4.6194414072237935,2.9551836867831645,4.3624004268756185
2012-07-26,1.2770205250753175,4.673790889172193,2.8815759090534163,4.257307560642056
2012-07-27,1.2894657756771593,4.742490329367574,2.9272222271505886,4.337784689588516
2012-07-30,1.2610642620076724,4.770149910241999,2.912673198130041,4.3395155709563875
2012-07-31,1.2594251485290033,4.790876567790452,2.919200165014535,4.292691172702621
2012-08-01,1.2697641226984848,4.75497394981896,2.9192354567074053,4.290887281276194
2012-08-02,1.29686500576627,4.820133730069034,2.9553207524364984,4.360821184606157
2012-08-03,1.3269996062873457,4.851154982376806,2.91585635671079,4.367912384094057
2012-08-06,1.337916837426816,4.745078936217846,2.860546277245871,4.283528204134216
2012-08-07,1.3497459875201334,4.783938014662348,2.818337645213944,4.265578599683345
2012-08-08,1.3565703252334302,4.856311591021525,2.8483840799706512,4.316577338470087
2012-08-09,1.346187830938433,4.966769609052564,2.90609273950842,4.3862747482239675
2012-08-10,1.3371623857597386,5.024936822499718,2.9381485097421653,4.441096329778328
2012-08-13,1.3392561484608625,4.971394407778638,2.90570416544203,4.439783117522064
2012-08-14,1.3423736505498884,4.982735776378569,2.8566057847079187,4.4247002789405245
2012-08-15,1.3777098449583187,5.150475234279244,2.8770127096695943,4.588048619586875
2012-08-16,1.3732753633084247,5.180432252460209,2.893157823967944,4.548060050979224
2012-08-17,1.3591019192282146,5.188265265759561,2.8765667159057497,4.498630603380005
2012-08-20,1.3661688084416694,5.245170937606368,2.856100790136206,4.530257642222229
2012-08-21,1.3680516620792107,5.372396112845355,2.8229034856808504,4.51635329558347
2012-08-22,1.3794974843913832,5.39046454569297,2.7818301115754176,4.560737274929757
2012-08-23,1.3761591161587252,5.410900350033037,2.725704698057354,4.463289617731921
2012-08-24,1.375719346025795,5.4828020802195505,2.7253630434731546,4.499477249273545
2012-08-27,1.367655934854349,5.443128464717485,2.716069747115763,4.37342266647195
2012-08-28,1.3780896604364579,5.397134997378195,2.7327817347699552,4.378677866365322
2012-08-29,1.3753657602827194,5.447222986185074,2.7599377687001527,4.399499959175272
2012-08-30,1.375156586983394,5.459605473853441,2.7672052187044827,4.4208934101269275
2012-08-31,1.3870607580541245,5.495400888439908,2.707608653078915,4.397662495709613
2012-09-03,1.3939372974724946,5.468156702769112,2.6941853206658943,4.3758604950944
2012-09-04,1.4009639682019537,5.501175166939334,2.6717558229877305,4.339430798866068
2012-09-05,1.4037184053469358,5.615916444290255,2.67633058236826,4.346861063107458
2012-09-06,1.420227083621878,5.659671992879468,2.678960438412562,4.3511324408348075
2012-09-07,1.407028526680781,5.669321713589678,2.667453238808656,4.332442598020487
2012-09-10,1.3951746086100774,5.55458268295331,2.6053910819672343,4.231642056098
2012-09-11,1.4142087576517457,5.433447496922478,2.572632115046096,4.178435371275412
2012-09-12,1.402806557274491,5.457641288863515,2.570259358506081,4.1745815711940715
2012-09-13,1.3986331140150223,5.477258430325,2.5514722115450295,4.144067733273642
2012-09-14,1.381047056903097,5.466377894858519,2.535908377515939,4.1187891579812534
2012-09-17,1.3660597373041403,5.455700819105864,2.5216154882454034,4.095574834512132
2012-09-18,1.3665026367376285,5.432671542138464,2.509203252525721,4.0754150438975305
2012-09-19,1.366699231665678,5.49856469570179,2.512862786877865,4.081358811640289
2012-09-20,1.3892734799639361,5.483261197575205,2.5097036610933525,4.0762278009360715
2012-09-21,1.4020930898138866,5.433270060529309,2.4891817553290756,4.042896390498517
2012-09-24,1.3971023911151312,5.360614090900107,2.4950753020032646,4.052468611781797
2012-09-25,1.4017824098613294,5.354518960950012,2.457106118394127,3.990799561285617
2012-09-26,1.422209837746477,5.378783143810427,2.4491755340364567,3.977918810088752
2012-09-27,1.4243041397338416,5.3602645915201785,2.4171718484308555,3.9259388432821782
2012-09-28,1.4532970650055916,5.420328532888513,2.42936623268024,3.9496707412365777
2012-10-01,1.4454414641485107,5.375131550023692,2.370224200006779,3.87897841957413
2012-10-02,1.4368031092267646,5.357467504534401,2.30515305080523,3.8064089977334605
2012-10-03,1.442235455095225,5.395946567317206,2.310968454375407,3.814741051780637
2012-10-04,1.444497375199915,5.450938521914657,2.369851264403204,3.895201558828358
2012-10-05,1.4402576513189969,5.497055931921806,2.3742517876886953,3.9412971128043948
2012-10-08,1.4419107946116365,5.415507548143451,2.3534373595039924,3.924293046148814
2012-10-09,1.4490913058072181,5.371185405303841,2.3700959507623804,3.9586890887124104
2012-10-10,1.4487645717209678,5.301066610389701,2.3780753299820225,3.956664610109522
2012-10-11,1.4731679520161207,5.3079106522866955,2.4486814848098817,4.041628561518216
2012-10-12,1.4532150345509527,5.213478593030538,2.4115397643012964,4.02982373548232
2012-10-15,1.419338679397528,5.145884256632944,2.3884677285563205,4.0445427675701024
2012-10-16,1.4214604247026132,5.13513229032682,2.3561022161334284,3.993782164567106
2012-10-17,1.4242942506904563,5.1079826181669885,2.3615405795743767,3.981011278390208
2012-10-18,1.4549409707033327,5.072160719662025,2.3581346548102653,3.9747159908906973
2012-10-19,1.4640851791206977,5.057106385227618,2.3162899475415433,3.931078374282348
2012-10-22,1.4618978073489581,5.08754595880887,2.3234684684576155,3.927183470156318
2012-10-23,1.4653250855768476,5.101328140838712,2.3262849841852153,3.9575276190134066
2012-10-24,1.4641486559950945,5.096419465707331,2.364577612040331,4.012331387778407
2012-10-25,1.4469301789295435,5.1278313873065535,2.37968114135144,4.024133928906028
2012-10-26,1.4353510386593513,5.142579190991466,2.413517542353633,4.086009268854863
2012-10-29,1.4310187567786399,5.039124540587529,2.363728807805517,4.023061887507822
2012-10-30,1.4481773919444072,5.133301409021567,2.3807281717148308,4.060760662325988
2012-10-31,1.46337113556264,5.201300281264683,2.4106747094978904,4.084973932050441
2012-11-01,1.4687070145628365,5.215598926649693,2.402624290038086,4.0480344055995445
2012-11-02,1.4560447239938412,5.199949926580844,2.3763991401501476,4.058734869227364
2012-11-05,1.4475192740867435,5.240915080788691,2.3791743183143654,4.0473074242423035
2012-11-06,1.4535773064472557,5.298946320117363,2.3726453436626933,4.0410671222049235
2012-11-07,1.4473482806806963,5.219208405019406,2.4129970823449383,4.058374162625972
2012-11-08,1.4405684844337905,5.174736742336166,2.4214265307947627,4.030909499382551
2012-11-09,1.4416793990944254,5.220876892504284,2.420443481569749,4.027610194552985
2012-11-12,1.4108510177408673,5.144543699708625,2.3318728489997516,3.932704544740769
2012-11-13,1.3988181639603745,5.189705959926845,2.3198389901175784,3.964523680449878
2012-11-14,1.4022606222411234,5.2192135519190295,2.298089184782504,3.9361388448288013
2012-11-15,1.3864691191260166,5.211040550922458,2.2682440857001223,3.926357109327585
2012-11-16,1.3666444972469265,5.18914685319637,2.2576011763198056,3.960729771234868
2012-11-19,1.387252862520137,5.232993948257325,2.2519767686921752,3.973768272744803
2012-11-20,1.391882764706267,5.299972585813309,2.2512669647214554,4.03861433532166
2012-11-21,1.3757750093040133,5.320124467303499,2.2219989622771625,4.001602653105594
2012-11-23,1.382189396147921,5.383511003195552,2.238857476578968,3.9798192105180843
2012-11-26,1.3906589929458022,5.429569399906402,2.2574292973609484,4.013254538413679
2012-11-27,1.4096920551093646,5.3938608278453115,2.29571266232685,4.030405461807825
2012-11-28,1.411539064194021,5.359098364342941,2.3000755855358683,4.005650288286496
2012-11-29,1.4179151927021398,5.446079362286072,2.2941379070421997,3.9961129719677344
2012-11-30,1.4146491151617426,5.457224053995704,2.2894846608292836,4.036604382661767
2012-12-03,1.413372741350493,5.483196655896706,2.2810467837967696,4.031684030578855
2012-12-04,1.420758299076556,5.473750497574805,2.2919110112516763,4.079021408820201
2012-12-05,1.3938978601770444,5.390635379968144,2.25063719213336,4.01004696425025
2012-12-06,1.3794393661370534,5.402997475165539,2.255707004848579,3.998171521204865
2012-12-07,1.3786870588889817,5.3882831079139795,2.2546565615554273,3.979354207066237
2012-12-10,1.3759376932654561,5.443645480093908,2.2776003163211778,3.993962892443468
2012-12-11,1.3549515194296644,5.494738445823305,2.2404644005464576,4.0421631021624576
2012-12-12,1.3508389891368666,5.625814845732004,2.2665285392027306,4.099864256674329
2012-12-13,1.3559468769822478,5.622820725055879,2.26054951666125,4.18133358360228
2012-12-14,1.3734115222461,5.675709897755636,2.2568992630053524,4.224284696590878
2012-12-17,1.359447922100364,5.622986951016094,2.2172408553436,4.217783585721258
2012-12-18,1.3669911013892757,5.582748406393228,2.204390845695395,4.218929484126277
2012-12-19,1.367646048940693,5.542195872313879,2.182407815202005,4.227179489555021
2012-12-20,1.385296088706105,5.433412490155351,2.168236638693715,4.245089241238925
2012-12-21,1.3780598383690426,5.398004831997609,2.180852671472344,4.204173778734955
2012-12-24,1.3844399879486853,5.38533470536717,2.193807100377501,4.209269284068505
2012-12-26,1.379877952831071,5.357706007949808,2.171287624131095,4.186836955551702
2012-12-27,1.3926771995161773,5.40932314377821,2.179036240180368,4.213072714533104
2012-12-28,1.4080753417224352,5.347755157813794,2.1913666681500414,4.196146979301216
2012-12-31,1.436239478528339,5.322319533223054,2.2267292141540254,4.131375981205959
2013-01-02,1.43049059853435,5.353341419318658,2.2149962025487175,4.116529954454092
2013-01-03,1.4311230801545132,5.371239181608024,2.244752885672646,4.103484270339615
2013-01-04,1.4288003903842053,5.263777845760678,2.2034105958435735,4.065219890967855
2013-01-07,1.4324104603485608,5.328690955556421,2.2329323574286035,4.081504338414061
2013-01-08,1.4439234756102437,5.393215230468598,2.2686211245331616,4.093596571684165
2013-01-09,1.4393095125238555,5.425456785709826,2.2731453942201867,4.1342207499688
2013-01-10,1.436719655964555,5.429007493056436,2.260426849878169,4.1273348017483045
2013-01-11,1.433428099323716,5.324046980071449,2.218312754209615,4.065136638011163
2013-01-14,1.4536267242543304,5.370241249251163,2.263093244165848,4.050381939540421
2013-01-15,1.4462354329170228,5.327310940043501,2.2696892808118228,3.9860907368469816
2013-01-16,1.4519487965957343,5.314950890677969,2.27516654555103,3.9809043196562373
2013-01-17,1.452979714673309,5.30834756662014,2.2686221123600583,3.9452212132598126
2013-01-18,1.451517263680887,5.253085295841475,2.2531558688890208,3.9079622123639477
2013-01-22,1.479722537493446,5.280282684641288,2.263470797720373,3.9336623632593826
2013-01-23,1.4620530407457069,5.274969804630644,2.244916608178787,3.92409248847606
2013-01-24,1.4716259245861891,5.2878912984927595,2.242933826903186,3.936404906969137
2013-01-25,1.4798108247506951,5.268027061706007,2.246236764067377,3.9496857105998093
2013-01-28,1.475243824247416,5.29507659813733,2.246446091148517,4.023081246667491
2013-01-29,1.467079536125685,5.327211892684778,2.272273946296925,4.025845104730159
2013-01-30,1.4831716306732463,5.350027102853631,2.2775238990242026,4.056146741890376
2013-01-31,1.4798966895256505,5.323900955222991,2.2600935079719573,4.069915070298224
2013-02-01,1.4779777030447891,5.354217515225845,2.252817733256092,4.061230573927798
2013-02-04,1.490212657842888,5.429914310515482,2.2875055086836023,4.128637604080524
2013-02-05,1.493405630080252,5.411088085183362,2.291172496538033,4.113106145774095
2013-02-06,1.510780887202419,5.382895259812216,2.320805765946358,4.087829356799571
2013-02-07,1.5101420077066863,5.422350778368423,2.3384129758524614,4.141276314703949
2013-02-08,1.5098396422097091,5.339475196507701,2.310998047303352,4.064404275430966
2013-02-11,1.4714802170440675,5.282371741293033,2.253462086981162,4.0483401039969475
2013-02-12,1.4683732113459314,5.2504885505237215,2.2378802358154175,4.010369764974892
2013-02-13,1.4640714179020975,5.22628178138799,2.2279744369166057,3.9925148914714947
2013-02-14,1.4727449396699641,5.187179581183213,2.2181221214189475,3.9889264663696613
2013-02-15,1.4749367544191347,5.200325168802677,2.2217099214104077,4.027457432334993
2013-02-19,1.466206885672105,5.247868518892937,2.222431451029439,4.082383329582615
2013-02-20,1.4528131525045678,5.212106705890839,2.229559614691373,4.077487271806647
2013-02-21,1.44662902555052,5.249285978919394,2.2390094456291534,4.105088837079579
2013-02-22,1.4268943803368779,5.190067829079299,2.1985420276398076,4.081640847195832
2013-02-25,1.4146346246452315,5.227631912036139,2.1792062471840907,4.088111299088971
2013-02-26,1.4174283411052322,5.286523855842179,2.2114142129917065,4.130616762652754
2013-02-27,1.407911357559286,5.291434997248255,2.2190869747202493,4.155494113675801
2013-02-28,1.3983466769270512,5.250468717025066,2.220201465754173,4.149281515414024
2013-03-01,1.4333422563785703,5.251308517551188,2.2487896515307484,4.183317805088992
2013-03-04,1.4224619497626596,5.214142352787436,2.206919665253521,4.1401805911572085
2013-03-05,1.4071018191037528,5.283255510521459,2.230947957739214,4.181521306626835
2013-03-06,1.4118785949801678,5.244385036135231,2.207307552641367,4.14037742421054
2013-03-07,1.4139523285618207,5.229483004378631,2.188582355624977,4.085052627428726
2013-03-08,1.3925053722359768,5.241370657545649,2.192609537476482,4.08906821164373
2013-03-11,1.3905510376430654,5.2390262631346,2.1908910249482845,4.086724035983735
2013-03-12,1.3830898937622425,5.2560143375817,2.197003297041176,4.084893221368783
2013-03-13,1.3783481962069166,5.199069679426043,2.1764688835469923,4.051852675868078
2013-03-14,1.3760761877499113,5.122726758614394,2.1577168319198394,3.996486300634266
2013-03-15,1.375810505921891,5.0647922087767725,2.130211363952816,3.9456698650440742
2013-03-18,1.3693924213846616,5.025718521403991,2.1294808201618594,3.955909704340887
2013-03-19,1.372850113402103,4.9876885615280955,2.119743810030677,3.9259507631546566
2013-03-20,1.3819272445427333,5.085312301171974,2.1733186072991244,4.0011604107013286
2013-03-21,1.3754906383468493,5.116130026749215,2.18658003946253,4.0172846560395055
2013-03-22,1.3769890979444648,5.061793587975505,2.1647158667677076,3.998937479716574
2013-03-25,1.3845071578580521,5.063388136537948,2.1721476380159204,4.011510533981471
2013-03-26,1.364402917717974,4.985851383300355,2.155603113743327,3.9707679663053908
2013-03-27,1.3663422145593667,5.038031826341678,2.1804765476905628,4.010440602468116
2013-03-28,1.3371648481853515,4.963444148039069,2.1115611139051977,3.977291165808156
2013-04-01,1.3043104712421467,4.865983392127654,2.06640879865284,3.9085186195199992
2013-04-02,1.2903344727366124,4.770889329082745,2.049787905160283,3.9037722634853163
2013-04-03,1.2884515352693982,4.689955707384521,2.0406839404203283,3.829292835407351
2013-04-04,1.2723925803963594,4.6771749472707524,2.0138126754079173,3.830045743795926
2013-04-05,1.2817774257713126,4.600465737389365,1.9713067665319168,3.862280059176958
2013-04-08,1.2992025396485403,4.641712237688712,2.0226084185276068,3.895638094849536
2013-04-09,1.3078448251589996,4.699839076516779,2.0404780372914355,3.9264047692047326
2013-04-10,1.312397414230962,4.662050361182421,2.006137197721203,3.9003279272370612
2013-04-11,1.3312337434769244,4.6850785406019,2.0312310800784523,3.920080637012082
2013-04-12,1.3368465029368217,4.648993389570228,2.062952641341689,3.9918959751498684
2013-04-15,1.2784271384567902,4.505602097653962,2.061793865699554,4.046216814516157
2013-04-16,1.2957969898363755,4.564075581206722,2.0965011044537207,4.096202093290454
2013-04-17,1.3110095357634222,4.556172992785055,2.1103346534505936,4.1432590906829505
2013-04-18,1.311380117061128,4.498758990446578,2.096943402953288,4.153134294712519
2013-04-19,1.2993096950554361,4.4995078500290315,2.0996087906798766,4.166850545436676
2013-04-22,1.300465751100826,4.554555329166576,2.1059608139712656,4.1107750564439245
2013-04-23,1.2984703789571956,4.549623251621452,2.1271014669454043,4.1354857904144575
2013-04-24,1.2836549265810597,4.50082711242409,2.120899765695528,4.121273575555191
2013-04-25,1.3074631873028841,4.563078160896957,2.1443011197955903,4.121660581381035
2013-04-26,1.315952654578073,4.603790126414879,2.1678284306794544,4.147529752426901
2013-04-29,1.3564782510798308,4.683494173261364,2.207342890233459,4.262212741420572
2013-04-30,1.3713656363580595,4.654549058413282,2.214831699040952,4.211574050562605
2013-05-01,1.3619669215058017,4.549956010175793,2.2059629009241246,4.198184640419358
2013-05-02,1.3640898681428026,4.636297154601257,2.188108023031129,4.196783294012098
2013-05-03,1.3702709040456145,4.626550777883911,2.1669488052950387,4.17452454726656
2013-05-06,1.357257158957959,4.572228264775734,2.130541412944787,4.0724986959275995
2013-05-07,1.3467126340141042,4.585110528250037,2.12023286396232,4.035909732628272
2013-05-08,1.3578863281347646,4.593664881467219,2.1259099181594006,4.091737073136009
2013-05-09,1.3551685116733343,4.667975428044737,2.1508314395077837,4.143027803725263
2013-05-10,1.3378905828477565,4.633399209070115,2.1136256016886623,4.075197722657185
2013-05-13,1.345990561585155,4.66466631458705,2.1381543042470343,4.158250272180946
2013-05-14,1.3616770091431614,4.651845736096066,2.1691948460018073,4.223295423133629
2013-05-15,1.3370487914263285,4.641995132755926,2.1875047056127706,4.238108913616083
2013-05-16,1.3127446334711474,4.69464521343242,2.1714303694579082,4.186226544921699
2013-05-17,1.2882506960737106,4.707391287254372,2.2085604487746875,4.2355670096690865
2013-05-20,1.2790306010619052,4.727690281734453,2.221682173418285,4.278628455062696
2013-05-21,1.2713591437388474,4.6646121163147685,2.234814947372726,4.296481712491332
2013-05-22,1.2770091565381163,4.781080501854801,2.2733566110746275,4.400113269586424
2013-05-23,1.2831693822503254,4.789583380305089,2.273116279487416,4.4237583141605015
2013-05-24,1.2682976000264068,4.77163841991215,2.2580355171408133,4.383479012762617
2013-05-28,1.2452455314478301,4.841744048419114,2.2781002659176615,4.4373097340989025
2013-05-29,1.2548832379275863,4.836779495242423,2.2653233841692666,4.460135888306038
2013-05-30,1.2575419345009278,4.902073762524105,2.25290456685798,4.437136671268729
2013-05-31,1.2457573114993163,4.948895211653645,2.2818000426254295,4.472438343434257
2013-06-03,1.2637160921136026,4.946760881416372,2.2815698319248865,4.471987119337078
2013-06-04,1.2605477402570808,4.912781846087165,2.3016638694035163,4.5113724037682355
2013-06-05,1.2590130735687932,4.961339827762757,2.3107169994121866,4.5291169760456045
2013-06-06,1.262073726391655,5.004989737519991,2.2987965934212777,4.505752404292112
2013-06-07,1.2478383818220242,4.974231472696076,2.322803030401463,4.552806180799138
2013-06-10,1.262920403090183,4.937514793710378,2.2846951202811474,4.478112835533817
2013-06-11,1.2361251910591933,4.970597165309437,2.2966921738492148,4.501627640242262
2013-06-12,1.2396734018021685,4.9848311125781715,2.2843009525767872,4.477340247786515
2013-06-13,1.2643071180232444,4.941563866555869,2.2458738019754696,4.4020211757522665
2013-06-14,1.2508109492782122,4.962494974840844,2.206153761422101,4.324167976937679
2013-06-17,1.2419600940777753,4.950857740718881,2.2236560999128123,4.358473406117861
2013-06-18,1.2373096569673319,4.974067953831074,2.257159233107504,4.424141166099458
2013-06-19,1.2483716399437972,4.965667065547024,2.266953357927454,4.44333812401288
2013-06-20,1.2226187440160297,4.929284886516669,2.271089417014362,4.451444999683596
2013-06-21,1.2200288797872845,4.951236013274823,2.247381685125788,4.404976699589992
2013-06-24,1.1876382852078047,4.9354698360290135,2.2241089061267645,4.359360928177461
2013-06-25,1.183290287717154,4.994419671317678,2.1952243412220493,4.3027457852201385
2013-06-26,1.1594425928904493,5.02191157460131,2.207623860143064,4.327049441468071
2013-06-27,1.1467569036110534,5.117108798389539,2.212486996864527,4.336581424435959
2013-06-28,1.1444475730855346,5.249676104065704,2.237917691215514,4.387872341353417
2013-07-01,1.1505832551979818,5.133293218809916,2.222296899796412,4.359042565535534
2013-07-02,1.16412186916992,5.118690134813893,2.246419229797412,4.403088167066372
2013-07-03,1.1877175466387457,5.174552266643457,2.2569383351630234,4.424308120397956
2013-07-05,1.1867226313522106,5.19247622579823,2.281112226870282,4.47169654201131
2013-07-08,1.1851871214851297,5.155048387989744,2.304416235579547,4.518907564618145
2013-07-09,1.1916144211124655,5.2191384765939475,2.3248951255019263,4.567086651339639
2013-07-10,1.213150863011609,5.2124145473730525,2.319765910138292,4.548947651735457
2013-07-11,1.1916565968445936,5.328874604950089,2.3549242601156126,4.616028157272917
2013-07-12,1.222265847738618,5.2631532660169995,2.3547491338748325,4.614738518687726
2013-07-15,1.2003912560643573,5.231362725919878,2.353715992138868,4.620288268847524
2013-07-16,1.1906489763317696,5.308544109075619,2.4049516727962734,4.716775048459391
2013-07-17,1.1794510219267131,5.270250098059831,2.402036990271954,4.7004372290258845
2013-07-18,1.1854928831156792,5.229116513546748,2.416314367446692,4.738709580950599
2013-07-19,1.1872973836440432,5.280908952509129,2.450467851885978,4.804071959826371
2013-07-22,1.1657796896426125,5.353600045608127,2.434593286000854,4.771637471594696
2013-07-23,1.1657896083379675,5.274537074334204,2.3976677074799344,4.699592111661778
2013-07-24,1.1849667533728439,5.19506138768962,2.3905867364232916,4.681536367330502
2013-07-25,1.1846399732654027,5.075916130384358,2.315327849483541,4.535117988430012
2013-07-26,1.1884188753290235,5.077408259622067,2.2887764638563426,4.484974689065404
2013-07-29,1.1652136575057348,5.101758088517205,2.296690092207826,4.50416421734964
2013-07-30,1.1694184956927172,5.110752497420581,2.2944953360940983,4.494326590143293
2013-07-31,1.1704989323559796,5.148368830778018,2.3023483680195778,4.5087437879166865
2013-08-01,1.1719174002779904,5.156169301498074,2.3174387359124937,4.489327059906872
2013-08-02,1.1819199559181244,5.092386809154568,2.2687303408574677,4.406288145891651
2013-08-05,1.18472231653456,5.071896824458626,2.2661882788030403,4.405352457538352
2013-08-06,1.1776799502043973,5.08015461518882,2.2553881345624354,4.406289086576928
2013-08-07,1.1675638429620532,5.091419038437817,2.256927995653932,4.425913254846316
2013-08-08,1.1634487959120616,5.14029344511486,2.2797488680067124,4.502023371529785
2013-08-09,1.161043617292134,5.1917124704406,2.276534927625398,4.456236859702989
2013-08-12,1.1522211821551396,5.257796914316877,2.2497846648172293,4.415250138529897
2013-08-13,1.1458051465192298,5.223741424598307,2.2395870144515624,4.38882281174128
2013-08-14,1.1488860351504258,5.2864554474632595,2.2530761889499082,4.416163693912176
2013-08-15,1.157989813345848,5.378581218129886,2.2611400674731605,4.419705067223827
2013-08-16,1.167050004221361,5.387831676014309,2.254583728498355,4.407897209209939
2013-08-19,1.1654886996677722,5.457131382167799,2.3037896802199285,4.507023054027639
2013-08-20,1.1522681328578284,5.491084822200759,2.3240078578680223,4.573610102831049
2013-08-21,1.142765730876546,5.567347321178898,2.373938890360786,4.693841586047894
2013-08-22,1.1582964755493288,5.526800733714591,2.368278541813494,4.654789653402771
2013-08-23,1.1512156599138266,5.641221851412961,2.3771165501613036,4.648481508954898
2013-08-26,1.1402806668405459,5.647852552415437,2.3808268854224583,4.668520536581331
2013-08-27,1.1381012071005934,5.747474653977508,2.387123598188568,4.630267934690316
2013-08-28,1.1252930916883264,5.819500387377344,2.4384193804446634,4.7167685251619895
2013-08-29,1.1124923471469825,5.857046162881147,2.462567409744287,4.782663348101925
2013-08-30,1.1072094694297614,5.7968728691126765,2.4560386807620262,4.784636827102563
2013-09-03,1.1116257091131478,5.868034045250173,2.4283454135915177,4.709954923080116
2013-09-04,1.12024791671488,5.7325937011736645,2.4133318682822598,4.697295548308314
2013-09-05,1.1152204879487957,5.779797686793025,2.4520868453303097,4.746451116056422
2013-09-06,1.113894289662441,5.780032787284609,2.4394197481452884,4.696082101957609
2013-09-09,1.1297107001378601,5.670658494901552,2.4150679551689174,4.659459039095524
2013-09-10,1.1336073995623144,5.6157137010351645,2.4134107120225585,4.682441111770984
2013-09-11,1.1371603839282325,5.6232267252701815,2.3997449022586,4.653768221777069
2013-09-12,1.1635100437962567,5.597873053559563,2.4392441445061968,4.712578013292579
2013-09-13,1.1662120587884133,5.543131189737952,2.440287530668029,4.725583434619525
2013-09-16,1.1577447444896305,5.494362506592238,2.3909661903718122,4.6536204294006
2013-09-17,1.1512764632269077,5.547731292088428,2.357545769521259,4.60395247073127
2013-09-18,1.1484767651223688,5.562831345384403,2.3709692452145474,4.5953763227252
2013-09-19,1.1180130677462805,5.557595644829716,2.3254653671437717,4.5354046554380165
2013-09-20,1.125320149404117,5.523194106710712,2.330165074480883,4.560722778990773
2013-09-23,1.129554909649657,5.476408212214448,2.3145139410638036,4.554770302144661
2013-09-24,1.125873088957597,5.4725453567955125,2.3245673641678386,4.58999129015809
2013-09-25,1.127594800855076,5.479439964447362,2.3305779246089235,4.611535811681196
2013-09-26,1.1240434372435386,5.506977404928389,2.3278852802571124,4.602475366873972
2013-09-27,1.131886869585907,5.484729781458041,2.3411116825105243,4.6376154012454505
2013-09-30,1.1298554142558384,5.3735113266485985,2.3077528890344157,4.5732810973126625
2013-10-01,1.1210356020694465,5.399108280526715,2.2881985746946687,4.547324897211478
2013-10-02,1.1235755975837247,5.524954246199402,2.299035879858253,4.560571402772662
2013-10-03,1.124619494218759,5.578358960808157,2.2890832823261213,4.565391414396784
2013-10-04,1.1330868799590337,5.537046670207238,2.3106662686758397,4.612868920015415
2013-10-07,1.1179740695655715,5.539957778924576,2.30966949586824,4.614156622763504
2013-10-08,1.1203990380843,5.495190069901885,2.2984277488372626,4.569072822066169
2013-10-09,1.1173202861360256,5.475276458470765,2.2919867970759156,4.581552938482816
2013-10-10,1.119716206733983,5.505592935454837,2.3070483853512633,4.5829909344904385
2013-10-11,1.116015267136196,5.441206575436739,2.2804106547372105,4.5408724968770375
2013-10-14,1.1125131151302552,5.448461141478817,2.2663021830564904,4.524031291242781
2013-10-15,1.116914321675092,5.426770965090763,2.282858635961469,4.568663377943807
2013-10-16,1.1207951386379071,5.4744572965425675,2.299266843213118,4.5920788298719675
2013-10-17,1.1167161154810217,5.518496035132774,2.2801606729892074,4.512744739148961
2013-10-18,1.1260824252746948,5.576038542913779,2.2614162985668935,4.475951577928165
2013-10-21,1.125247326733401,5.6225765594649815,2.272897314114334,4.50905996559464
2013-10-22,1.1345675721545467,5.658830653811617,2.282897905589199,4.508029289471794
2013-10-23,1.1339107842090363,5.6470477972411794,2.2854193086157286,4.547981896658469
2013-10-24,1.1230684070036667,5.674506144484665,2.3139928074517577,4.590278928360448
2013-10-25,1.1173038794162777,5.629482772869002,2.307254974250692,4.57429370064555
2013-10-28,1.1178042864170468,5.672300566791606,2.328508428243194,4.5758942520909365
2013-10-29,1.1087846755290713,5.6480904342046125,2.3180961553355623,4.576684470735667
2013-10-30,1.1093629852160847,5.672555376068087,2.335583157391273,4.573147913107398
2013-10-31,1.1174668903262217,5.599647025316937,2.361452799430222,4.641588141189743
2013-11-01,1.1213527317360712,5.54255260590284,2.3534927175759077,4.629974779165292
2013-11-04,1.1101224504842844,5.621102529101951,2.370127161591582,4.670936243976843
2013-11-05,1.1149092830620626,5.545404817787046,2.3934801588703483,4.7207954116481785
2013-11-06,1.1116198093890814,5.589418599750709,2.4285804968605342,4.722648099133067
2013-11-07,1.1229372333378655,5.569504903965758,2.4160747003641982,4.725260342884555
2013-11-08,1.1329159971934861,5.556421286946028,2.4593201868532693,4.828810048266146
2013-11-11,1.1351130209640636,5.562522020013845,2.4667164149145684,4.8525268130280175
2013-11-12,1.1526688306165533,5.459114256855234,2.4643011491686457,4.826710429099273
2013-11-13,1.1379044317849272,5.480179418452397,2.494367404795091,4.853527947660212
2013-11-14,1.1335326907763312,5.515813844468529,2.5279140931491093,4.8467901423436475
2013-11-15,1.1398719439969955,5.378669895332082,2.509085972273785,4.812042378258994
2013-11-18,1.1490056757640257,5.407276874198496,2.5444826279765356,4.8738448280987585
2013-11-19,1.1417638497950182,5.4460971920047765,2.55773070601686,4.901358923989266
2013-11-20,1.1600431267557323,5.359108205360258,2.548169539775479,4.885564890211269
2013-11-21,1.1600662594512292,5.338282191554905,2.549475375403,4.867933323543034
2013-11-22,1.1717420162880183,5.412603210115119,2.5878697785875096,4.949452929174133
2013-11-25,1.1896572092325925,5.415243910669591,2.5916124655504738,4.9824479138944415
2013-11-26,1.2045749862628254,5.450883141132038,2.600077154186964,4.985043049796448
2013-11-27,1.1942313946704455,5.361858504973961,2.5602382297881636,4.926282208169935
2013-11-29,1.2050527916224143,5.359100214195026,2.5599840388509136,4.91495666597015
2013-12-02,1.1833282075725273,5.248464719540463,2.570585260555646,4.937036511771006
2013-12-03,1.1741525549538063,5.24620275094135,2.5964795557913947,4.945191920574789
2013-12-04,1.1884736020509923,5.275729599912286,2.5890880159472633,4.912673605315069
2013-12-05,1.2019448602598586,5.212167217353382,2.589354345229482,4.9091136870567995
2013-12-06,1.1999828594282764,5.198512344342305,2.5968269665523027,4.9155991716309755
2013-12-09,1.23283531377806,5.217590847681618,2.6003587892958087,4.951162876964812
2013-12-10,1.2381499893410284,5.20308226616054,2.5999235893968495,4.921406164855538
2013-12-11,1.2601590408607057,5.179296340098052,2.582474870346416,4.910018376953656
2013-12-12,1.257668270728097,5.083806869030632,2.5971513999772124,4.943584601837928
2013-12-13,1.2527412159240103,5.0783855018013915,2.575855487261382,4.867392407492133
2013-12-16,1.2580546035093916,5.147344099556199,2.5955424954124897,4.892001195430311
2013-12-17,1.2751189375321808,5.156458923037763,2.6366664654627705,4.965273625343216
2013-12-18,1.2657479186362433,5.114071406277467,2.6359183959358417,4.910292424452458
2013-12-19,1.249052376734064,4.997238622056469,2.6220807938915494,4.946641851196092
2013-12-20,1.2323779167332851,5.061848214840789,2.609594302483171,4.930053446023176
2013-12-23,1.233658316315617,5.040760076161326,2.605541345731096,4.913956199680692
2013-12-24,1.2448177520618005,5.0452357191157615,2.6424550205188795,4.94697710300493
2013-12-26,1.2563068554657848,5.038365097155732,2.640952344491924,4.893027691519976
2013-12-27,1.2496945592881115,5.097667560569625,2.635183378141064,4.898075985739052
2013-12-30,1.2696034736943924,5.054250396259763,2.6395127637917386,4.915064914589648
2013-12-31,1.2527478727172652,5.105001033620316,2.6501048260847675,4.9182860699810265
2014-01-02,1.2745835910656524,5.140135915576109,2.5918328207191896,4.8447763691913694
2014-01-03,1.2831219814439643,5.138677872504481,2.556847545336324,4.83670244114164
2014-01-06,1.29809399450676,5.11127240681929,2.563426968755958,4.8573167657634135
2014-01-07,1.2802869133973271,5.180582310084826,2.621042330080843,4.917377893961196
2014-01-08,1.2697951425749494,5.19862180802505,2.626086793687886,4.9360578534124615
2014-01-09,1.243336824340675,5.247427344118858,2.631237503764828,4.934920958988714
2014-01-10,1.2685576973026738,5.14510780804766,2.6278233746561677,4.981321075412577
2014-01-13,1.2823367294180559,5.275868475882458,2.6780125650059037,5.073486597810476
2014-01-14,1.2674388523120612,5.361590432852598,2.6940730799459986,5.123466250106986
2014-01-15,1.2555405844886567,5.369330339628168,2.736324275082453,5.184581326673107
2014-01-16,1.2597747815312996,5.4206909134911525,2.715956606747886,5.152659233952858
2014-01-17,1.2529417368668534,5.44080361183134,2.7405028201959323,5.129582060572958
2014-01-21,1.2713422023269276,5.359436896575002,2.7355081843048477,5.113261159530274
2014-01-22,1.2637766257998995,5.400583423816596,2.7943502593231377,5.212264528758227
2014-01-23,1.260272960014327,5.414488645668661,2.784013126437886,5.2262809031191555
2014-01-24,1.2703931094263832,5.520164649454433,2.841796090453258,5.373135843544629
2014-01-27,1.2305364787409372,5.552429032545955,2.816625184315197,5.427790567360308
2014-01-28,1.237994814327098,5.579985806601629,2.8599119314414296,5.5142058245158045
2014-01-29,1.2573755243507587,5.676410100268685,2.9331463882323674,5.584083883948499
2014-01-30,1.2578764135314413,5.4794929915140145,2.8723217292515,5.515117671377021
2014-01-31,1.2834271164906872,5.372427484263523,2.8079284138591785,5.431844729809275
2014-02-03,1.2614023668108016,5.356334311807652,2.7706312166737646,5.353316708944015
2014-02-04,1.2586811725734728,5.470137990412716,2.8124330854790403,5.457624263095083
2014-02-05,1.2584105195553064,5.383675393818498,2.7585886365347445,5.350237092884913
2014-02-06,1.2789876749656794,5.44073164605401,2.7929118615510586,5.403106754621064
2014-02-07,1.3086356493849691,5.383391491085205,2.7752236874407967,5.365419757661023
2014-02-10,1.3253998053336145,5.349624002278174,2.7256744890163134,5.261738628222365
2014-02-11,1.3119381700899047,5.453079666777204,2.76821896438432,5.325538395976395
2014-02-12,1.307155896010188,5.36761474328073,2.726163728218936,5.2109332356023
2014-02-13,1.311427035659586,5.48822469742899,2.758253190290365,5.290722687762425
2014-02-14,1.2947713212381997,5.5596159807410075,2.7352895803780437,5.243097363410439
2014-02-18,1.268867447881581,5.560191352513943,2.691900009301128,5.19036809716922
2014-02-19,1.2064106153631888,5.5742330228520265,2.679855651685709,5.20350736934721
2014-02-20,1.2086707547309785,5.587945342361327,2.7072113074279063,5.299603592273448
2014-02-21,1.2026312032731432,5.597641419832026,2.7234207251978892,5.286066127529767
2014-02-24,1.2046117796577887,5.552537492079395,2.6908120678028733,5.180674331447985
2014-02-25,1.19135705283513,5.6322418989481875,2.705032801551854,5.2706294123694155
2014-02-26,1.1963073849443366,5.5654408222701175,2.6947298671568167,5.309579597161889
2014-02-27,1.1819488327458694,5.520554322125903,2.7215807153705427,5.270014040500694
2014-02-28,1.1938682041118664,5.558172543576199,2.7146086895387294,5.3198671891816955
2014-03-03,1.1864183689113663,5.516006057245573,2.6298521899030627,5.178962632144309
2014-03-04,1.191272263026618,5.575078630995348,2.67163589171633,5.308683811085675
2014-03-05,1.1798783365783705,5.416487577586322,2.591721675160353,5.1443224004586865
2014-03-06,1.2039131066194095,5.418168892007706,2.5705462865216124,5.140176850467491
2014-03-07,1.1904115917963507,5.382713777942547,2.578472642613213,5.139272002304059
2014-03-10,1.204621426979885,5.256560471235373,2.5352724659849124,5.015507781625947
2014-03-11,1.1921831782566519,5.229577118307686,2.5190491625995977,5.000892041576296
2014-03-12,1.1823163361028217,5.272092451718949,2.4718923603339116,4.925384742117979
2014-03-13,1.1708965451239512,5.229132843849169,2.485064328499511,4.939867514450293
2014-03-14,1.1737272273859372,5.336392510620167,2.512672452850915,4.998142671258153
2014-03-17,1.1696021134555512,5.462213425470216,2.5974411885918554,5.142765865221876
2014-03-18,1.1642276911305285,5.432769981811984,2.576589927179185,5.127428166456348
2014-03-19,1.1638138093501187,5.493147388190152,2.587589938928682,5.154590670217653
2014-03-20,1.176731834937146,5.509093644164649,2.6138644519203056,5.174345658056276
2014-03-21,1.189144561387036,5.476605825688702,2.6097567548630995,5.168016435820568
2014-03-24,1.1643960078913995,5.49678678053803,2.6014734822234455,5.191173661037223
2014-03-25,1.1786568029057987,5.43737652854311,2.5890593043599806,5.154041549983435
2014-03-26,1.173307563305651,5.427645265772234,2.6281323127126957,5.224761456072072
2014-03-27,1.1907114578894522,5.437392333977149,2.6253165892258266,5.246123314341959
2014-03-28,1.1963374720846691,5.354709876669437,2.6079558461880623,5.211431651180842
2014-03-31,1.1955489534544088,5.412354405302915,2.6221706369197273,5.275144616475573
2014-04-01,1.169352790107071,5.436735865761187,2.634912616938457,5.320043396355627
2014-04-02,1.1860638546900544,5.476185159324221,2.660666777093596,5.330984752798511
2014-04-03,1.192874780205788,5.468466100173289,2.66494689319816,5.354794455868349
2014-04-04,1.2101854867092339,5.364786499480993,2.6196959459671323,5.270117006845094
2014-04-07,1.2081237744090523,5.351905095250006,2.6288539680598797,5.279787567712712
2014-04-08,1.2141220973116154,5.379818086483873,2.630174077543998,5.309758756480387
2014-04-09,1.2353505330376549,5.375301524778245,2.659276912371741,5.35192906681732
2014-04-10,1.2733308787901032,5.349919514942683,2.6334358923530856,5.296370740331411
2014-04-11,1.2614739663298018,5.381660091749198,2.6536450542443433,5.327329642530428
2014-04-14,1.2520809334877507,5.417055768252374,2.6164620334883955,5.268712885128146
2014-04-15,1.2358190048733348,5.495257822953293,2.6549089644349926,5.348751281214768
2014-04-16,1.2327164446402898,5.522797920702924,2.673367349213727,5.363818177338144
2014-04-17,1.2559133577940798,5.402704843570524,2.6693342577088846,5.345843139806921
2014-04-21,1.2621188236276695,5.361542291819724,2.684019699138117,5.3527427852687035
2014-04-22,1.260831455182939,5.257483375949629,2.6302744826276165,5.273865550280433
2014-04-23,1.256201889641043,5.218571399505834,2.599369339463371,5.237581769477573
2014-04-24,1.2584137501595263,5.270859103822484,2.5836246836971344,5.198055420894221
2014-04-25,1.2431035565924076,5.336530807410061,2.5750020783712224,5.200583586566839
2014-04-28,1.2272849091935907,5.401607331424948,2.6398371905841804,5.334091723791915
2014-04-29,1.2302333096936875,5.342761015092146,2.5935861245123273,5.268650444787897
2014-04-30,1.213119013503571,5.333333584517768,2.6118771688089435,5.301604319387719
2014-05-01,1.2293440074260036,5.35163013115372,2.5895662299949853,5.234618410224901
2014-05-02,1.204387941851443,5.415243755847584,2.5483620844144603,5.115871210310345
2014-05-05,1.1947088435658841,5.374315376836198,2.529566764585428,5.1305143073523345
2014-05-06,1.1969524779687621,5.376757389951709,2.5232058273300217,5.1645017678204885
2014-05-07,1.2055985774148588,5.370602308720718,2.531876058225634,5.153691673165858
2014-05-08,1.2044776795811762,5.438241124676822,2.519055421660742,5.14546581082209
2014-05-09,1.2236668999297933,5.539032623136543,2.515876726194366,5.114400030205195
2014-05-12,1.2230170485290646,5.562949461206452,2.512325580989916,5.069358347153491
2014-05-13,1.2265546054567453,5.582274433490408,2.4977510819452844,5.041900130359432
2014-05-14,1.248517505572108,5.6185560391944165,2.492117942391992,4.98386745974696
2014-05-15,1.2551268078619262,5.498841409762409,2.5691380482297643,5.103031372558948
2014-05-16,1.2642110880366133,5.545746707572246,2.5532744423463156,5.063550348333443
2014-05-19,1.269571535870919,5.604767913441187,2.58329179469174,5.1063131079059225
2014-05-20,1.2692965725297918,5.577919581556585,2.607521631653391,5.14117759267859
2014-05-21,1.2755773249774318,5.674049146738375,2.6229782812407167,5.157811269605035
2014-05-22,1.2727840501414318,5.72295599808894,2.624049792217913,5.1614103411137195
2014-05-23,1.278229463364516,5.704596360072992,2.6583420145452705,5.22324152324237
2014-05-27,1.2882755285574745,5.658757757178714,2.6788028878815098,5.248392303440324
2014-05-28,1.304289732503525,5.685508773323205,2.698385123646426,5.292657096989489
2014-05-29,1.3143923228304724,5.691840883047768,2.7363445116182343,5.35136367930079
2014-05-30,1.3202542046091807,5.693340207501197,2.751415513528063,5.38082018574904
2014-06-02,1.3149822650732554,5.724298844517889,2.760465078326039,5.410832925574162
2014-06-03,1.3067482166859068,5.660279122019541,2.7464676627766798,5.35603926398588
2014-06-04,1.3118641027106481,5.613286425013953,2.725890422461106,5.316292376978035
2014-06-05,1.3121195511062034,5.5867298592108,2.723745516014324,5.271210904760232
2014-06-06,1.3088984051685308,5.533909093880848,2.6950220870442188,5.265038562461984
2014-06-09,1.2932637838880887,5.523667164083971,2.670098969490359,5.158410473679223
2014-06-10,1.28947032682328,5.5981124201882375,2.6818000746652255,5.165980241718654
2014-06-11,1.3099974953621465,5.597244914242175,2.7251146657498255,5.216798516944505
2014-06-12,1.3198910817438079,5.5340312408969545,2.757153490550221,5.241921454437565
2014-06-13,1.3029109270314392,5.466881295705962,2.7417638022128443,5.239200890715388
2014-06-16,1.3029010682860913,5.486232238275271,2.7482282677664505,5.220058945859027
2014-06-17,1.2893774275283,5.473903619447528,2.720060396436858,5.1467457180082965
2014-06-18,1.276046111933579,5.492617966201449,2.6924998121750834,5.10140945640013
2014-06-19,1.267960077258763,5.539772105663819,2.6427069911065084,5.026748704557024
2014-06-20,1.2733185752682112,5.565135720075918,2.6603241349171194,5.06930747851772
2014-06-23,1.27707854719647,5.5301594796357705,2.6532833706869963,5.034129655038837
2014-06-24,1.3090885356401134,5.49947800184406,2.645990373977226,5.004802220619064
2014-06-25,1.3147390170436668,5.4720270036105045,2.676038385354922,5.068113084652742
2014-06-26,1.3128131794993396,5.535086760067813,2.6812072560500626,5.089723163742898
2014-06-27,1.2964174657697034,5.593406559990823,2.672339450330749,5.066642302563803
2014-06-30,1.3222327488100636,5.54835234663615,2.710244791327064,5.078936216156331
2014-07-01,1.3195155894117678,5.55153395714004,2.689038925550494,5.088931622117676
2014-07-02,1.3143603810057274,5.531441751340025,2.712432244012987,5.162672920279761
2014-07-03,1.290334311195402,5.56913294729292,2.7316431649188493,5.219092375830015
2014-07-07,1.318128716936892,5.497085669078713,2.7022764335644855,5.227392184086254
2014-07-08,1.3041341119598535,5.470234188702016,2.694170579111893,5.226758933249199
2014-07-09,1.3177880192847766,5.459413994549991,2.6839717124541385,5.234870654307561
2014-07-10,1.3151151978915163,5.479220726177067,2.6300452138387045,5.147763454384354
2014-07-11,1.3025161458757923,5.355187530950179,2.612456600121929,5.180817442144824
2014-07-14,1.3115819825693213,5.387596255460519,2.627467170755641,5.2028761168058475
2014-07-15,1.3061447519796694,5.306739298122481,2.604690159471721,5.198660163382623
2014-07-16,1.3128210235058986,5.373736983569393,2.6197284492746555,5.213249095902331
2014-07-17,1.306783306450685,5.4118578532148955,2.599177141671287,5.14367177153324
2014-07-18,1.3332757396973287,5.2814380892670325,2.6389371776630455,5.234773793811078
2014-07-21,1.337701683513319,5.259933505910673,2.6519421675564128,5.228820535235463
2014-07-22,1.33835527482329,5.2714946625158765,2.65638341700032,5.244869002012799
2014-07-23,1.3541138695188504,5.274056294561079,2.707644344983353,5.346880018345574
2014-07-24,1.3595381762051761,5.239749789129067,2.737473773865595,5.499875288629308
2014-07-25,1.350125321922384,5.288158245218616,2.7432734691974487,5.526986615605081
2014-07-28,1.3512847763322642,5.376524064825698,2.7741009165117565,5.600555884644616
2014-07-29,1.3575248589659918,5.305285325883314,2.79189930604523,5.662603506851907
2014-07-30,1.3429028079715444,5.2754998459206135,2.781610515572649,5.706545675923163
2014-07-31,1.3630123171443516,5.174959186617184,2.8106570104826663,5.857777121273705
2014-08-01,1.3438159533411407,5.190812378309059,2.7872810867509306,5.851959162461907
2014-08-04,1.3392426108200597,5.168507680535884,2.756648117567702,5.793263554976893
2014-08-05,1.342848209410057,5.185014842286305,2.7898619179640094,5.887604266916624
2014-08-06,1.3545331850101454,5.170114491560214,2.7847340283687334,5.868563596035743
2014-08-07,1.351408179303523,5.301774641783509,2.7868039607934207,5.841171548693523
2014-08-08,1.3649364334489134,5.388446717040158,2.8167120805661163,5.910722072766898
2014-08-11,1.3894638980725866,5.317381176187147,2.8246327338880475,5.919525811868649
2014-08-12,1.3960721979564836,5.347482276474723,2.8173703546003566,5.931493117880812
2014-08-13,1.400629900189578,5.466108389404694,2.827311496035952,5.933567152609959
2014-08-14,1.4173433009911602,5.393171822047844,2.815832989332706,6.0132612006596915
2014-08-15,1.4260900381781174,5.442911069803198,2.8499468975140965,6.035639014295978
2014-08-18,1.440384102645666,5.461627375849803,2.8844910017942706,6.173693952879788
2014-08-19,1.4480194180916057,5.501483650309738,2.8943669997996904,6.183840591804127
2014-08-20,1.4370498426795322,5.537212396061541,2.873652583532731,6.113333244751584
2014-08-21,1.451484083997104,5.593836266642721,2.9086533619046793,6.150454403199727
2014-08-22,1.4663040842193438,5.707295560258769,2.9441469178570285,6.23906104163329
2014-08-25,1.4443687927878053,5.621676228933216,2.935294187765625,6.2217413636576415
2014-08-26,1.4246293570282405,5.396343092976247,2.8568325824391203,6.0403459638447945
2014-08-27,1.450850215188773,5.453309342540578,2.893071362042979,6.123972089462379
2014-08-28,1.4618414266734148,5.428213808597507,2.928537758248131,6.18424193339819
2014-08-29,1.467505965388774,5.534214308770479,2.998582136395419,6.275873704624678
2014-09-02,1.4560382818707371,5.486811483714347,3.010941880441106,6.432613060832424
2014-09-03,1.4633825399306375,5.598129398615117,3.0375802883176855,6.363190178811023
2014-09-04,1.4550733786585188,5.559346771787241,3.022468115706761,6.372004427993473
2014-09-05,1.4533281306720538,5.525185844954033,2.9993678053118007,6.362869693039802
2014-09-08,1.4646035835195552,5.5299092354579695,3.0018463982279053,6.400102880917596
2014-09-09,1.4722783545507176,5.5318833977389215,3.0199074366445835,6.447778812039364
2014-09-10,1.4870832188313898,5.636574856452065,2.9786676482028045,6.403224635852187
2014-09-11,1.4681008395188453,5.686246040190907,2.975676131487617,6.371812963211839
2014-09-12,1.483864279490757,5.712584674939173,2.989070205946324,6.41776576085314
2014-09-15,1.505950763153048,5.698219184647609,3.0278329784228184,6.475730287276707
2014-09-16,1.509889508663392,5.720101875987352,3.0675294160446698,6.491217125330231
2014-09-17,1.5029490205492764,5.71023733759508,3.0495889116882338,6.458528721722535
2014-09-18,1.520510810831451,5.7230005144719795,3.0541119974317126,6.503159771204259
2014-09-19,1.5344410510578135,5.830400285106378,3.0976457426510784,6.5609738332653755
2014-09-22,1.5248680221195827,5.740140335891168,3.081469122483311,6.567684238357382
2014-09-23,1.5250882128233967,5.720388115855621,3.097506809513909,6.547975166637455
2014-09-24,1.52245311400138,5.638717205617282,3.1560154145611925,6.612955765117179
2014-09-25,1.52221274328484,5.624661370934914,3.1312125410461475,6.543269357072613
2014-09-26,1.4878443349175654,5.51333694450538,3.107637036623443,6.514595153022514
2014-09-29,1.4797430039406132,5.438584241164792,3.1452854331439983,6.546827322498778
2014-09-30,1.4781296653309643,5.431348624771623,3.1501721177662096,6.702434567392872
2014-10-01,1.4545799184376664,5.38443163978689,3.1737004675736364,6.709903516121919
2014-10-02,1.463202914924131,5.342084376993832,3.22391852683262,6.758580364963044
2014-10-03,1.4705821091408469,5.27999888998845,3.1842497603667472,6.768163342724325
2014-10-06,1.4566797082066585,5.216942919023885,3.2070327065247746,6.72274676864743
2014-10-07,1.4382223902873423,5.172881009748458,3.1499089325174046,6.673879530525351
2014-10-08,1.4345834012939311,5.1675921533703955,3.134097782038922,6.6215934136821755
2014-10-09,1.4177591042215092,5.136347385250421,3.150476993432205,6.68940450079037
2014-10-10,1.4379598796402475,5.230129711899599,3.1971988647577327,6.7954279068870305
2014-10-13,1.4345514477385646,5.17168771110393,3.1720164092019014,6.777473687458032
2014-10-14,1.4347012579483558,5.08208822479169,3.147898840219174,6.771013542061343
2014-10-15,1.4391432218545537,5.157801946726368,3.1609842991775743,6.791350773472792
2014-10-16,1.4384230662185093,5.125854823609856,3.1871287415326766,6.816890551974284
2014-10-17,1.4491346687590125,5.216311627335937,3.1955271886319063,6.8138457728919954
2014-10-20,1.467775931718429,5.267816333054738,3.1872160112077927,6.742377632773379
2014-10-21,1.4429224252746395,5.278191694119997,3.186752254813175,6.750590439678801
2014-10-22,1.468384546666272,5.24708051773442,3.1425206691499867,6.679101246180734
2014-10-23,1.4640594647060619,5.287453999275195,3.225424551070987,6.789381388029048
2014-10-24,1.4529409372301043,5.284490583022819,3.1818474646522894,6.722542933200689
2014-10-27,1.4376964032794988,5.349927727214121,3.253832618407972,6.837944015183426
2014-10-28,1.4252337717891115,5.284635272247375,3.200282767218318,6.7725006086805895
2014-10-29,1.4230518894035273,5.26241503850311,3.185095639652175,6.753222879143305
2014-10-30,1.4409307317662345,5.219162753610064,3.1654130301387804,6.76424348730984
2014-10-31,1.4331499182282135,5.204672105536235,3.1836275282862103,6.8463892042071395
2014-11-03,1.4370012212967609,5.185821426649473,3.145206809639139,6.91557448292205
2014-11-04,1.4356531491871112,5.189412929720375,3.177941667158451,7.081365314129051
2014-11-05,1.4423931212805643,5.242794181269311,3.2151565329164766,7.155885370970404
2014-11-06,1.4331854080256201,5.25662190945989,3.224990257057549,7.32055123388916
2014-11-07,1.4351981648066532,5.309409987186335,3.241721535170857,7.339785845033246
2014-11-10,1.462248604202919,5.285676091706151,3.2430499624667677,7.294615982275427
2014-11-11,1.460534447023296,5.215168141327491,3.2447951731854614,7.277006167919826
2014-11-12,1.4778494802991586,5.1733547795528905,3.229107780241061,7.230065883955996
2014-11-13,1.499049872155535,5.035041715254311,3.230293505627839,7.205680601179514
2014-11-14,1.4633118264063907,5.025485953101366,3.200590539139661,7.11328373026342
2014-11-17,1.4371391537424827,4.96108355527826,3.181966269854533,7.266228962590625
2014-11-18,1.4369202370556908,4.951842987388281,3.1581792962820514,7.190440782479252
2014-11-19,1.4174948427923582,4.876797364466249,3.148194593873871,7.2439272037756846
2014-11-20,1.4308996474033824,4.813366823911213,3.070931744561131,7.09350508306626
2014-11-21,1.4273980032073506,4.868401390687106,3.099371676641601,7.020627619875952
2014-11-24,1.443268933629806,4.795430497703094,3.0662851274625798,6.908139613130153
2014-11-25,1.4391716661664906,4.697634450216981,3.0264798681099454,6.922781387486922
2014-11-26,1.45220954515747,4.735816194518944,3.0052006430273446,6.861409061021013
2014-11-28,1.5396805883313347,4.725633352409342,2.95269316966767,6.8421856080531915
2014-12-01,1.5261290433584884,4.691150235392055,2.8673236926862598,6.71100134659253
2014-12-02,1.5338780281388313,4.719058059807131,2.9037748202919835,6.7137810833949745
2014-12-03,1.539452859610791,4.7041110189037605,2.8785916052734923,6.6498721456305745
2014-12-04,1.5340882649791583,4.669652037857345,2.8630550704374738,6.599016137643409
2014-12-05,1.5218345918656677,4.650757821070102,2.922856811674043,6.710624307175951
2014-12-08,1.5338460512567749,4.5434801718007245,2.9324877966465817,6.648477999105821
2014-12-09,1.523744997791224,4.564911118879692,2.9167037437665986,6.634768864111962
2014-12-10,1.5269893564705586,4.516774362440058,2.947914932193374,6.600807688911968
2014-12-11,1.5054558757229715,4.45985233802997,2.9242673441651217,6.5245375225031506
2014-12-12,1.480385869777311,4.412774195116774,2.9463563306992495,6.537539190262096
2014-12-15,1.4869290806211015,4.362285494759089,2.990637793249302,6.6072801107447905
2014-12-16,1.5164753030348503,4.353717806465794,3.0167037398984373,6.615409403545498
2014-12-17,1.4779650960511155,4.366961328825588,2.9563437564183226,6.519104903538114
2014-12-18,1.4806112410932872,4.316834085412881,3.014246921969768,6.592678285987498
2014-12-19,1.5091607043671662,4.385663894291371,2.9681664086344073,6.538370234792492
2014-12-22,1.5281588720440964,4.340803485284435,2.9698953282289136,6.507939266731823
2014-12-23,1.5129854005109242,4.387495512576913,2.9323861501859585,6.475772921996579
2014-12-24,1.5444086597783282,4.360593893331366,2.955359314559131,6.4471943853760045
2014-12-26,1.5161623497741836,4.335380922424454,2.9435410980039656,6.41578854205247
2014-12-29,1.5127348568447887,4.380613991459661,3.0046598654090118,6.468071666135558
2014-12-30,1.5221136894167602,4.357700005784299,2.963242920191199,6.3849411068123505
2014-12-31,1.559421034039317,4.334257352087058,2.9899388317558886,6.44390918868791
2015-01-02,1.556082333160193,4.470233614075102,2.968384898562104,6.48221468623601
2015-01-05,1.5161994472941869,4.418104762277245,3.0303437980211325,6.530455221651896
2015-01-06,1.4683369447991308,4.363904356349365,3.04536848223754,6.6051312352786145
2015-01-07,1.4729787366293274,4.364055949470829,3.068770120810079,6.605677799219262
2015-01-08,1.4747546661113031,4.365944769726783,3.062989618129876,6.6361835566370875
2015-01-09,1.4595454179366951,4.364367342603176,3.0621058300681905,6.648627973555585
2015-01-12,1.464517829200852,4.460505890418828,3.1121692233788516,6.643734694459117
2015-01-13,1.423189059316216,4.480661918826989,3.0532815003471314,6.635289801876443
2015-01-14,1.4184388824224317,4.444278062260675,2.9547062802745265,6.639014152134761
2015-01-15,1.3854604293610058,4.479328623585515,2.927503950526167,6.526554649104588
2015-01-16,1.4124240217279984,4.38356991989168,2.8390710724815356,6.308047381049472
2015-01-20,1.416059087973463,4.408345505494796,2.885496857821555,6.212160409051126
2015-01-21,1.4105044039252943,4.4253009017905125,2.837232743755252,6.212850091786522
2015-01-22,1.4123738004972612,4.43595065097196,2.867898255808078,6.1832065931186175
2015-01-23,1.4073898146055923,4.477365616273495,2.871880074730478,6.287298750897129
2015-01-26,1.4146616329694053,4.469868903144703,2.9383842120712433,6.3549580804435335
2015-01-27,1.4166632658687413,4.4436064694586035,2.930930171402634,6.403546767007386
2015-01-28,1.427495455339696,4.4627789826514555,3.0158875784118018,6.521527454758275
2015-01-29,1.4760001487583352,4.484913597776089,3.066159906684955,6.536153898866553
2015-01-30,1.4874484195458446,4.362779428027086,2.9366659063858713,6.235495792547743
2015-02-02,1.504399432354433,4.315504187230002,2.895387568166097,6.158985584800859
2015-02-03,1.4820684255914855,4.149862900116037,2.808366175495467,5.978538687304134
2015-02-04,1.497531247246301,4.227021563455465,2.9023386652742715,6.214899996792873
2015-02-05,1.4900053631603778,4.106304036474351,2.865130771022736,6.116761222839647
2015-02-06,1.4862208169891837,4.086789425792572,2.871193486799683,6.088656197338145
2015-02-09,1.4935941019949084,4.071851760084263,2.8506719374749308,6.025375191565595
2015-02-10,1.523906554916072,4.1962253568107695,2.847641869275546,6.065003455660471
2015-02-11,1.507923621266586,4.243713983220725,2.85019372528611,6.066679440271949
2015-02-12,1.5079927507287927,4.14965664385638,2.846223760229447,6.056232154076006
2015-02-13,1.5013625082909443,4.108705446066869,2.797748788335393,5.982727563761313
2015-02-17,1.4880163348417976,4.1390895381252655,2.8283260885868287,5.941664353751301
2015-02-18,1.5085539614166503,4.226567683169902,2.8301225069312084,5.980064495303272
2015-02-19,1.5380940263968481,4.248074510896019,2.837137925662589,6.03346859213933
2015-02-20,1.548040803770997,4.322000235619991,2.833988572271086,6.030176303682208
2015-02-23,1.580538960053063,4.349435185721181,2.8505323688633664,6.140136172260944
2015-02-24,1.571785208724674,4.326670071655565,2.867751335285657,6.212564735090413
2015-02-25,1.6038173784317464,4.272647455700041,2.7965723233013176,6.101023996741793
2015-02-26,1.6456253610132634,4.265000642899802,2.8554732238281066,6.278173501887851
2015-02-27,1.6348193224966214,4.196326372205806,2.8257653043989506,6.201436075060189
2015-03-02,1.654539688387554,4.251904676764564,2.883755167609437,6.162482366231415
2015-03-03,1.6000120902952946,4.251556115751426,2.854493052017617,6.2815594705334155
2015-03-04,1.6348057651565178,4.222503892473954,2.82816745906092,6.166535792614593
2015-03-05,1.6463925867183935,4.244678731558269,2.8525245469772065,6.161411874780379
2015-03-06,1.6718928495204113,4.227091048198108,2.843425633608179,6.184634829578634
2015-03-09,1.6643755605537212,4.311332694398656,2.9116571180480078,6.257674889974937
2015-03-10,1.6878110348826862,4.3088662478088136,2.93064040681791,6.27771908280186
2015-03-11,1.6903088679430731,4.278137816692028,2.9135748180123797,6.254733057192813
2015-03-12,1.6911006821223518,4.2589112789055745,2.9072663342030647,6.3099681063291495
2015-03-13,1.7219690475640228,4.3375555676878275,2.970086422604794,6.394227252183411
2015-03-16,1.7545659859379201,4.25140978670391,2.9252030823811457,6.260770654565657
2015-03-17,1.7748722902044283,4.228922083501144,2.894045600210961,6.277003295506609
2015-03-18,1.7819907057879174,4.167390775033073,2.824075204994101,6.1992929088734545
2015-03-19,1.7819355434464927,4.131877847669291,2.809815598605888,6.283664122737895
2015-03-20,1.7686262862554047,4.163099814453992,2.8303290902565315,6.2396720216551165
2015-03-23,1.7844536473867696,4.19754007638467,2.8599887690997488,6.135051523758818
2015-03-24,1.7831439134662495,4.25200101203807,2.897618971402291,6.172415224717361
2015-03-25,1.759161537829105,4.2568050003112745,2.878191508387039,6.1508744808853395
2015-03-26,1.7325911834753662,4.268851133239195,2.8577517343784686,6.1777343545015135
2015-03-27,1.7757978614843828,4.2847532176089365,2.9041928638270895,6.205908344564562
2015-03-30,1.7889460158518284,4.297438447941758,2.9141534916521605,6.190792184468751
2015-03-31,1.8093493693381104,4.337129686826383,2.9592535920100005,6.272143624667512
2015-04-01,1.8087726864164424,4.264224360829266,2.9196704669147038,6.2425802769672005
2015-04-02,1.8190638164726103,4.158763079641035,2.8604825320500473,6.038454264125552
2015-04-03,1.8190638164726103,4.158763079641035,2.8604825320500473,6.038454264125552
2015-04-06,1.8118511141097995,4.114291089053829,2.8020538319202,6.043824136898089
2015-04-07,1.799323127274866,4.109689342338935,2.767681755448287,6.019580127309522
2015-04-08,1.783969079706375,4.162526908496382,2.842963515796368,6.05274596670933
2015-04-09,1.779425889930404,4.19595432513716,2.8214289938769133,6.083026847723292
2015-04-10,1.791094641147771,4.162540048593552,2.7832595538082328,6.111047171505226
2015-04-13,1.7878871394743612,4.1787904712533726,2.787729409617518,6.201697682206629
2015-04-14,1.788477136397636,4.188961547796824,2.7822456626892227,6.19493076858621
2015-04-15,1.7989092017430335,4.157901134548371,2.7224667876302378,6.123008431069827
2015-04-16,1.8029777550221133,4.117586578514037,2.6976818635750934,6.048584057592837
2015-04-17,1.7997541247119881,4.163098101030351,2.7295762331246207,6.09023701939543
2015-04-20,1.8400838088983251,4.183666253665383,2.7315670363878026,6.151836291825175
2015-04-21,1.8605563283746531,4.173135068558659,2.7498760712735844,6.142188562999076
2015-04-22,1.8560905880493863,4.1771243759268755,2.7182826745950828,6.117948799575099
2015-04-23,1.8189162007205983,4.175187848529862,2.6926756629366664,6.068282522888425
2015-04-24,1.8113557118538055,4.168141249339783,2.6638565811378636,6.1252993472984585
2015-04-27,1.7588620884668242,4.22036779753443,2.743654433555963,6.191246744764655
2015-04-28,1.774410136145137,4.193203473252957,2.7448633251607,6.207118944027994
2015-04-29,1.8026675310993454,4.125959168596511,2.708350890164959,6.181270931827734
2015-04-30,1.8134261111268706,4.094014285609808,2.634958326905595,6.151828898863945
2015-05-01,1.8338874372839378,4.068941890778768,2.5787308611422497,6.078529219422965
2015-05-04,1.8465401333970182,4.0787689529557865,2.602277139233979,6.094159605592463
2015-05-05,1.8370690515159132,4.090431138156212,2.6094936476988506,6.11233108035129
2015-05-06,1.8550035036333656,4.0087839226223325,2.592805063340482,6.111054756526234
2015-05-07,1.8434619957979779,4.068940260570679,2.591485203410473,6.137234333761137
2015-05-08,1.851901999973394,3.9461926185368,2.5477393466314378,5.99389624874765
2015-05-11,1.8564882066445096,3.9643703737935794,2.5378539523888284,6.022047574785835
2015-05-12,1.8676005028391733,3.8949757669103997,2.5304772183112716,6.0052094486326775
2015-05-13,1.8691340531491776,3.933812816320386,2.5669947409938265,6.038023560811171
2015-05-14,1.89191372727754,3.860330023111165,2.573725276215663,6.010467137554912
2015-05-15,1.8719691483423457,3.8906668625968344,2.6021379247792225,6.055925311678484
2015-05-18,1.8904421184389806,3.848972224924292,2.5999598608191548,6.09259647169394
2015-05-19,1.8824382565347564,3.9079678276892222,2.588615927103107,6.131451741947719
2015-05-20,1.8878195233067334,3.940567707601153,2.58798060307139,6.1256337455631815
2015-05-21,1.8893279168168902,3.923184060686789,2.5891560298993226,6.149380715923276
2015-05-22,1.8969454328010698,3.9747398143604022,2.612912555553669,6.226042012503766
2015-05-26,1.8871817616693605,4.067295978000432,2.6436430723989903,6.343229379559864
2015-05-27,1.8814926148090345,4.131111755833422,2.6725166480597884,6.430603090919122
2015-05-28,1.9080067225372639,4.126470935358592,2.684037899108016,6.419983456193495
2015-05-29,1.903977231221627,4.1521097245661585,2.679117817332926,6.4167553369963555
2015-06-01,1.9260809356053594,3.977847919589665,2.5656059395321087,6.178880126537303
2015-06-02,1.9447335417765874,3.9542877709294992,2.5565175492817676,6.145790194318628
2015-06-03,1.9041321291381352,4.006528334106963,2.5740944719275802,6.151242491184723
2015-06-04,1.8647855534620026,3.977962732807248,2.536198418330138,6.073558319823611
2015-06-05,1.8809818448989366,3.9564698521145063,2.5162955612310407,6.074040655880612
2015-06-08,1.866487900764913,3.891238785642274,2.4737585603138585,5.929304456880691
2015-06-09,1.8872547563049435,3.9011695075510056,2.479968380593424,5.938703590471002
2015-06-10,1.9195047773658447,3.952821637321842,2.512959065950009,5.994948106780611
2015-06-11,1.9177102268610136,3.985104351018103,2.5335349258113427,6.10384291604645
2015-06-12,1.8897629700824856,4.041237332059942,2.5620749766092983,6.170779442262444
2015-06-15,1.9108483599487458,4.076310921004574,2.5982400372119887,6.300503040554139
2015-06-16,1.890595900066919,4.11868049441975,2.6188898422606504,6.327023937639567
2015-06-17,1.8751878441003484,4.123701971049173,2.621098112465209,6.364233562222866
2015-06-18,1.8688978858244576,4.203729422417557,2.683365550885213,6.488802342402335
2015-06-19,1.8494520352098052,4.186347911926655,2.6698328749545053,6.473738404551032
2015-06-22,1.8347487700573821,4.126127287849604,2.633250690280236,6.4128601012155535
2015-06-23,1.8159853200451845,4.121978119752538,2.6085801860967317,6.353895513622473
2015-06-24,1.8361214132611738,4.052495835237802,2.571017976404595,6.243311819083871
2015-06-25,1.8013817908914933,4.036602325258241,2.558502004553725,6.1564057264693
2015-06-26,1.7520353252922451,4.078539563118776,2.581144585774311,6.1457757591666
2015-06-29,1.7397709230752334,4.134879686552515,2.6129177541360935,6.23108277812762
2015-06-30,1.70134050883571,4.06342722541288,2.5632241899845525,6.093802102601778
2015-07-01,1.72639430595717,4.1462323162711305,2.6327682428758696,6.252940557592711
2015-07-02,1.7270001785894498,4.103898957537321,2.606758816391596,6.211079835235654
2015-07-06,1.76161391682266,4.124260552678818,2.615526556334511,6.229990868381496
2015-07-07,1.7966784062637071,4.063671219990288,2.5804329277872005,6.143314184602473
2015-07-08,1.7827896748313878,4.123378455531171,2.6065330514054406,6.256658616711189
2015-07-09,1.7436213019462878,4.19476062915831,2.6485948783806688,6.422305823837459
2015-07-10,1.7583332817386468,4.160465124885956,2.620994289170461,6.344473550914726
2015-07-13,1.7441375215391688,4.101382205191208,2.5785898163148895,6.248019102040168
2015-07-14,1.7453453219378163,4.091072283184633,2.5753325436343553,6.220840377408644
2015-07-15,1.7507220741377816,4.073672791035783,2.563650327083848,6.183967683846546
2015-07-16,1.7462538490885626,4.139607457967921,2.6020929922339184,6.284123285539933
2015-07-17,1.7225242234605203,4.182463862720061,2.629919949380591,6.377321449708403
2015-07-20,1.7077408595398411,4.302409426129478,2.7059391144523057,6.578552830307661
2015-07-21,1.7115238489702356,4.2912695448454174,2.689098653833098,6.5792020404188785
2015-07-22,1.7169973094385031,4.3168575559443445,2.7011191885598764,6.570513748057691
2015-07-23,1.7373297441972562,4.337214573483863,2.706691265282931,6.560869868008283
2015-07-24,1.7392418394423725,4.385176134516691,2.7345767409413155,6.58222467825323
2015-07-27,1.7538295567984576,4.415874382164396,2.753720034489848,6.634562191681511
2015-07-28,1.7542636398256684,4.3623600401872435,2.7333447164950573,6.629267418684053
2015-07-29,1.7540702775628823,4.374128055643631,2.739933084823903,6.637237768433295
2015-07-30,1.7542766081802819,4.394736591579997,2.754732824133289,6.676741362913171
2015-07-31,1.7603675578170939,4.407442225158326,2.7666186643022557,6.679392731373297
2015-08-03,1.782727738037326,4.407831180926531,2.7668628177665395,6.709698086703427
2015-08-04,1.7894209997592958,4.336344217353643,2.7219893611058694,6.619278989872912
2015-08-05,1.785602901645325,4.352289954675562,2.7319987434725994,6.646100174861382
2015-08-06,1.7716928787552901,4.335399330024836,2.721396240927318,6.610664113531747
2015-08-07,1.7818472907741396,4.334732021690024,2.7209773613142403,6.6228393564104096
2015-08-10,1.7698851542411522,4.3819855127716485,2.7506390979182105,6.65921025826369
2015-08-11,1.7942461415435125,4.388859535834061,2.75495402697043,6.640020079999848
2015-08-12,1.7978005826146184,4.450713646555495,2.7937807950693787,6.6397369171533915
2015-08-13,1.8149844486390416,4.477253690844712,2.81044038540112,6.681823987484011
2015-08-14,1.8230011676640083,4.393102723901878,2.757617540796557,6.565393343823585
2015-08-17,1.8386710365798038,4.472832981530148,2.807665438782577,6.668053035103379
2015-08-18,1.8446290793277482,4.440511779914083,2.787376927878621,6.577946121680765
2015-08-19,1.855379028649565,4.487643045316926,2.816961941561019,6.57251372469194
2015-08-20,1.8286054753418692,4.567152064201655,2.86687096461553,6.648182383400329
2015-08-21,1.8258750900863219,4.67254753030568,2.9330293051586684,6.7685696165860705
2015-08-24,1.7843140544011105,4.6645468554119445,2.928007159579159,6.768432033016386
2015-08-25,1.7970307723314027,4.606448662503268,2.8915380383401152,6.740771349985441
2015-08-26,1.807737607061511,4.500781086965999,2.8252088905581556,6.518061937304031
2015-08-27,1.8253781801950022,4.442832753177197,2.7888338381728563,6.441002725606514
2015-08-28,1.8106626533757937,4.37613189853878,2.7469646950416773,6.383509069720215
2015-08-31,1.816472358368833,4.369804011927498,2.743908239062557,6.411823207485497
2015-09-01,1.8133557519388974,4.380196278759415,2.797008416499267,6.482319005523132
2015-09-02,1.8215632961619606,4.435657051858189,2.829845415162353,6.521906769216236
2015-09-03,1.8616390263184808,4.370799023294927,2.8001765896987476,6.453529425143298
2015-09-04,1.8452274703403964,4.3719655369821275,2.8130252537163276,6.457416917825107
2015-09-08,1.84378741460568,4.397203075372675,2.7959168629114806,6.4515221262972835
2015-09-09,1.8636348001516703,4.3937531749307634,2.804005969260979,6.450223708397511
2015-09-10,1.843413863123486,4.381016306691405,2.804794164714666,6.47379579560416
2015-09-11,1.8466770506715122,4.3120299038311485,2.782590410984426,6.39852516413725
2015-09-14,1.8552672361341538,4.230712741589234,2.7315223331134457,6.303503649067334
2015-09-15,1.8703867023050855,4.27547035740669,2.755054028334743,6.32191619933656
2015-09-16,1.8813534900041422,4.3061379403212365,2.7624570781592417,6.355622585997589
2015-09-17,1.897228295040217,4.297982029553489,2.7854949473656445,6.407832545566304
2015-09-18,1.8852560646090888,4.349058989841322,2.81402406105896,6.4238063595025094
2015-09-21,1.8671867466188836,4.329646197923825,2.8096928106222516,6.45090934600631
2015-09-22,1.8757947782258548,4.253404038562836,2.847519364176006,6.507733244638193
2015-09-23,1.8858689745776411,4.186033324489945,2.833076813260215,6.491329410837973
2015-09-24,1.9107810586667495,4.142517445995951,2.800857728305827,6.4709241528725014
2015-09-25,1.9141140912944599,4.098936389859467,2.773980047176755,6.467987779179222
2015-09-28,1.9254794068983103,4.035367635239375,2.777458504794993,6.434098974122379
2015-09-29,1.931161426516049,4.000823244006782,2.775408842509693,6.4514448085733065
2015-09-30,1.953579642222377,3.9556317740512568,2.758687032034027,6.3843820648716125
2015-10-01,1.9308800852786598,3.9711679182730775,2.7738790450363213,6.4256401136017525
2015-10-02,1.9667281088077393,3.909686705898755,2.7457075318207886,6.492845569683797
2015-10-05,1.949529389455001,3.96036566083811,2.7555938720383737,6.566867563294142
2015-10-06,1.9669731482227304,3.95364912820464,2.714452017796362,6.523294822801544
2015-10-07,1.9732852182510436,3.9876187731348103,2.68954339537609,6.585830041736025
2015-10-08,1.999921375729711,3.950635203315102,2.6305023279330055,6.457630261933446
2015-10-09,2.0031484606524432,4.05614434188312,2.56086375535989,6.32929567131068
2015-10-12,2.0192532218435333,4.0671333245824135,2.5403915165664106,6.270626196387157
2015-10-13,2.0157848549524635,4.113656952292419,2.565152804200522,6.324732512859908
2015-10-14,2.0381033440100107,4.1672023848973545,2.523994061078907,6.286907588870112
2015-10-15,2.0304329534704015,4.244481780271763,2.5165874987631054,6.243701182317266
2015-10-16,2.0082803403872416,4.31431061579729,2.52752344543867,6.339873826217909
2015-10-19,2.030986172557803,4.309787540755097,2.5157721340364567,6.311068574974023
2015-10-20,2.014863697909089,4.251537585821893,2.536288372646265,6.401951471092028
2015-10-21,1.9739377597786854,4.288930269809507,2.5562915143345317,6.50518997914459
2015-10-22,1.9735831533340291,4.328788759334974,2.545670573363481,6.52483632864611
2015-10-23,1.9634227391453543,4.350765314821495,2.577669987335964,6.54736897019228
2015-10-26,1.944251565158876,4.399409256292202,2.6010432707906035,6.580103212039607
2015-10-27,1.9500647190320344,4.4395426131878795,2.619521302364029,6.580948746485846
2015-10-28,1.9448709430925954,4.451737897154246,2.597858975142064,6.6256248369046205
2015-10-29,1.9357416431326175,4.388264654436369,2.6040076088574247,6.597364285442254
2015-10-30,1.9289878280992376,4.389903642937083,2.608834282257153,6.614437142596314
2015-11-02,1.89829444458535,4.462186254271672,2.663512228594252,6.764570372982994
2015-11-03,1.9163564424438382,4.453478747640908,2.6280611139853707,6.62367133116198
2015-11-04,1.9213422909368902,4.376169985084427,2.617501143563174,6.548180610431481
2015-11-05,1.935815481972643,4.373761116325951,2.629017017703251,6.53205479030835
2015-11-06,1.9457401615633747,4.362833637660324,2.6281708827204557,6.496445622425096
2015-11-09,1.9418043213405631,4.400244705353668,2.6579050259617683,6.489474783343156
2015-11-10,1.9651835628129137,4.541143232605823,2.7344638916952415,6.467625381705717
2015-11-11,1.9363989946613918,4.584877128105147,2.7744591313569775,6.546088479650286
2015-11-12,1.9028209860488725,4.563229676322505,2.825933153027655,6.660936732886816
2015-11-13,1.916383756729031,4.551788643884826,2.8414810608000503,6.703205853287003
2015-11-16,1.9235730194788356,4.551952176489479,2.8301447589877196,6.616401054571924
2015-11-17,1.9003042599214934,4.512356268914663,2.811850031133111,6.675910365348826
2015-11-18,1.9277895079074374,4.529798076433869,2.788872386516549,6.596865078343926
2015-11-19,1.899160915583961,4.581732089438071,2.7810384242567934,6.5718711581626215
2015-11-20,1.8773342557577761,4.591201947319697,2.7728373426230424,6.563621040167049
2015-11-23,1.8692602256402195,4.527438452708772,2.763831564860045,6.616131245154734
2015-11-24,1.8953134217660976,4.558533321428046,2.70718326096612,6.4663056498354115
2015-11-25,1.8630330316387322,4.530334558629548,2.713343820906079,6.524204823414367
2015-11-27,1.8167816749095822,4.554128991952621,2.775307557783108,6.707292471752801
2015-11-30,1.8371830395291773,4.5783617063030535,2.761764046120683,6.664859434363354
2015-12-01,1.8458112510061933,4.652880212256732,2.768812713272291,6.7168896528002415
2015-12-02,1.8762298451912196,4.691911384598969,2.8351413021983336,6.826949813669556
2015-12-03,1.8375171375931898,4.668162900741093,2.8175351712588204,6.7246227761999755
2015-12-04,1.8767578442314263,4.661773457595005,2.811238368457162,6.684182907592841
2015-12-07,1.8684614916927702,4.7277163690509125,2.895075961031593,6.83601015896338
2015-12-08,1.8889310724051085,4.6588280079475135,2.880119071586285,6.812402648479931
2015-12-09,1.8410357188815354,4.77191458481477,2.90648108530062,6.83017710129152
2015-12-10,1.8415640920777026,4.694175437616796,2.8463208885541085,6.72109553686387
2015-12-11,1.838884014531594,4.752054691888083,2.8839721238358034,6.8081594515321155
2015-12-14,1.8102677278519943,4.768438089871969,2.9153933647682684,6.846365106795832
2015-12-15,1.7949756361710276,4.727140407062297,2.8880767752694694,6.797013267827872
2015-12-16,1.8302442238255598,4.831184755222069,2.9187496277778164,6.863080322696498
2015-12-17,1.7997615996562648,4.865997310089353,2.963664193970434,6.914824055347709
2015-12-18,1.8183924871591741,4.921969242909596,2.969401495505947,6.987235719358869
2015-12-21,1.8967273084379388,4.824458072581074,2.9310197824768,6.959920984751767
2015-12-22,1.894866841884922,4.797750961715876,2.936766955960972,7.014929025495304
2015-12-23,1.869661098992625,4.734530796232033,2.8461520168269705,6.854332360142197
2015-12-24,1.8986297148779596,4.695780436857247,2.7851657933439906,6.75187678621825
2015-12-28,1.9382474728329977,4.637517505439202,2.7691331235488006,6.698638128891902
2015-12-29,1.9259656782115606,4.569303031204475,2.68992564424925,6.496372137624557
2015-12-30,1.939424188399186,4.553314637139377,2.72116908569521,6.591004873862322
2015-12-31,1.9302001415793806,4.503887437803129,2.64956307516396,6.421370355564494
2016-01-04,1.947565943912277,4.486350805508974,2.636457873844234,6.367647179647097
2016-01-05,1.9774783587792606,4.5244151244664605,2.6256515241871563,6.423199404497208
2016-01-06,1.9986104239960352,4.614490913373283,2.7110594958335357,6.584581669809092
2016-01-07,1.9872978342075491,4.675746348582449,2.704964308999369,6.6154233765759
2016-01-08,1.969330936261352,4.653928466041435,2.6597728590614125,6.597046242071296
2016-01-11,1.9848783229258162,4.694666633562934,2.6887541870474347,6.692176815804058
2016-01-12,1.9968871973751188,4.778134838328014,2.7362989185341124,6.852123617570751
2016-01-13,2.0105430214236786,4.867520463557617,2.7804176745187905,6.962353224341281
2016-01-14,2.0031428714903705,4.848995988917376,2.786323038703989,6.952846106444443
2016-01-15,1.9930610386068475,4.959182537524119,2.834010747237414,7.11463403320079
2016-01-19,2.0128077646381555,5.031570900391023,2.868085934450487,7.271785611339059
2016-01-20,2.0370668206024556,5.043032055548792,2.8418486994672962,7.288100539438137
2016-01-21,2.0229643697627098,4.972402557212319,2.811075791157914,7.2311788149236165
2016-01-22,2.035850723888545,4.815451341569295,2.733270516025941,7.02209536391624
2016-01-25,2.0427333989232532,4.890551318349035,2.7586230711172335,7.032899000098153
2016-01-26,2.055838225756943,4.82341759512709,2.7154178753076152,6.920288099052021
2016-01-27,2.0868045713255325,4.74807213322677,2.6720217287104537,6.845828139945845
2016-01-28,2.055819250869743,4.580465319814622,2.6499581910121486,6.612769709963216
2016-01-29,2.0339551156644844,4.520205179880238,2.6114869513636587,6.551055157172492
2016-02-01,2.069597450818423,4.691588950761319,2.695434974481106,6.727553126081117
2016-02-02,2.0689519865727353,4.813822622112019,2.7950943956908247,6.944575309515384
2016-02-03,2.1243930475984807,4.768958784013593,2.7307391983943496,6.790616530490631
2016-02-04,2.152442319940504,4.785506175093233,2.7201792205596345,6.732417127139966
2016-02-05,2.1443195991912716,4.8154735887846085,2.742794488872458,6.797918606024721
2016-02-08,2.176810384978104,4.958759122199415,2.794296931297972,6.932405370311522
2016-02-09,2.186149842110467,5.065834148077405,2.82715691990421,7.025882510431003
2016-02-10,2.1597697435783036,5.063555530767895,2.8085307862256785,6.986243492552326
2016-02-11,2.17781012414485,5.117651037735215,2.837985592676866,7.087836196501505
2016-02-12,2.1955772600306442,4.907520110840734,2.756224003572524,6.876527509415563
2016-02-16,2.2121361435684803,5.017219416428632,2.846159906255383,7.016810368492515
2016-02-17,2.2270097046235446,4.90243181200358,2.786145288544338,6.974430813919967
2016-02-18,2.2645725084475234,4.96026632980798,2.8091176722241293,7.046483348150176
2016-02-19,2.240202637751527,5.015710466387107,2.7970106492750912,7.0070866836204875
2016-02-22,2.2130945580573393,4.856877672107975,2.7083313070241926,6.8924947360912565
2016-02-23,2.1939292788911726,5.128208994035792,2.7988955979624714,7.0647526002244465
2016-02-24,2.1969991429833335,5.13368526065614,2.78239700645591,7.028932600819918
2016-02-25,2.1870220607553645,5.165900534898009,2.7693908122970927,6.939459800900045
2016-02-26,2.1838019109299682,5.0890738174493135,2.754313373177279,6.936137364716147
2016-02-29,2.1924548014208254,5.157252500207368,2.7510025129121702,6.984265941187466
2016-03-01,2.188857786706956,5.152298674595137,2.7507774707929236,6.948904936972833
2016-03-02,2.204727078392446,5.192013598497504,2.7644902767277406,6.99691003875507
2016-03-03,2.2144405745700024,5.171502519913695,2.757873308231489,6.9666851299622525
2016-03-04,2.238562083186876,5.241105895863613,2.736030573197166,6.98235037697529
2016-03-07,2.2736996807260983,5.123228686444157,2.647955988036281,6.808188539779294
2016-03-08,2.250363536870314,5.0796719702396835,2.667096102686769,6.800631287204517
2016-03-09,2.2854741373029177,4.926844928480304,2.6193706979102642,6.648545991514509
2016-03-10,2.258303514292198,4.9690948927814365,2.6324646962659095,6.728722798704936
2016-03-11,2.254759231209751,4.920168323951167,2.6232084032041816,6.730919950976249
2016-03-14,2.2412331043323985,4.886508910472317,2.6607068722649068,6.740224557155814
2016-03-15,2.222270387306066,4.863095280479861,2.6629040059451636,6.7222144001393875
2016-03-16,2.2436052153848034,4.806430412101361,2.633180737906801,6.658729104121626
2016-03-17,2.2802856740367297,4.847650581986562,2.6451885981951824,6.695809564982211
2016-03-18,2.2732939425361116,4.830787015898893,2.654222729337102,6.706092707262256
2016-03-21,2.2668285297738597,4.856131191228852,2.663115465743066,6.741163455453416
2016-03-22,2.270995189530635,4.7767330713681035,2.657594369471596,6.6230586168187875
2016-03-23,2.219348318836409,4.824308686686069,2.7134213590314373,6.722757150343185
2016-03-24,2.217199482283063,4.803321264724266,2.7049773228852976,6.710133265161206
2016-03-28,2.2018013695655965,4.730950608253044,2.67843249663202,6.660473923137529
2016-03-29,2.1778308070468517,4.735529069083474,2.6833743510572106,6.661450178061405
2016-03-30,2.191510387530412,4.752811499799901,2.720542147917093,6.635159059633954
2016-03-31,2.2247021478865032,4.749323895869112,2.7539599159391543,6.534601623639657
2016-04-01,2.2017919124870153,4.753863551570861,2.7843821749126976,6.5875747793206285
2016-04-04,2.198769225977081,4.707668056320782,2.7745940718825732,6.554750312431303
2016-04-05,2.1928424248480427,4.751834509302377,2.7746026061777362,6.543898031727131
2016-04-06,2.225738089211959,4.7399954356629195,2.78194881844817,6.560122285535361
2016-04-07,2.2442775506908554,4.704289860271667,2.745942287111416,6.474439726977072
2016-04-08,2.2670644815787018,4.674750672640327,2.711257760592897,6.442186929692933
2016-04-11,2.2161776567572047,4.752581949241958,2.7348763657636006,6.523127014662953
2016-04-12,2.2471156195491653,4.674379771221658,2.6758427191845953,6.4297257061864
2016-04-13,2.253646033909775,4.689196734724298,2.6881679043174165,6.390827529414561
2016-04-14,2.24750221970223,4.693944405738565,2.6927957903581685,6.467175581402693
2016-04-15,2.2109361422424523,4.814832113746486,2.7571436925447474,6.718698354526906
2016-04-18,2.228800100787472,4.803404498614403,2.777543716459568,6.708550919402364
2016-04-19,2.201606092206291,4.7189024333467335,2.7156623724782083,6.656693478631131
2016-04-20,2.2042436239842065,4.659276021356825,2.66636686705503,6.656325314412604
2016-04-21,2.17881848934592,4.761871048120754,2.710669847454557,6.694093930135707
2016-04-22,2.2299548026728315,4.711244057154755,2.6949680914323815,6.610186602105877
2016-04-25,2.218335717464303,4.8448144924979895,2.763033594285116,6.7379825481118525
2016-04-26,2.213454811520825,4.816327114994892,2.7458796848439078,6.874100845324942
2016-04-27,2.232138974910199,4.840146266273582,2.7457968609452332,6.74930787148808
2016-04-28,2.2113464471254614,4.8871574741314285,2.7346923620938495,6.72396281457301
2016-04-29,2.2195064051259354,4.912061937966181,2.721471057618556,6.7468594925681264
2016-05-02,2.208705211725421,4.997886878052817,2.832878272195558,6.792369689590214
2016-05-03,2.2295007019299593,4.952735342335686,2.8466674547662403,6.876328648396919
2016-05-04,2.2653736297303175,4.841640530171547,2.881643017690566,6.872488442468708
2016-05-05,2.223932485285058,4.879882902493362,2.831165651776492,6.846040869146983
2016-05-06,2.2401021139653925,4.862795937864893,2.843152664876337,6.86000540714783
2016-05-09,2.247547116084793,4.800804991104196,2.878896861392296,6.988911851595925
2016-05-10,2.2816360775302447,4.840122537798904,2.91222040731785,7.083208096349279
2016-05-11,2.2792262162919403,4.83073751367074,2.8883131285128147,7.016550260004831
2016-05-12,2.300618187648138,4.794033479775497,2.8745532431812464,6.961095113912543
2016-05-13,2.281064084252094,4.8087131444081495,2.854900731915767,6.943863484930931
2016-05-16,2.2819966819258526,4.784992401168187,2.8337938655148207,6.970127842675629
2016-05-17,2.2804369923484384,4.819803686279044,2.8520805350693528,6.907216946409082
2016-05-18,2.264917844510108,4.890272999763584,2.8826676089708485,6.94881429476203
2016-05-19,2.312480029081909,4.8514158296967445,2.891210816208592,6.853632726843627
2016-05-20,2.2995128378061365,4.8880350194746285,2.9142643902149694,6.876598672684737
2016-05-23,2.302033929772038,4.912786770825569,2.8978234653662915,6.83652225867288
2016-05-24,2.277944012648617,4.963890502118161,2.8979552578614194,6.805634917716311
2016-05-25,2.325895005586672,4.9265753935584,2.954115852050493,6.898174419373827
2016-05-26,2.3072373677764824,4.929280135549464,2.9758795878089086,6.894724491069139
2016-05-27,2.3229980103141004,4.93558260003358,2.996053186041795,6.963527782613201
2016-05-31,2.3572113929330727,4.847067947974906,3.0103511010435127,6.913321736864488
2016-06-01,2.370103107271746,4.814118786026361,3.0044988568893074,6.9276328864565135
2016-06-02,2.3919971588057782,4.840914707331631,3.0621558663118735,7.071542481033283
2016-06-03,2.344209573544809,4.8187411412431835,3.078915634748076,7.0708786973143365
2016-06-06,2.3578522014290333,4.793114097147673,3.0688635404688225,6.987689447354561
2016-06-07,2.3541223674091003,4.76430367843036,3.0535288043411124,6.942113188908586
2016-06-08,2.3596684105715457,4.724930197988506,3.0457614885983846,6.9269140039020725
2016-06-09,2.40893258287627,4.719691879908502,3.0621197516050516,6.992900681597779
2016-06-10,2.380156027496618,4.755192033759195,3.121712173256931,7.136525851717939
2016-06-13,2.397558229053897,4.720578166033639,3.097057220289919,7.115431861826775
2016-06-14,2.3902785199040912,4.696667158219743,3.105414753835637,7.162519300842973
2016-06-15,2.3738911937204104,4.646836703903002,3.0875718027590007,7.138029405644052
2016-06-16,2.3684944176572182,4.6557084076191995,3.084587121748725,7.104523282005135
2016-06-17,2.3724942061468757,4.642138450961952,3.0899439538597955,7.069347982962036
2016-06-20,2.45557886754908,4.626693151909093,2.991195164617541,6.849993689412352
2016-06-21,2.492046097745184,4.591127053414623,2.9359240639188515,6.7780301700837455
2016-06-22,2.4775222607134553,4.63520591960171,2.9607604179069016,6.832133466314099
2016-06-23,2.4634320924321846,4.61582795624549,2.9623918405316108,6.765702356432768
2016-06-24,2.484469062582093,4.616836568576362,2.9644137285069703,6.783528560733579
2016-06-27,2.473426303120542,4.625183063271635,3.0415827392167323,6.9958742614157075
2016-06-28,2.5157728094283263,4.601286969503419,3.0139499351561874,6.888969263844592
2016-06-29,2.5599988623449534,4.627756858427523,3.0304195678389934,6.932295635518302
2016-06-30,2.6162424334084937,4.610485855480021,3.0198879179769706,6.968390839958934
2016-07-01,2.6012665709124323,4.703892693776137,3.039540778322215,7.016569040675474
2016-07-05,2.5551124940201557,4.6886809427185305,3.097735952008291,7.270412171227247
2016-07-06,2.5630855078488124,4.763237145496486,3.0973743520333223,7.292003036801984
2016-07-07,2.62003003182644,4.788587367998576,3.076344325715418,7.348416624568436
2016-07-08,2.63894398033896,4.786029537592115,3.042804323858473,7.276375318379076
2016-07-11,2.649917121880229,4.690436249072882,2.9940046839238974,7.2652685975599605
2016-07-12,2.675047049256791,4.680027018163836,2.9089771687747623,7.094598111283535
2016-07-13,2.7399224435397063,4.752429749824528,2.960062312179789,7.253502664578733
2016-07-14,2.645118167469269,4.683377490104062,2.9272884004982243,7.138609976196538
2016-07-15,2.671816192815559,4.677240260828592,2.8991666755862577,7.041258026368544
2016-07-18,2.681351869714775,4.670029410523265,2.913171432091516,7.106872542520034
2016-07-19,2.6792586811584376,4.643000427221312,2.9179777010931818,7.087126092798211
2016-07-20,2.6632794525901975,4.578736014143568,2.9061788729313927,7.075818479960458
2016-07-21,2.7007682460095355,4.574492851193631,2.8862504312168853,7.0502246229919265
2016-07-22,2.70109678736301,4.597961926688501,2.884874721247894,7.04403617718006
2016-07-25,2.6646640900070295,4.592415515694146,2.942799899172027,7.148696745997465
2016-07-26,2.6667931936209452,4.647549870034591,2.9740208713152034,7.177872913586241
2016-07-27,2.715322913174498,4.683395472547919,2.9919148375911786,7.182228838227974
2016-07-28,2.7855565317393443,4.744269936888977,2.9319238651039052,7.053408595691979
2016-07-29,2.792264965773118,4.703618668930677,2.882893053400895,6.962137610123373
2016-08-01,2.844080118994672,4.834411967395083,2.9130627935860383,7.13209251889515
2016-08-02,2.801289479929725,4.78279027350637,2.917595633787101,7.148495211568831
2016-08-03,2.801747339726811,4.778190724973511,2.8795550879350316,7.04369560183214
2016-08-04,2.7304083659214524,4.724787983524187,2.9404220694491943,6.999443487061223
2016-08-05,2.769321745669315,4.728462652259961,3.0100558798419925,7.019222572815746
2016-08-08,2.7544525579112373,4.666885125175642,2.9865298696478644,6.942122029771776
2016-08-09,2.8188645764939033,4.693825124592088,3.0172455141511323,7.08564818431974
2016-08-10,2.86781025675978,4.717234839155927,2.9781225309303503,7.027546840297162
2016-08-11,2.84434398518395,4.694180667267883,3.0069753471859646,7.051854549600593
2016-08-12,2.8424261476130983,4.582499735443089,2.9797221465217665,7.015823341888601
2016-08-15,2.8726555890933483,4.5794991828403475,2.9608200629088413,7.051303959632511
2016-08-16,2.8280166766677186,4.5374933832334685,2.933951887429473,7.016981437496483
2016-08-17,2.8464141961866467,4.520787716899462,2.91202702588958,6.925389247957975
2016-08-18,2.7870855787088455,4.484686094035236,2.8711183056548237,6.83237165953092
2016-08-19,2.8096340546625984,4.482804901462127,2.878095300101084,6.906511934309054
2016-08-22,2.786314852051479,4.405332810492333,2.888823357782877,6.924936071932716
2016-08-23,2.7691050389744793,4.428234699288486,2.9025737946467163,6.953483052936544
2016-08-24,2.804081489605808,4.42490329263114,2.921888123937144,6.999777692530687
2016-08-25,2.7529664510033416,4.378148813490762,2.888229798998241,7.006304862550997
2016-08-26,2.702990576108808,4.3712723790921215,2.910913435274074,7.034336870080194
2016-08-29,2.68304751504818,4.361296148249072,2.966071893500018,7.11824070940831
2016-08-30,2.7106296322334527,4.349219314776566,2.985416048834176,7.22895175501351
2016-08-31,2.7169637920195324,4.301752229088552,2.9352399060205125,7.127488915598969
2016-09-01,2.6804279677110405,4.348319785590113,2.9768740408375045,7.230274053013358
2016-09-02,2.635724349051234,4.334692133664029,2.9837953953730314,7.121860315655238
2016-09-06,2.5989072420974533,4.479741835785278,3.0546577062612688,7.143104915688808
2016-09-07,2.6530752184739583,4.443777312045496,3.0559914347346004,7.215388769200084
2016-09-08,2.6136364374764414,4.381712832333157,3.028862269442898,7.03961838701306
2016-09-09,2.6134269258375444,4.332117534913996,3.010727615751848,7.1717158457441625
2016-09-12,2.6133475205765495,4.231134575499105,2.9644123250923644,7.021145711412281
2016-09-13,2.5877214315989816,4.295576886064867,3.0127070716957083,7.05759142754538
2016-09-14,2.6054668913478274,4.318347763353898,3.0024942614016172,7.065423280783348
2016-09-15,2.6346837230583082,4.3325189377212885,3.0283913832157645,7.033785114960295
2016-09-16,2.6403314181103603,4.279755522696149,3.078378136941226,7.173511408160661
2016-09-19,2.6253665666544346,4.280193347586206,3.092772759537032,7.256726085547771
2016-09-20,2.5927417692304147,4.221096065333532,3.0721384394593483,7.3360681709246744
2016-09-21,2.5607694791723934,4.213172608308856,3.047154562446785,7.186836641811555
2016-09-22,2.554736664018669,4.265434810733896,3.045516928517352,7.220736288054331
2016-09-23,2.5506708947239822,4.241172864610788,3.030367913133273,7.253286929684118
2016-09-26,2.5353087208427323,4.2182441111144895,3.0629729120286755,7.1998695081327995
2016-09-27,2.531334585032812,4.223429924859075,3.090941031306403,7.247554806784516
2016-09-28,2.5295321384969904,4.2059046129910715,3.1074003886303205,7.145369165954222
2016-09-29,2.5250370789908407,4.202875214204972,3.0934271007613545,7.137530109700156
2016-09-30,2.528842328443349,4.236256729632474,3.101882620246402,7.084024317603218
2016-10-03,2.520901155445788,4.204041832387492,3.05813970019305,7.0204414046363235
2016-10-04,2.578845532776464,4.19235338834278,3.0552791623243594,6.976287542125055
2016-10-05,2.5711745897377827,4.101087383967737,2.9920522047955025,6.961173347730263
2016-10-06,2.5703260190136543,4.04648469742113,2.9810280998685714,6.976403256537882
2016-10-07,2.5598984842676433,3.9953031309830838,2.958809957122859,6.991835132109332
2016-10-10,2.5130400292897628,3.900350543102298,2.978669247300676,7.009052319408642
2016-10-11,2.5160161650135415,3.9134008966860683,2.9745406600625945,7.020510431327039
2016-10-12,2.4929788631443413,3.933654619523816,3.0141284666274353,7.053540327388634
2016-10-13,2.4339441583089503,3.8800073462778317,2.9682141463012615,6.819886522594514
2016-10-14,2.4564461596173213,3.843307484445278,2.9717439815145728,6.8383057284146185
2016-10-17,2.460797751040055,3.832104945682467,3.018051377420981,6.973688578951722
2016-10-18,2.4659512167162054,3.8276277669583325,3.000486912213366,6.968629751676432
2016-10-19,2.4872583860396595,3.850149835078547,3.015320722599052,7.01138710901528
2016-10-20,2.5096324428415917,3.8243448885496676,2.9848550059104735,7.103796713742513
2016-10-21,2.5782907693622037,3.8471752886551402,3.0057860954140696,7.25660469638507
2016-10-24,2.6020624313260687,3.8883494357657127,3.07435375370215,7.468057325475479
2016-10-25,2.6157209625492754,3.9342249268976097,3.108452534409711,7.542238570298043
2016-10-26,2.625247699585526,3.9840032163825843,3.1293776809757095,7.637292793331496
2016-10-27,2.636008557274254,3.946868337710573,3.1020397947322684,7.7605310953154865
2016-10-28,2.6328986195526727,3.9711891586900077,3.1076670689456525,7.6635445579006545
2016-10-31,2.637822526107098,3.988865129915035,3.1164638071789494,7.755894492622278
2016-11-01,2.7186421590071292,4.076982317936732,3.110472050757874,7.754037559815944
2016-11-02,2.7028960731089877,4.131341026519581,3.158566109235129,7.917647068752584
2016-11-03,2.6810744395566615,4.080529952539539,3.1783609336291154,7.958268238733146
2016-11-04,2.7068633550661705,4.076454964684448,3.2419569611609362,8.17426228951751
2016-11-07,2.722221467316979,4.051083531865857,3.2913582003628497,8.299018936732176
2016-11-08,2.7125376496870297,4.07464590365052,3.283748084108305,8.240406621999426
2016-11-09,2.728483156453568,4.049167382493587,3.292142183110907,8.240305832259795
2016-11-10,2.6876544837816603,4.06699822089128,3.3262049193168806,8.267359574475368
2016-11-11,2.689956833184882,3.985583429917452,3.281641807199664,8.236798124336303
2016-11-14,2.673445426514911,3.9123057025132,3.2683228788178296,8.221562815539068
2016-11-15,2.7371510373268286,3.9247027736951456,3.2182316720306803,8.087532647265816
2016-11-16,2.7427164249395224,3.9064199494030474,3.177824873149744,7.936857835980126
2016-11-17,2.764469768328969,3.9617766005424007,3.1676071279095495,7.882485542494103
2016-11-18,2.727037626801766,3.8745953857351636,3.136819836598887,7.777204033027291
2016-11-21,2.7273486904352935,3.8557991992301113,3.116327145641734,7.632918336756387
2016-11-22,2.7240493611376175,3.852311015989184,3.0956787838564357,7.541404086100797
2016-11-23,2.698701702574464,3.7639051791254277,3.1052786923793936,7.53270631465811
2016-11-25,2.633273420028088,3.7649508121939745,3.191480230861535,7.666807131002626
2016-11-28,2.615920238797079,3.759545396774037,3.1878591411864536,7.55376134316807
2016-11-29,2.584697469262237,3.790403860645316,3.2320440538360686,7.642358306448248
2016-11-30,2.6464815841393374,3.750183778081294,3.129677062925966,7.402020051539805
2016-12-01,2.6137120551000494,3.7631993521853966,3.0547105613396064,7.224716279687626
2016-12-02,2.580051888652653,3.7839861581130187,3.03500714379927,7.178115595724061
2016-12-05,2.5115604716475577,3.7155612160070297,3.003288746885733,7.103098204077525
2016-12-06,2.5358389328313824,3.690260173114943,2.9989278087133004,7.092784120181055
2016-12-07,2.515549334344062,3.6981068327954847,3.041631169818829,7.193782123750072
2016-12-08,2.5042132144329865,3.663346076581,2.982152655150292,7.053109092839748
2016-12-09,2.4884875910238575,3.5678531628585484,2.9704125646160184,7.025342526579285
2016-12-12,2.5160547252151795,3.591158116960848,2.925042201320999,6.918036778381288
2016-12-13,2.5247682365109814,3.570034624068791,2.876106724847334,6.802299157276357
2016-12-14,2.5156665298708836,3.5598240108159414,2.8690466046791987,6.785601220077059
2016-12-15,2.5549478412168076,3.5360810248520465,2.9085640830354,6.879064271151543
2016-12-16,2.527400431964515,3.541925332803793,2.872837861709361,6.794567947312348
2016-12-19,2.5856547702290786,3.5518421361825934,2.858741216769187,6.761227878542105
2016-12-20,2.6037012716309933,3.597903968491287,2.864144292115343,6.77400672800424
2016-12-21,2.5800506490572057,3.550695298562458,2.8259128402434857,6.683585266727211
2016-12-22,2.54150839601242,3.5507312559792337,2.802341892306668,6.627837460882025
2016-12-23,2.5492320296372215,3.5506280862297896,2.7431071734975685,6.487741033181476
2016-12-27,2.534184805706746,3.487900340071914,2.7119759099261014,6.414112274510019
2016-12-28,2.5222564336006195,3.491219312184208,2.7084124428135974,6.40568429472507
2016-12-29,2.560095310230133,3.534158402490652,2.758082846728987,6.5231600976138395
2016-12-30,2.5713041326110364,3.526018648446397,2.772838897716487,6.555885345316181
2017-01-03,2.5692556951811194,3.594159089311268,2.732510368560954,6.52748128055568
2017-01-04,2.609880101164544,3.575659062963382,2.7074911066560694,6.488502870603816
2017-01-05,2.624645297497428,3.556935648548827,2.6583586889585047,6.3593856552170065
2017-01-06,2.628129132852535,3.521866835662646,2.6442229921494405,6.249382779109676
2017-01-09,2.6276037852034446,3.4777037672703264,2.6600157862666785,6.263866313638302
2017-01-10,2.6072085430420895,3.561193196930424,2.72461288670513,6.425240276395821
2017-01-11,2.6272192133005694,3.511369899224341,2.705855027506969,6.430648229171984
2017-01-12,2.641547829722292,3.5320762285622815,2.693484134865582,6.438245579259513
2017-01-13,2.6550983408394164,3.544771748187487,2.6876600373152497,6.485770886713068
2017-01-17,2.692149324353079,3.528909365419523,2.683770737694799,6.536562615213788
2017-01-18,2.706905731306371,3.5606396669270772,2.6974304826352338,6.637579863912607
2017-01-19,2.7030895325468554,3.527713035133105,2.699925912288692,6.65232943238814
2017-01-20,2.743208119346547,3.472187277907923,2.6264448867879246,6.512105043293403
2017-01-23,2.7378386911237205,3.498934845806342,2.629541082763811,6.497062819551117
2017-01-24,2.7195598412545445,3.5387365432937585,2.633612304653512,6.480050888231386
2017-01-25,2.7024473508380886,3.5583015632199215,2.6538664460125276,6.55722855762474
2017-01-26,2.6900526130392777,3.5181133365749284,2.6518923381959087,6.512419050288796
2017-01-27,2.6518207462759302,3.563306514567124,2.7032896633192443,6.621629442553829
2017-01-30,2.6207491053661185,3.568544883936866,2.6987689643775243,6.527758517832117
2017-01-31,2.6493680896640375,3.546576555142789,2.670841439682819,6.46902293157885
2017-02-01,2.613694196002613,3.512908466729748,2.6740429006508077,6.403317092037829
2017-02-02,2.579286140163918,3.5305264103044247,2.6839855051402353,6.447184235815575
2017-02-03,2.614134351072254,3.584745105675114,2.7038548023792135,6.529086968147566
2017-02-06,2.5822251889440833,3.621566310853478,2.7444871950663083,6.614232627538979
2017-02-07,2.5907545999386814,3.604818370777136,2.7320458281529905,6.651818883138568
2017-02-08,2.606770688527306,3.5609503134684144,2.732681195634854,6.603971857989862
2017-02-09,2.651368228219566,3.530267403669484,2.7119704232385766,6.543925427453098
2017-02-10,2.672813683086691,3.4758970651500993,2.7280475791214105,6.5279249865174025
2017-02-13,2.6711413916929705,3.477032637396744,2.741315937458854,6.61602975275949
2017-02-14,2.686160971861852,3.531450848087275,2.7457093252987974,6.6449041459918385
2017-02-15,2.6685684685710527,3.5423185543845297,2.7207044017666133,6.589791248928434
2017-02-16,2.688578193562626,3.613510279911035,2.7287255862815853,6.62555137414211
2017-02-17,2.736675018088784,3.617651208790092,2.723165292326538,6.678860057503861
2017-02-21,2.7848323043690617,3.6774416077889773,2.7582435792413222,6.779200420195024
2017-02-22,2.786122637035258,3.676546795207895,2.7265857761630654,6.770454006662698
2017-02-23,2.8210821150185628,3.6983090696366605,2.7054520813842307,6.718097728585476
2017-02-24,2.8055855101042733,3.6946295659820945,2.7127590010755083,6.720041935457415
2017-02-27,2.8082964678647127,3.6950975024626724,2.704489631261339,6.710552521207873
2017-02-28,2.7779756026282754,3.6584724590768634,2.7372201218104215,6.749966915844401
2017-03-01,2.7492422417008098,3.642291362263499,2.7452896636555693,6.769866353250532
2017-03-02,2.6971216654832215,3.655051895230459,2.733818430269493,6.7415783667554114
2017-03-03,2.6867572325492937,3.677016148683565,2.7407958918351043,6.758784741335655
2017-03-06,2.685862811407936,3.668863212578862,2.7578840560223723,6.800924042445383
2017-03-07,2.707685538066682,3.642609518803061,2.755192723901172,6.794287235038884
2017-03-08,2.6535604926395693,3.6693236224654218,2.738112217217803,6.752166817283682
2017-03-09,2.623410923859234,3.647118239801607,2.714632212747576,6.6942652798461
2017-03-10,2.5909624513133322,3.7076914345883885,2.727926259806674,6.7270483129356125
2017-03-13,2.574716748735762,3.762878194548825,2.7309922699940485,6.734609074002476
2017-03-14,2.5451824160485055,3.826083178326036,2.7375221694869913,6.750711763439087
2017-03-15,2.5522948341665566,3.8264777275208126,2.7671965705332093,6.823888642314648
2017-03-16,2.6105492190244632,3.8394169615021636,2.7667895637720332,6.822884966303875
2017-03-17,2.6229639612870583,3.8307660252827826,2.7625883813699397,6.8125248779808345
2017-03-20,2.607722529061856,3.8317088651359406,2.693242304532498,6.641517906102102
2017-03-21,2.6060406816108457,3.879713734550641,2.6971043447861502,6.651041672105463
2017-03-22,2.5946633871384486,3.9284427951403407,2.7251146993700193,6.720115023289632
2017-03-23,2.5599931042750756,3.9412731456848937,2.7132181498987196,6.690778210110404
2017-03-24,2.5618020116897813,3.9365902854664254,2.7229190522307842,6.714700571806315
2017-03-27,2.560047385566996,3.920342270963845,2.6897429757789872,6.632888584285546
2017-03-28,2.5634830725431,3.8407170824192343,2.666624700927566,6.575879069721814
2017-03-29,2.6044431483026007,3.747606686043189,2.6468386971486653,6.527086913826066
2017-03-30,2.5987758478181484,3.695801721231146,2.619309215771008,6.459199392822956
2017-03-31,2.574265417100337,3.657497047542262,2.58288384918893,6.369374677094975
2017-04-03,2.591836246123267,3.6784501319416085,2.5577797631988095,6.34693089572932
2017-04-04,2.6284541937541177,3.639908098789648,2.531749787025504,6.295970891822752
2017-04-05,2.6148958221411363,3.6407305653450313,2.5430023969678937,6.339547108378221
2017-04-06,2.6211967227035755,3.6562595279000183,2.566136183023657,6.333661228340595
2017-04-07,2.608821412568476,3.6719605867386855,2.6006788122892637,6.357587607371165
2017-04-10,2.6219000911859673,3.6046006018002728,2.633122328876214,6.440148426726416
2017-04-11,2.6510755074780525,3.651755580411262,2.637571859982254,6.439901799607167
2017-04-12,2.678860089682048,3.6500728279997183,2.6526959931719545,6.498936497989063
2017-04-13,2.7198047876218885,3.6229971218585892,2.6784683201530015,6.583507184465341
2017-04-17,2.6860103192593168,3.6273964337222706,2.650817642465464,6.552083047899169
2017-04-18,2.648097935465811,3.655564809454156,2.6638934864452852,6.564824993463526
2017-04-19,2.658726541586696,3.650460693062101,2.655625548661082,6.647644265381297
2017-04-20,2.6624806737544335,3.665829914987039,2.7121804665947535,6.7860006462021625
2017-04-21,2.661879749084166,3.6908574301867247,2.6838468185115834,6.7392331860486125
2017-04-24,2.6749766325040985,3.640445432871279,2.7045958497250893,6.843812530216453
2017-04-25,2.6628806290573577,3.6283192429623523,2.6800711086009,6.786923191420527
2017-04-26,2.684736393421305,3.5929049717107793,2.646068776005688,6.843582676014104
2017-04-27,2.736958535151787,3.5849800122137077,2.6192661493466325,6.852147584688338
2017-04-28,2.6852199854795984,3.6204690399526465,2.6791164316342573,6.916496886620506
2017-05-01,2.6658979439012853,3.54959795102041,2.6577411690616817,6.84142178037075
2017-05-02,2.657721276878614,3.5619098547861556,2.6762893560678283,6.856059273159247
2017-05-03,2.6623039386037854,3.514996634439078,2.6742594796218757,6.818358469422413
2017-05-04,2.6552922117891384,3.5744419564012184,2.6866781609020505,6.881000397806634
2017-05-05,2.676505607520572,3.537258860530621,2.643207186347196,6.770590356104006
2017-05-08,2.638206708050619,3.6040084380932567,2.641938389009464,6.747346081833082
2017-05-09,2.63427240396839,3.5760369305852415,2.623624324092874,6.696375645699523
2017-05-10,2.6548681012803312,3.5475618349619413,2.5966492312577554,6.581918340943211
2017-05-11,2.6781124322928878,3.578145819151745,2.612480898236025,6.641629320652425
2017-05-12,2.6783652012459984,3.6114487419147423,2.6088807570270194,6.6185060342379884
2017-05-15,2.6944050605481875,3.6421505481061667,2.60919392022219,6.646008954363549
2017-05-16,2.6570383795001646,3.6649964541992612,2.62074936690418,6.66790348311123
2017-05-17,2.667838472920537,3.6811742949097757,2.615221269687701,6.625591751427931
2017-05-18,2.626485300907675,3.699130114332806,2.623837120383648,6.6138135416438635
2017-05-19,2.6616506375998057,3.6622383442608357,2.6179884751617233,6.537079219799609
2017-05-22,2.69386552809724,3.6741874309794156,2.614138913926884,6.545467852451921
2017-05-23,2.679725953127096,3.65834185110872,2.6097771642348055,6.622275854451442
2017-05-24,2.704677449385814,3.6044616609063964,2.6281151856227383,6.698973798111442
2017-05-25,2.6979393257681723,3.641226834494876,2.6579719328114595,6.727933659235337
2017-05-26,2.722871420755262,3.621426006630547,2.6187182641082507,6.724130777932802
2017-05-30,2.662662465762005,3.6856091317567534,2.62737559215499,6.664977391512799
2017-05-31,2.657863243613777,3.721927501094728,2.639958511223075,6.720430928540961
2017-06-01,2.6814694331016335,3.7808119540326577,2.7117063359613063,6.854860356250815
2017-06-02,2.6632438806838663,3.816963950238359,2.724122711671366,6.913297630278296
2017-06-05,2.616820824307984,3.79819634613194,2.712238974691872,6.881705858577457
2017-06-06,2.696190329828242,3.7857582182518366,2.7037857411944697,6.9124025250773835
2017-06-07,2.633379890477618,3.7552736419947976,2.702196871773337,6.752640414819562
2017-06-08,2.585272160452691,3.7035798654516285,2.674040966387921,6.655748081318974
2017-06-09,2.579403867574218,3.7305719421317165,2.6655544595892544,6.6490698262863654
2017-06-12,2.579479071441174,3.7447849770862014,2.654581613633161,6.643701047855023
2017-06-13,2.590757836162319,3.7259490882878525,2.6761723792359513,6.668342160865176
2017-06-14,2.5931874880855275,3.761939771504828,2.667310264480806,6.63019940368413
2017-06-15,2.6055000677165374,3.6851893729300422,2.6474244868286374,6.497801148006538
2017-06-16,2.6563174647090046,3.679100398931377,2.659894583687252,6.555645333617221
2017-06-19,2.65421877503968,3.6716275779282332,2.688963488396737,6.601285791330896
2017-06-20,2.64219998480663,3.6478313778703595,2.6862080004573263,6.536125396980483
2017-06-21,2.681361546040666,3.658131342633659,2.7194343164971415,6.580916543715417
2017-06-22,2.745664026295691,3.7140492761221493,2.772373392600101,6.716542055256978
2017-06-23,2.702817008488492,3.7345788149444608,2.7581334498830854,6.705378589413074
2017-06-26,2.686927920428211,3.736205201729005,2.7889574720211994,6.768760509322754
2017-06-27,2.712437117822385,3.709519826589052,2.757657414967678,6.742695052110559
2017-06-28,2.788386875398917,3.756997482933519,2.785925571385241,6.844554325281749
2017-06-29,2.779314783077254,3.643658697311155,2.7111807141959905,6.663924532049754
2017-06-30,2.825070854621383,3.6427693743800185,2.6657204722631045,6.620645139714581
2017-07-03,2.847221159458374,3.480937160988674,2.5772842181030575,6.450374795883795
2017-07-05,2.7718584284506242,3.4047786548205905,2.5537295631338996,6.302805363392214
2017-07-06,2.7738398322445197,3.457427399113097,2.5706137295612352,6.362632466451409
2017-07-07,2.78099085841189,3.472450249433353,2.587599464401018,6.344570195801813
2017-07-10,2.750210720637154,3.472097162938191,2.5895536526212224,6.357490148728738
2017-07-11,2.7944375668081625,3.549542042742815,2.6158704280999876,6.452645717297349
2017-07-12,2.7600442663544755,3.5840872545056266,2.65159214750304,6.562251126190321
2017-07-13,2.7839256274209405,3.536363994247117,2.6115262192613984,6.491464951227
2017-07-14,2.808370008889457,3.5631805069423725,2.630218644627674,6.5595296566015495
2017-07-17,2.8030605304488265,3.61887235463782,2.653493769322204,6.593255007509967
2017-07-18,2.825820685562807,3.640023820813861,2.6533743146037123,6.610072466581378
2017-07-19,2.8456122142281393,3.6145544905196205,2.6488421033105864,6.633305181785685
2017-07-20,2.832422544576089,3.6004079368109823,2.6585566769233315,6.638942337224011
2017-07-21,2.7742817198487044,3.587137804357795,2.665582273720024,6.602246492665882
2017-07-24,2.7637803183551064,3.5452991473173925,2.6532033855000305,6.598993374892297
2017-07-25,2.7805707378413875,3.62829374659868,2.6973835065982565,6.782452729613759
2017-07-26,2.785710430882471,3.580619215347512,2.673328889185227,6.762567802397574
2017-07-27,2.8298952969767175,3.549249175542862,2.636870413548745,6.683750132186184
2017-07-28,2.834176387080503,3.5230595237905775,2.6448494340008875,6.734413197396782
2017-07-31,2.8367873291803702,3.4924528702992648,2.6684856166916653,6.819859127978393
2017-08-01,2.8322727626681323,3.5290866269656944,2.666346124842078,6.835725348362558
2017-08-02,2.8328222291643748,3.5352235437364268,2.674557515576281,6.8671281641747655
2017-08-03,2.8249819347004257,3.5604205364936314,2.6633917893599666,6.864460351414106
2017-08-04,2.805233769407959,3.574435874637357,2.675664907038198,6.906562576378696
2017-08-07,2.8014766900742574,3.508771524212975,2.621722193726369,6.77351892682375
2017-08-08,2.800377460500643,3.5323008888924985,2.644068823304153,6.8384804382568465
2017-08-09,2.785018654780049,3.5123672734988527,2.6360233579622205,6.821425129530121
2017-08-10,2.750530008166134,3.539923132694792,2.637306059565323,6.848340169402342
2017-08-11,2.7633098575926245,3.5358083078995692,2.6266806529307387,6.829570094089665
2017-08-14,2.740598637894955,3.515177111147011,2.619013368872049,6.77550505174965
2017-08-15,2.720468432918483,3.5712192447634834,2.648954467832099,6.8355444740597
2017-08-16,2.687850523398032,3.6012980074447376,2.668547264729593,6.902869229855264
2017-08-17,2.7333042369570797,3.5684891675563915,2.647669813288146,6.865198183179293
2017-08-18,2.7692055941034597,3.595935098131824,2.678032339105283,6.945562099560667
2017-08-21,2.7762046480025364,3.5679169226702827,2.6593875287121125,6.904532970123193
2017-08-22,2.7783168214172727,3.6047124598043565,2.6974213595011753,6.993443281652634
2017-08-23,2.770710479510488,3.6109768200525973,2.7198995341325625,7.050767821723605
2017-08-24,2.779831941959259,3.5609634960106304,2.6821284103783714,6.957174542452057
2017-08-25,2.770660138865975,3.567257151781153,2.685415035309959,6.958134555961321
2017-08-28,2.8049059173673165,3.5924304241762877,2.6946021181678637,7.005896874415979
2017-08-29,2.8199534413411924,3.64702046773558,2.714588495566865,7.091428336886904
2017-08-30,2.78632916697942,3.6430548285746913,2.7207216676039434,7.087164341603165
2017-08-31,2.84093635349935,3.5837682549441863,2.686192262350632,7.002703291941435
2017-09-01,2.8636278806503457,3.624773738827533,2.7145380397414534,7.078372735104829
2017-09-05,2.872885844409351,3.651899268656581,2.6638623180867658,7.017356412152062
2017-09-06,2.929696827387161,3.5516071451858413,2.672181307101182,7.028725874066674
2017-09-07,2.9466717094681374,3.599230604337856,2.6917928896124845,7.162276490699631
2017-09-08,2.9232914130830796,3.651041653417275,2.6833961741036014,7.222562943954597
2017-09-11,2.9324167304999125,3.5735440384468857,2.6535774980886715,7.107444176862614
2017-09-12,2.9574603319771486,3.5676702291606053,2.601786304928008,7.081335035854544
2017-09-13,2.962433815658938,3.489428297768095,2.5565483160620035,6.910845660013797
2017-09-14,2.9647182123094487,3.44472517688257,2.5535739060747247,6.793850828475164
2017-09-15,2.914992289699692,3.4352090271697397,2.5302962208675686,6.731472330123525
2017-09-18,2.966191870397012,3.4100120968504646,2.519431703714296,6.730374604729279
2017-09-19,2.996589329587053,3.4546384036660736,2.5651962732339415,6.869703817262362
2017-09-20,3.012896953020474,3.4077764774777015,2.5503384603698636,6.857619435181564
2017-09-21,3.0070426907309247,3.413845230055786,2.551013887295692,6.821466555858507
2017-09-22,3.002518361654113,3.3765089783916973,2.5713879732860474,6.762931005750776
2017-09-25,3.015171479197577,3.4186442914196227,2.601685438577617,6.853195035175846
2017-09-26,3.041547689711003,3.4306834991233828,2.574488994111896,6.835097644481903
2017-09-27,3.0846675262284893,3.4359785980113315,2.53606032966131,6.761485560755235
2017-09-28,3.071240984823221,3.440584201985145,2.567993083615729,6.816288783952332
2017-09-29,3.0544367509854373,3.436160208975975,2.5351980473279525,6.72484208758172
2017-10-02,3.036492481248148,3.4744488028226104,2.5084177610850977,6.7461729416271226
2017-10-03,3.000922596326064,3.517811638460573,2.517743839438082,6.806152536907273
2017-10-04,2.9688297949331384,3.5475216448452316,2.513121744560201,6.802492436673538
2017-10-05,2.9759253400804004,3.5319062160779735,2.513993279811552,6.728640124280406
2017-10-06,2.975475468784492,3.5298733020486877,2.516018360976083,6.774293759467018
2017-10-09,2.976074668349142,3.5267560383930103,2.549558582137383,6.772560536475786
2017-10-10,2.9718433308780723,3.5343932120688044,2.559952630835757,6.736412696586354
2017-10-11,2.955756874252703,3.566993593990856,2.573800359426769,6.813454717984804
2017-10-12,2.9811720869736793,3.5112575193682853,2.5674316177314145,6.7855098216883425
2017-10-13,3.006885076321781,3.4554611762333107,2.6120639561544445,6.833853834149783
2017-10-16,2.9897347610098133,3.4896547393657635,2.6237070593126033,6.842601210512668
2017-10-17,2.9988573238236964,3.483725984523534,2.621280616656361,6.885517061749721
2017-10-18,3.000830956890841,3.4913214676655464,2.6498319465539555,6.95221565156394
2017-10-19,2.9759098900789045,3.508123007169036,2.6206960631943326,6.996899803936118
2017-10-20,2.9615586411516985,3.5351703510934978,2.640012822437771,7.034279925183125
2017-10-23,2.958646649916266,3.506211321186356,2.6666604632546638,7.0855725078482275
2017-10-24,2.9961223868904696,3.4666288680928306,2.6904192681455195,7.0464530791379705
2017-10-25,2.9743867345312,3.495789505129519,2.6906403220814585,7.06678120794384
2017-10-26,2.9467490279337483,3.528884294307901,2.675146740602812,7.03782425558708
2017-10-27,2.970720426754277,3.4993024780582695,2.6874166889345803,6.988625406961466
2017-10-30,2.9636002557611856,3.509309059944948,2.699010005787926,6.967598098578656
2017-10-31,2.964362809101383,3.5098244763899773,2.740641777910222,6.992302535510543
2017-11-01,2.9360330287945247,3.516742796117175,2.7940166793172776,7.146834295777878
2017-11-02,2.943425031731021,3.4819787761707084,2.7667082287948883,6.967353708459606
2017-11-03,2.976989123659242,3.477816677957466,2.7609987659933015,6.944500199644449
2017-11-06,3.026565020052315,3.4798984282495793,2.750021901868687,6.892060668138389
2017-11-07,3.0466270175081904,3.4777361318148188,2.722423155317187,6.874151124880374
2017-11-08,3.039005187379538,3.519082738591606,2.708620583703312,6.906420447001457
2017-11-09,3.061582630720225,3.5036336748947368,2.7093389226639726,6.906089446566589
2017-11-10,3.0586812392083074,3.5155920036724657,2.661040802997903,6.821801748097154
2017-11-13,3.0432511688480233,3.532879378011326,2.673914882744997,6.868034688096481
2017-11-14,3.0428368245469937,3.537751782776432,2.674808921706803,6.8671852071576795
2017-11-15,3.0495514490531996,3.5575199073516077,2.6842724984220667,6.8694876766973145
2017-11-16,3.037843246790044,3.6098953343468083,2.658453564888944,6.818245648983419
2017-11-17,3.0447254569414497,3.6371174154456707,2.6695601444945614,6.742297964408183
2017-11-20,3.077407588601243,3.6280731059851026,2.6631748770681716,6.69439924194764
2017-11-21,3.053724814880083,3.6300119980093224,2.687222755120162,6.760160461635789
2017-11-22,3.0309138530993764,3.6493791385947993,2.676496967973343,6.685419828380524
2017-11-24,3.0457222067453933,3.707469022168912,2.7204547555487206,6.757920142019461
2017-11-27,3.063698765747681,3.6936635790600603,2.7199471808301787,6.7355247614795495
2017-11-28,3.0757720523151275,3.657124681173346,2.7165020154757835,6.718821594403419
2017-11-29,3.0575815654219656,3.6110714961127823,2.669284521413272,6.6834234213329955
2017-11-30,3.0349846267057594,3.611397823418956,2.705280715566676,6.733796253037847
2017-12-01,3.0524820611322463,3.5985577048090467,2.6949916648836716,6.688830568358461
2017-12-04,3.0114613643728996,3.615572888713348,2.6580491150839096,6.5876104171251
2017-12-05,3.0191687637327056,3.5765096129616594,2.6530311945206067,6.553182499845873
2017-12-06,2.9862546205775486,3.575300929413933,2.6335771395929672,6.517583955014018
2017-12-07,2.988854027483433,3.6217524451292933,2.7041054064822476,6.71541813068381
2017-12-08,2.9760608552216024,3.611650881570659,2.7202588186707573,6.760610951018177
2017-12-11,3.006752806141662,3.6320431650478358,2.7539286184320217,6.860797250047806
2017-12-12,2.9586112605022574,3.642056340755984,2.756808168218653,6.883682753771449
2017-12-13,2.964399453853229,3.6373706729447415,2.747021466471636,6.851015044069114
2017-12-14,2.984890450802104,3.653137327237306,2.785656115363525,6.974187776494988
2017-12-15,2.98134064207849,3.656675742545158,2.8102868412093933,7.037054530943005
2017-12-18,3.0146694428893293,3.6422258480551606,2.8050535767248994,7.037894623213925
2017-12-19,3.0304303274252105,3.6872542124498513,2.792419876078268,7.019616055695521
2017-12-20,3.0501475796448667,3.7096359745503693,2.8176000736230664,7.0878094453074985
2017-12-21,3.07627859562679,3.7368014456529597,2.8275756509446377,7.125905240076397
2017-12-22,3.1079417986199545,3.693713652635867,2.8230972420525378,7.112741284120774
2017-12-26,3.1069092091069983,3.675748516084203,2.8509137791041685,7.1584786588089475
2017-12-27,3.1390991591905086,3.668369079910119,2.828637152075927,7.111871567623041
2017-12-28,3.1521507703324203,3.6851050189436227,2.786713354904892,7.030655135555896
2017-12-29,3.16721389490072,3.677041360122436,2.789051858258083,7.024030650887921
2018-01-02,3.1785827711170627,3.671667488644932,2.7876579953633525,6.924281574225197
2018-01-03,3.1311231516510323,3.670602442742134,2.795346931602205,6.9605973586943435
2018-01-04,3.1144686081053377,3.655503160574842,2.7912276299556966,7.037210193738992
2018-01-05,3.0824260465517335,3.6316341621998753,2.763404188776427,7.0100445514666685
2018-01-08,3.084513469567231,3.6768698956538746,2.7988217428661337,7.052344238576018
2018-01-09,3.109723407619786,3.6647405800470265,2.834966345775246,7.0798530435556115
2018-01-10,3.098932210077891,3.7122338834604767,2.8660763974347803,7.152315254544657
2018-01-11,3.120387081089969,3.775790794144898,2.941992428251347,7.200480455114614
2018-01-12,3.1406582572111814,3.809858987157012,2.975371995940527,7.201479340786297
2018-01-16,3.068909112588126,3.7956377775005206,2.9669312778355863,7.229500151880695
2018-01-17,3.07101317667935,3.7741608934807327,3.008534231140692,7.210580334768016
2018-01-18,3.0159761738388693,3.744780083222361,3.007597917804694,7.188320337715436
2018-01-19,3.0033449893165183,3.7527301331389697,2.9761235863601847,7.132243401579716
2018-01-22,2.991712169677341,3.700985647098755,2.97331100093087,7.031888006706813
2018-01-23,3.006353635902892,3.725281687507874,3.0459561070114156,6.9995208389637185
2018-01-24,2.9690597718485883,3.7141050272604343,3.0776777890093654,6.993410945049871
2018-01-25,2.998603243598307,3.7883018352635274,3.0368271709911148,7.008897066165869
2018-01-26,3.0095325788811604,3.7557350139708845,3.0557463460026884,6.950510249600325
2018-01-29,2.9764266118885216,3.694726071420344,2.9828680857435343,6.760096082834402
2018-01-30,2.9712658096164706,3.6508043646974206,2.9508601055758614,6.663453264110044
2018-01-31,2.9311145476459726,3.6306040112468487,2.9563473630506634,6.851902506588274
2018-02-01,2.935606931502557,3.6389810649950727,2.9696990727452164,6.870326040744222
2018-02-02,2.9455199428519907,3.6483177037318377,2.9669679113930525,6.8331152139528415
2018-02-05,2.9279884830782383,3.6475206334160357,2.9522256770711675,6.77038660431237
2018-02-06,2.8950812896947826,3.601982490207586,2.915334425971635,6.620409109912321
2018-02-07,2.8476260826402138,3.5759862967026854,2.8548571161115652,6.400285120327279
2018-02-08,2.853730478203994,3.544530370271424,2.8528472639907996,6.423849229037553
2018-02-09,2.8387606808633365,3.532761355355547,2.828389043909414,6.313996950972372
2018-02-12,2.7990200840748773,3.5490838751400395,2.79781984606567,6.151765001700585
2018-02-13,2.791186660802595,3.5143804526696045,2.7958904958075483,6.16701598388455
2018-02-14,2.8252118372255928,3.509195617051857,2.8168935305172536,6.305380500855318
2018-02-15,2.827504516346686,3.4937107444777955,2.817722412052677,6.313461708681205
2018-02-16,2.842623511914032,3.512030412403481,2.8344198578281214,6.375060770642681
2018-02-20,2.8348810490235397,3.4720217893252294,2.868992621548326,6.46399611204454
2018-02-21,2.8633113657559996,3.4305763026560085,2.889707614956615,6.584026422484027
2018-02-22,2.891118580889157,3.4318886453990465,2.858769754729729,6.528276042390748
2018-02-23,2.89679816829083,3.406992054615181,2.8739323924190536,6.575980468298471
2018-02-26,2.8920211292272904,3.3837936928924646,2.8777674175294035,6.578222265748674
2018-02-27,2.842206588420822,3.3024827995473345,2.8551345458930983,6.527114726847119
2018-02-28,2.820204877417259,3.2711870886987593,2.800616939361984,6.316270656798431
2018-03-01,2.816126734430616,3.1833489180814794,2.764516833858763,6.170828828365035
2018-03-02,2.846412117896865,3.2098246760827656,2.7885687937834254,6.279481873783827
2018-03-05,2.8758990515911167,3.224416164022615,2.832144211568564,6.37268692776086
2018-03-06,2.868950631587141,3.2456810574322263,2.7897661651144783,6.348412145256478
2018-03-07,2.8651869066160685,3.205930134653206,2.796777615339165,6.348224700952624
2018-03-08,2.899238722227651,3.1943524234517815,2.7979131833967195,6.3416391719102965
2018-03-09,2.916265624966262,3.2480035913699647,2.8288047590555143,6.445746469851225
2018-03-12,2.950384245024901,3.241536434646024,2.8179901232022835,6.409319232266337
2018-03-13,2.919318645925863,3.210838215553595,2.822708771064355,6.4273999480221295
2018-03-14,2.9242406158780536,3.2521902812300656,2.8267772958089585,6.485800376613401
2018-03-15,2.9141408607656496,3.26906513644521,2.8476621404494327,6.558905289353843
2018-03-16,2.896557080172108,3.2983338407967375,2.8592669014103174,6.6416617995611675
2018-03-19,2.9286977694548413,3.3575605833996103,2.8364154832390205,6.662079213970463
2018-03-20,2.935578963485809,3.3277655782924653,2.881367964943726,6.745178518034606
2018-03-21,2.9382879950576823,3.3630689804324128,2.9111592401652606,6.8854563545335195
2018-03-22,2.9353704125206073,3.3757759315137057,2.8916558409328963,6.86266600255592
2018-03-23,2.934253981100387,3.4191946840569956,2.9208973773937617,6.98477692971266
2018-03-26,2.9470824691745015,3.4343091763165994,2.912134085602482,6.975182453525707
2018-03-27,2.950150261165158,3.399744795219365,2.887998430826286,6.902385895433365
2018-03-28,2.9126128358795906,3.418342592525875,2.889635984835986,6.908841220015081
2018-03-29,2.864707673722366,3.3498896430290914,2.8525723120351394,6.791334925093682
2018-04-02,2.9459441823028483,3.3014945150878363,2.8218582034369355,6.774587205582418
2018-04-03,2.93220362562018,3.2935269482514564,2.800291561547821,6.684780905898595
2018-04-04,2.908831867556117,3.303287491101783,2.800422691182015,6.66628517625673
2018-04-05,2.9551334642645934,3.2916402489255687,2.8008584931196236,6.682538636549145
2018-04-06,2.984000773141201,3.266509745844928,2.753759600737942,6.571802810065627
2018-04-09,3.0126048076620955,3.2651503302944054,2.7527718681784132,6.591846165836574
2018-04-10,2.9811095953438445,3.298651150527638,2.8008596502486447,6.715921301083393
2018-04-11,2.9698850602827407,3.3176563994488717,2.818313914049052,6.781016019217736
2018-04-12,2.937684145031991,3.322400333771455,2.8360924323313954,6.78395485872224
2018-04-13,2.908466266756061,3.3579099624263042,2.8496829632409497,6.841905175140216
2018-04-16,2.924688016698241,3.36859110531822,2.8902421672292222,6.943948115943198
2018-04-17,2.9396757103562274,3.3847991138475004,2.9194712508447798,7.029453393922946
2018-04-18,2.959508950791594,3.363066383032758,2.9146576266537423,7.081988388516743
2018-04-19,2.9846493794974553,3.3645150125304735,2.927790149970697,7.1126641630872465
2018-04-20,2.9331924585236018,3.4091899668632113,2.947685020886854,7.150671455977162
2018-04-23,2.8785314611767157,3.3881090343635663,2.971663253962939,7.128845187946797
2018-04-24,2.9061491192567974,3.336171315774233,2.9449693101365515,7.0814259241401265
2018-04-25,2.9462029520120554,3.3163316178541007,2.9623361540866484,7.094782083986262
2018-04-26,2.8971285776954336,3.3586491325396315,2.9354636905694442,7.028846081270357
2018-04-27,2.9120284284048226,3.3851430526175306,2.9396443100912313,7.026779082590529
2018-04-30,2.8977355073460322,3.36750555430841,2.8997306709650252,6.917952123215351
2018-05-01,2.8792518461910976,3.331390528959369,2.85999197438578,6.784551924206845
2018-05-02,2.8557611122183943,3.3408193559102597,2.8477771174808333,6.791107678861947
2018-05-03,2.8362070713766108,3.3442331459113532,2.8548931788762797,6.817945085098795
2018-05-04,2.825410157697141,3.4197306093452324,2.8978444168450634,6.930518967358835
2018-05-07,2.8230071933877197,3.4805887967918494,2.938016967943381,7.023644647902902
2018-05-08,2.871935058755757,3.4249376054937266,2.9058246884818497,6.943118168183727
2018-05-09,2.8686356236563957,3.497000087800927,2.94205134566167,7.03956405360624
2018-05-10,2.908802675243064,3.4990175844843523,2.9260304026296975,7.032882061973915
2018-05-11,2.8824651617995483,3.55357809537828,2.9693996539486234,7.136560647468649
2018-05-14,2.9258419930177078,3.528651335333701,2.941276258648584,7.0538484434129005
2018-05-15,2.91858365314034,3.445717889296336,2.898613602431447,6.89817815142054
2018-05-16,2.899596702946378,3.4751238380269927,2.8998960906795044,6.915857114159938
2018-05-17,2.915508963973346,3.4562659844829637,2.8889075005445894,6.906059135578832
2018-05-18,2.8794169548011492,3.4112052245248794,2.8752625509716716,6.869793495480547
2018-05-21,2.875012975517925,3.4141347624498652,2.880334000656499,6.890994013974883
2018-05-22,2.887908608881281,3.3545013332456515,2.8231992078563204,6.762121709238183
2018-05-23,2.8796256794765154,3.318070854876851,2.805391778496213,6.69625745974624
2018-05-24,2.8630253262143173,3.3247626103234884,2.79905536794249,6.718390550794071
2018-05-25,2.8728593148137826,3.2614175798810643,2.7378211405220485,6.552289678131349
2018-05-29,2.838160499613943,3.290928563723251,2.765261883195203,6.594777488529451
2018-05-30,2.8611510976325634,3.3426796890894948,2.8462891181883894,6.810658044432993
2018-05-31,2.8680451631619963,3.258926525717709,2.77380473161604,6.6266086275067835
2018-06-01,2.8587968075586025,3.2650699542320827,2.7834098608172466,6.594919457345862
2018-06-04,2.860163647624137,3.3546127870417,2.812129737340625,6.6814162273261735
2018-06-05,2.875254147270148,3.3660075796783846,2.7863089121395386,6.64807408393018
2018-06-06,2.891490967750915,3.3758433217314097,2.7845636050914897,6.662189712036093
2018-06-07,2.853862307039457,3.4490151708343233,2.8275957749784446,6.7993700341528704
2018-06-08,2.8483195952716547,3.393010620718097,2.832588925258116,6.885247805651772
2018-06-11,2.8957160891358527,3.3872104596593497,2.80938225857917,6.885053110377571
2018-06-12,2.9101902390527306,3.3421779656694137,2.7750903895136396,6.872655247891745
2018-06-13,2.899674066933123,3.3824223024740396,2.791069981726233,6.939670488481841
2018-06-14,2.8767411581710847,3.4268492899116545,2.8419669393547737,7.064894229825889
2018-06-15,2.8881553518068013,3.3566151473747063,2.8456092564342286,6.951505208310491
2018-06-18,2.872450256839816,3.3896732785475536,2.8622094685380435,7.0084585423884835
2018-06-19,2.916907666594337,3.403707833870029,2.8415748761306907,7.015565145337086
2018-06-20,2.9000205970122184,3.3493659358297516,2.852473024027855,6.997566628100288
2018-06-21,2.937647003448875,3.337506883597196,2.8137073840155313,6.9422359858793685
2018-06-22,2.8871564989481735,3.420265085809955,2.8671333302562756,7.012397875708387
2018-06-25,2.9085821148756694,3.4459417687433445,2.8678086458070426,7.066504971806425
2018-06-26,2.8943498910622623,3.4639902706882713,2.8866091778817955,7.122544546381628
2018-06-27,2.896435156815167,3.495722545845446,2.884828660504014,7.075098378348353
2018-06-28,2.843441404936486,3.5303594840747103,2.9577980242012707,7.196387160063304
2018-06-29,2.8219985893234893,3.518163126965162,2.9664971950072143,7.2276993105400384
2018-07-02,2.717435132167935,3.563688411841563,3.0316771263718305,7.220097264210183
2018-07-03,2.75577999520255,3.622472852052751,3.04097320676542,7.273015005545637
2018-07-05,2.7725828855867523,3.598664175171995,3.03550845285383,7.229009711008346
2018-07-06,2.7977577853402087,3.543838117951096,3.0041390905508707,7.136669329708046
2018-07-09,2.776984428748947,3.5858740388786985,3.033736782880445,7.194613906485745
2018-07-10,2.755368203812263,3.5830847736738267,3.0773938566296777,7.263309836017731
2018-07-11,2.758061027631125,3.599859931493925,3.065658163987043,7.238799173687734
2018-07-12,2.721503602643776,3.6333149582719546,3.0912339015617225,7.328843603498724
2018-07-13,2.7027100215702315,3.6387447193083458,3.123412385308766,7.3387818211307785
2018-07-16,2.7089519915214,3.5875442939835205,3.020466148641905,7.16012027516271
2018-07-17,2.7124595346259173,3.570905068447939,3.024159139828359,7.095748051161036
2018-07-18,2.705038928688871,3.572259782577146,3.023032421043886,7.120750591666677
2018-07-19,2.7216234983540115,3.5636081229901246,2.9805107983017947,7.051812791508925
2018-07-20,2.7431372225786617,3.532781432568665,2.976245089000065,7.008287010128545
2018-07-23,2.768071019434402,3.5154960489812686,2.962810243398106,6.988930371879915
2018-07-24,2.8011459385188435,3.5244004333674894,2.9471049422229063,7.014842180703423
2018-07-25,2.81701753695861,3.5179918101421594,2.9256215472328564,6.987823112953829
2018-07-26,2.8018170545760164,3.5399630255432966,2.968986817157264,7.093143038317595
2018-07-27,2.8147473423655343,3.537223322460628,2.9390102133073297,7.02013121548572
2018-07-30,2.803818115202174,3.557541489762819,2.9422550778635572,6.986718635072324
2018-07-31,2.8352284642074834,3.559784218582793,2.9301497748175613,6.924327040524911
2018-08-01,2.7763766347231065,3.5495452402802563,2.9004348811706047,6.81841049233568
2018-08-02,2.7754959676997712,3.5685762374309378,2.9004475800160865,6.8566404727532815
2018-08-03,2.789220449363202,3.5282377730847987,2.8564427716140868,6.794124061001365
2018-08-06,2.7709921962010413,3.4344369116712388,2.8182139335664194,6.691994166655088
2018-08-07,2.8076718089305177,3.470514802732333,2.822953025498564,6.73575218734039
2018-08-08,2.798097951329541,3.4253925112700125,2.767177590312973,6.6516183107924105
2018-08-09,2.7883082315996393,3.4538438386280323,2.7593690023210593,6.64356041556436
2018-08-10,2.8002969533986057,3.525583657797146,2.8314448976570987,6.786874671984792
2018-08-13,2.824489998577766,3.4809767549862287,2.8261408447816234,6.717018994623058
2018-08-14,2.8417626066884876,3.481157897462832,2.813464288130945,6.719832097302333
2018-08-15,2.8608678933339826,3.4522492265483495,2.825740107733433,6.64472437667955
2018-08-16,2.8449571504715574,3.4219867128782444,2.802690538135171,6.60880638286961
2018-08-17,2.8109277633000724,3.3891863785406335,2.7831383680330397,6.579346864257719
2018-08-20,2.8186646938685835,3.4365013204628885,2.8545308496938344,6.750249201896593
2018-08-21,2.8523727890449186,3.4476395066555563,2.877412571413272,6.848935859083157
2018-08-22,2.8464298964065367,3.4970886411874385,2.9355631309071812,6.966485370539022
2018-08-23,2.8425356492448905,3.4678454183942358,2.936214025346303,6.941535199129417
2018-08-24,2.8596415996207623,3.479653170838245,2.937511836035014,6.953357950781261
2018-08-27,2.888604648105212,3.5217567565095065,2.985542940624048,7.042226302168521
2018-08-28,2.856956135623856,3.5415095488927326,2.997418822614844,7.0371738100867045
2018-08-29,2.8537474308925144,3.5104582027235014,2.990176466283722,7.022786659794182
2018-08-30,2.8723243087825865,3.551664246720029,3.008230236059081,7.039140444933661
2018-08-31,2.854236389001531,3.491462755595725,2.970573617265768,6.978993861407102
2018-09-04,2.868737081083709,3.4968525991183834,3.0426083124578307,7.013292778240472
2018-09-05,2.855375429732152,3.452108141844575,3.0020092775105103,6.905999836619664
2018-09-06,2.8239303830936446,3.4696722760434024,3.0271892079011598,6.9379709531017735
2018-09-07,2.8170182164971376,3.4687705114747183,3.035249266895808,6.958466126540791
2018-09-10,2.8248207005505965,3.4761793429646906,3.0325041526880248,6.97754765275553
2018-09-11,2.8503704611544367,3.5405384339369728,3.0741353283335893,7.0887839834118775
2018-09-12,2.8371467767185803,3.558177827125583,3.099270560243615,7.1711221418440205
2018-09-13,2.825991160735222,3.550838663651716,3.0945713969394086,7.141856518497894
2018-09-14,2.8432918272328718,3.495076161123732,3.0995789271495333,7.094157732540576
2018-09-17,2.8547343009549038,3.560463398760901,3.1307264288918137,7.21908562808442
2018-09-18,2.844441401288255,3.5953821663226377,3.118267177398395,7.285642965515004
2018-09-19,2.8253174933311715,3.5590246097686697,3.086697270619629,7.209287303876145
2018-09-20,2.7992255577831036,3.5363221707026384,3.0351496542461813,7.149489537626943
2018-09-21,2.773346156122589,3.4929051771984136,2.99668139059403,7.0749577705202435
2018-09-24,2.796771711888553,3.5460720487843287,3.016991327708302,7.163877637355053
2018-09-25,2.7835563034965736,3.590750252796731,3.0368563256064554,7.2578634199737015
2018-09-26,2.767246231599907,3.531926639731615,3.0329241929939017,7.171803792839282
2018-09-27,2.7347395155189074,3.5032138571490923,2.984414718211018,7.099855060928967
2018-09-28,2.7287599040259582,3.4859805586078645,2.958768682073078,7.071998415633972
2018-10-01,2.6559260160255196,3.436557662164765,2.9323328566622475,6.931889333305846
2018-10-02,2.6439599723381075,3.3894909272835516,2.882009982313671,6.815210180968462
2018-10-03,2.5997064232842075,3.380791167431474,2.8693955492925376,6.765627702824434
2018-10-04,2.641557801575523,3.360767497733337,2.8612362277661796,6.6274135083440475
2018-10-05,2.6479495672692313,3.3428324978023913,2.8435577639649967,6.603118630768583
2018-10-08,2.6147787117937282,3.304480760396022,2.8342259956587372,6.571043537727864
2018-10-09,2.6079833447463914,3.3250617771316406,2.840413868621787,6.56704152734553
2018-10-10,2.6201204684593256,3.3148516107878248,2.8259315424378624,6.535647842857661
2018-10-11,2.650634955004009,3.2894937658571957,2.790433974536015,6.479098275262351
2018-10-12,2.6702822774189263,3.2849758860498217,2.782268074353745,6.453139572964467
2018-10-15,2.6773408423394525,3.2537649553614902,2.7586443798789824,6.320441104111728
2018-10-16,2.682360807295713,3.303958014809699,2.796950688934235,6.390434975436878
2018-10-17,2.6514718692907087,3.2042251407560713,2.717219758048688,6.252067365249808
2018-10-18,2.651759266181849,3.200648287257168,2.7190519221676968,6.247856650987757
2018-10-19,2.619089289738946,3.2017437991868403,2.710501031139226,6.2348002799343405
2018-10-22,2.6697875923709335,3.2540465508823733,2.7627382996731664,6.345073263963341
2018-10-23,2.6713689261808327,3.1901736669513387,2.6952416719289944,6.2093226401018775
2018-10-24,2.6403365814431017,3.172641322757678,2.691481882448839,6.2209613406621385
2018-10-25,2.631412914944509,3.196877208975375,2.7155805205457235,6.312502233208791
2018-10-26,2.6780801277687107,3.2131087936317426,2.735452722449787,6.322343930466612
2018-10-29,2.686801620098,3.238806682144195,2.7645997555456803,6.392134725251214
2018-10-30,2.6799328079197577,3.2346446466174235,2.7564212407356194,6.425942756837916
2018-10-31,2.6814890290383286,3.200416618063259,2.7376960063970284,6.381296929900591
2018-11-01,2.747250155690972,3.193065866357762,2.6926247025027794,6.3541683272664935
2018-11-02,2.7753618793521775,3.1587352111372757,2.6780471526906786,6.315699790992642
2018-11-05,2.7880999847331416,3.1599218433644487,2.762232348157203,6.468023368076303
2018-11-06,2.7893849836752276,3.1778714180541265,2.7840302449825085,6.499380312660468
2018-11-07,2.823257216114534,3.1509101108119544,2.755917253696688,6.45690861282654
2018-11-08,2.8046448197462386,3.106955572372922,2.7233508542387916,6.3679129399254455
2018-11-09,2.817652456375804,3.0800310382478227,2.7627031195575946,6.3822035850165015
2018-11-12,2.800347323359988,3.0373592998844816,2.749936865665358,6.339751091006751
2018-11-13,2.8821731996053503,2.9502665585567973,2.7482707738561802,6.340857875632853
2018-11-14,2.9504781119024663,2.860013102814524,2.821842980941013,6.512010982733024
2018-11-15,2.8546612279769215,2.961491453854076,2.7544113053786807,6.394923846246405
2018-11-16,2.888607619927682,2.974993446444542,2.8123715742119284,6.5513095051161825
2018-11-19,2.889801724002505,2.9588271940264925,2.8895087049880788,6.749640948585064
2018-11-20,2.911480711128177,2.9186121497426853,2.8229378984894904,6.564456576696026
2018-11-21,2.8897977135084294,2.9135352964744627,2.7876591778437576,6.531443825915441
2018-11-23,2.9225842871668406,2.853376999463026,2.721373909871535,6.350348243455584
2018-11-26,2.9302111552992165,2.902038532050708,2.7585399694807977,6.428264413833719
2018-11-27,2.958302535585142,2.8626615565939026,2.7274454098074568,6.333428923914674
2018-11-28,3.004668395168471,2.7874777541508817,2.72646814303005,6.368641446352631
2018-11-29,2.962097539821447,2.8262963227345215,2.7574856190056622,6.430206394836347
2018-11-30,2.9521203562560117,2.8115318447685262,2.7478813445972468,6.3911902855950125
2018-12-03,2.8822453149164584,2.8144117075607853,2.7123780011940566,6.396825978358385
2018-12-04,2.8474930760918187,2.8381274183245226,2.709368409913295,6.428361928308981
2018-12-05,2.8288770664740253,2.8561782283715895,2.713550048691728,6.432990848349228
2018-12-06,2.8429906495064006,2.812767867550147,2.6897341875824683,6.347610254043107
2018-12-07,2.827442353931633,2.826480190852653,2.7002028109661373,6.476425855873458
2018-12-10,2.8560078125659523,2.784079536757847,2.695862283785943,6.354885875521363
2018-12-11,2.801713436828322,2.8099712459959556,2.6758464365098833,6.341977185483746
2018-12-12,2.797654297764417,2.7783577645150266,2.668898283231697,6.329977180533717
2018-12-13,2.7675152005509616,2.7709979469092914,2.664022834493587,6.404848858846853
2018-12-14,2.7370213272326,2.713536126624845,2.6439730843384175,6.261931230950132
2018-12-17,2.7236385735158253,2.687706779457368,2.6190284220046127,6.1861933260643465
2018-12-18,2.8081592483058877,2.6580908354455306,2.6520185403557557,6.168933295028256
2018-12-19,2.7933550803036327,2.6559964638768467,2.6369405052390507,6.204865634946417
2018-12-20,2.800364742044269,2.576117890479178,2.5813218011649193,5.985830912774578
2018-12-21,2.8276400861332656,2.5998006257166364,2.622286967052755,6.051647303392721
2018-12-24,2.859897348535913,2.483156809382251,2.5605800083502652,5.81921439224997
2018-12-26,2.8166067353369635,2.5586432398210164,2.606884754780083,6.091240512448062
2018-12-27,2.8080801436990734,2.5409962204484255,2.5889934889143698,6.02226766133914
2018-12-28,2.779380350207406,2.5189718885069947,2.5628523782087087,6.0033208807667195
2018-12-31,2.716261021918802,2.488235869069697,2.527640049272229,5.931883284533255
2019-01-02,2.6507844155413967,2.5039591584326346,2.497775526768316,5.913007662170833
2019-01-03,2.634403596166913,2.4616323838776273,2.4536247847032526,5.8295658259829715
2019-01-04,2.6093223022046796,2.5003382904789,2.4584714909146452,5.7933556963203685
2019-01-07,2.637853662729629,2.5067095290668204,2.4352434800205423,5.729295260197524
2019-01-08,2.6458075025639287,2.5177475196076915,2.412410339305613,5.6986869500598525
2019-01-09,2.640113425764159,2.5295225789411604,2.376401439807228,5.578211576896976
2019-01-10,2.6476049590668733,2.5349232175932643,2.3984689467792406,5.6262020919623525
2019-01-11,2.6458480992870204,2.5494213628516196,2.4119280075576954,5.668969551843019
2019-01-14,2.7212962552804587,2.6249376333740146,2.5037595077374495,5.87565734709224
2019-01-15,2.745168222807384,2.6470496436513247,2.454002398122578,5.767890700287137
2019-01-16,2.737877782239091,2.6151920024660518,2.452951490141203,5.7434676442227985
2019-01-17,2.699491229148856,2.564093850810694,2.446087215073944,5.686721222900511
2019-01-18,2.690584707293324,2.573806318437056,2.4062633619337754,5.589581957457596
2019-01-22,2.6049251030884615,2.5369944952701666,2.3586727334712894,5.489567217702093
2019-01-23,2.5852361820252603,2.5132751029977136,2.343497430979391,5.451445050086926
2019-01-24,2.6074381783964697,2.5234694744089894,2.3475536973064832,5.460553445733906
2019-01-25,2.593106079873448,2.519548648829958,2.3519981719570775,5.49376131691227
2019-01-28,2.5730205119979113,2.5044555041045955,2.3452923123601694,5.492973176935279
2019-01-29,2.581632606549588,2.5212869373115447,2.3349660762097613,5.470321176556837
2019-01-30,2.5510176326264777,2.5051139623044953,2.2985326447664978,5.3899625675298966
2019-01-31,2.5784940406097365,2.532221304037931,2.2976384903720373,5.4029635985692215
2019-02-01,2.517652519214051,2.5290257920287638,2.2621248130433167,5.319452155553945
2019-02-04,2.521836998913742,2.4853576298210434,2.254478738309084,5.301472188890734
2019-02-05,2.5133517555980163,2.47337314454882,2.26382603192016,5.323452621120352
2019-02-06,2.5289733014496543,2.4426759629704375,2.242627454823383,5.2736035517931725
2019-02-07,2.5334196578428334,2.43831606416509,2.265251801491262,5.326805359649449
2019-02-08,2.5317827002531454,2.456733148950387,2.264990546880577,5.326191011849565
2019-02-11,2.564918504379993,2.4741499226741115,2.311253743542746,5.434980261579914
2019-02-12,2.55365092624335,2.501219236296883,2.295523213733025,5.397989464157136
2019-02-13,2.538568494885092,2.4779932660315205,2.267920172296145,5.333080111046016
2019-02-14,2.5561081144152094,2.476915001977463,2.2777657450779434,5.356232261208031
2019-02-15,2.603447437087831,2.477794249408731,2.258691759532701,5.311379230580095
2019-02-19,2.6451079590413165,2.529099282196731,2.2707913485628075,5.33983176537234
2019-02-20,2.6347676849888706,2.5493983456164795,2.243159137232855,5.274853818411009
2019-02-21,2.628636115349759,2.517266713918039,2.2367836265838985,5.259861620072173
2019-02-22,2.6189870035839347,2.536749661775007,2.22500021490585,5.2321525855002715
2019-02-25,2.6443607710156547,2.5534792971156466,2.286043826399009,5.375698409704032
2019-02-26,2.662804472993715,2.560521471457293,2.306006463354806,5.422641129916801
2019-02-27,2.6810741135938088,2.5279615225175136,2.279897737162818,5.361245702476221
2019-02-28,2.674341899910012,2.526895589669068,2.2592371790099905,5.312661800311623
2019-03-01,2.6513768201116372,2.497648987635245,2.2414166567633047,5.2924702354784845
2019-03-04,2.670166755019196,2.484304247617598,2.22578510502275,5.249650060995011
2019-03-05,2.663277832414347,2.477371719492634,2.219626329754075,5.254461344002829
2019-03-06,2.634417245165274,2.4805439380046432,2.2489485113813372,5.35580889647478
2019-03-07,2.639431057287842,2.482097386978845,2.257869193055266,5.379447545944219
2019-03-08,2.6371966004018397,2.4917215808995987,2.2697043787132145,5.4226420938591104
2019-03-11,2.660604120609304,2.4612041269433,2.2633419975386273,5.408609024367414
2019-03-12,2.731157828758402,2.4553217240666934,2.2302884068986883,5.316715646178151
2019-03-13,2.7137728426271894,2.447309193821567,2.2375549998209596,5.331038302724264
2019-03-14,2.7051693609417096,2.4436887565786964,2.217747366417227,5.266183769097758
2019-03-15,2.7299181862929096,2.424754598656245,2.189653813985244,5.209939302574812
2019-03-18,2.7399565664185808,2.412288718646315,2.189230797202751,5.215862299043699
2019-03-19,2.7097520587566817,2.4367194845105518,2.21398498142006,5.286986227386435
2019-03-20,2.745518922661944,2.435177218190051,2.1952483528896174,5.236178942088349
2019-03-21,2.740804436400136,2.435862178102831,2.198515318047464,5.25458587421978
2019-03-22,2.736456172152734,2.4228099305864186,2.1850134488411803,5.254874056552355
2019-03-25,2.7284812870051622,2.4371701742992755,2.2017148371209463,5.300825771116101
2019-03-26,2.721667723097003,2.4291271395614573,2.2153103498922158,5.315532003695099
2019-03-27,2.71630381165467,2.4562814862452607,2.2447515780809293,5.371443748239182
2019-03-28,2.690584720809021,2.4522824065312747,2.235112133788094,5.342708082563055
2019-03-29,2.698290510374757,2.4657202821380793,2.2800500168222593,5.442670342745692
2019-04-01,2.716723588848902,2.476731751454864,2.2805933246969876,5.443967264144322
2019-04-02,2.7139538636934333,2.5010624237478654,2.2991645374143777,5.488298304226781
2019-04-03,2.704100370279814,2.525726726586973,2.3186682968412176,5.534855411404831
2019-04-04,2.649596416600578,2.5427147720095293,2.3347356564670347,5.573209544461766
2019-04-05,2.6878459035761866,2.5621237102734633,2.3716487750373503,5.66132424993692
2019-04-08,2.6830863884387597,2.608840612408565,2.4185815734999028,5.773356770456012
2019-04-09,2.6557576162607472,2.6004184899176397,2.4025559160167886,5.7351021839062355
2019-04-10,2.659124033873873,2.621643921223511,2.414755318990659,5.764223180496313
2019-04-11,2.6729263496650955,2.6188928615006315,2.413111766169302,5.760299882265336
2019-04-12,2.6782742608038954,2.6343630176554713,2.4373411196921353,5.818137378315717
2019-04-15,2.6988229193754223,2.6402426944243835,2.417750852948478,5.771373770927497
2019-04-16,2.7556178048917856,2.675386851851619,2.4768721230593904,5.9125011940471826
2019-04-17,2.8023197543443206,2.7210566469163178,2.5279579076212344,6.034447240194958
2019-04-18,2.747324636058796,2.703814834473546,2.505250020464309,5.980241611781743
2019-04-22,2.782973774795132,2.741678037593347,2.5409642936660397,6.065494572959625
2019-04-23,2.788248497901337,2.776472047073606,2.570607969744174,6.136256510395228
2019-04-24,2.8211971638970286,2.799742850429448,2.584909073594637,6.170394442993707
2019-04-25,2.8200121294484752,2.787908343345335,2.5715659903413237,6.1385433857941765
2019-04-26,2.810449023743926,2.7926996031198277,2.590623359946467,6.184034923083002
2019-04-29,2.8201943739218542,2.8442479966715175,2.63924031547159,6.300087667557423
2019-04-30,2.8302086399267585,2.8472481129233733,2.6438427306285575,6.308973988763628
2019-05-01,2.8759149581074652,2.818418836409509,2.616261170129912,6.245093656447208
2019-05-02,2.863181540831627,2.7905221140026875,2.586496593095384,6.208598271357496
2019-05-03,2.885254828873836,2.838779828361493,2.63031601202416,6.307473322268883
2019-05-06,2.846253822996129,2.8691042185816564,2.6391125435440133,6.387741257274482
2019-05-07,2.8680182815391837,2.841901932423778,2.619915126314574,6.351987276710318
2019-05-08,2.9026611486172165,2.8304542039370806,2.598070797531927,6.324197388335569
2019-05-09,2.8720881337929245,2.8683791101300247,2.619206490892048,6.4362843328440595
2019-05-10,2.872174346380023,2.8986158204261447,2.6301244713744394,6.5174900162515685
2019-05-13,2.875450186957973,2.8664136621522003,2.562481090327559,6.445083992806444
2019-05-14,2.8974338864484492,2.7897806700650962,2.4792575705630613,6.192762431443484
2019-05-15,2.905115809282161,2.797187823449715,2.47577376213192,6.1967375168533625
2019-05-16,2.920757733178024,2.7962419565113454,2.4747526821399233,6.180172696605944
2019-05-17,2.9582547241838566,2.833253737523385,2.5182731009662898,6.313835437388665
2019-05-20,2.9907247743598315,2.7611034505098377,2.4700104224165185,6.131596565503763
2019-05-21,2.9699986362749637,2.792435078501256,2.496424559966435,6.214924396732833
2019-05-22,2.97421559190275,2.7950797328727734,2.483289145217061,6.199764265089855
2019-05-23,2.9951619020883715,2.7456680186767253,2.4514939517900283,6.097783817930038
2019-05-24,3.0274738756404305,2.715454857773883,2.4264641601139365,6.008114719280906
2019-05-28,3.043843685328449,2.652298289092974,2.3496957594346393,5.786403826396259
2019-05-29,2.9906001449016446,2.6271871045779416,2.3073020790065635,5.693387936621359
2019-05-30,3.00032501152664,2.5485870151818357,2.221138599769497,5.473080585291125
2019-05-31,2.9594676553786323,2.4925995594664005,2.172685472519464,5.388663499557573
2019-06-03,2.95013210626015,2.475529710986992,2.145354360172423,5.32087726479437
2019-06-04,2.9713053360830055,2.476133741310585,2.1493977649856753,5.330905659703202
2019-06-05,2.9530880127065338,2.530389711111327,2.2062492813424526,5.471907979165032
2019-06-06,2.968179144381064,2.507420880589585,2.1919943914637083,5.436553204738926
2019-06-07,2.95910657781115,2.5375674737077607,2.2586334570457085,5.601830464097566
2019-06-10,2.91880911759342,2.565661741714998,2.276395960568129,5.645884771820735
2019-06-11,2.8963663970564126,2.5672251858342814,2.2792716433947993,5.653016999324615
2019-06-12,2.9223697393104557,2.5173783850919214,2.2120442166908556,5.486280495108643
2019-06-13,2.9174160600570063,2.5201065263271554,2.2064845849723422,5.472491575869543
2019-06-14,2.921900179536239,2.481051641526423,2.177969457854611,5.401768764570779
2019-06-17,2.9617148642090902,2.442222375979816,2.145501648246264,5.321242566572962
2019-06-18,2.9544357068820397,2.513980602796517,2.216991238763748,5.49855002864807
2019-06-19,2.963074610523881,2.5275244780235844,2.2399611502461956,5.5555196752716105
2019-06-20,2.9901938720201615,2.5313136394796514,2.2537285178731574,5.589665303966947
2019-06-21,2.981103544075107,2.554400980594825,2.3155030403526764,5.7428775929514035
2019-06-24,3.030963292085865,2.510102928330514,2.2564554445076777,5.59642858848616
2019-06-25,3.030189213082857,2.4902782204417395,2.244340840496723,5.5663821205223805
2019-06-26,2.9807613856778716,2.578856436351981,2.3141059363027763,5.739412515426835
2019-06-27,2.972639836965671,2.5418051759735887,2.2898865836607953,5.6793440226719145
2019-06-28,2.992157896309903,2.538688929023148,2.2844669295668143,5.665902273939366
2019-07-01,2.9468885546229218,2.587280030888343,2.34170795461977,5.807870647310243
2019-07-02,2.936944576251974,2.5784044409939653,2.393736585553735,5.936911315180451
2019-07-03,2.945415826939058,2.543555258025177,2.3643394192994487,5.864000883003996
2019-07-05,2.970307153174799,2.5989277278037153,2.3449258808743614,5.815851702079425
2019-07-08,2.8913875669313813,2.6173236603889425,2.3649678469619855,5.865559500323464
2019-07-09,2.924132923279734,2.6558051965260003,2.368426052413869,5.874136492128415
2019-07-10,2.9253352635429595,2.6891418894447403,2.3574471218996327,5.846906705362437
2019-07-11,2.9361502138152753,2.637966610305749,2.3549351467850035,5.840676540534988
2019-07-12,2.9349722667544573,2.6223962476608547,2.355721915650391,5.842627873445861
2019-07-15,2.977872833288292,2.6287525172938637,2.3604510178162172,5.8543569251420156
2019-07-16,2.9182752662674747,2.6459608845660796,2.4094698869021474,5.9759328246331815
2019-07-17,2.93659308499068,2.6614913865658574,2.4443803290617776,6.06251720502252
2019-07-18,2.964632300385653,2.694678231190261,2.4706039433705684,6.127556638957884
2019-07-19,2.953334260160279,2.642499793513782,2.4338084380222127,6.0362969517522
2019-07-22,2.965220201482546,2.731539604672796,2.456203604259512,6.091841123421704
2019-07-23,2.9349127724614403,2.7342348235694276,2.4588666508020696,6.098445973448552
2019-07-24,2.9036455504876937,2.6986903274411547,2.4593103218061505,6.099546359940634
2019-07-25,2.9056459384418853,2.716482205957938,2.4496589306683765,6.075609117389015
2019-07-26,2.9143014581886617,2.715188677006798,2.4477035741129387,6.070759469967803
2019-07-29,2.917219379125512,2.705332244688792,2.4508756789173987,6.07862687903035
2019-07-30,2.9112569265225066,2.7540986444356124,2.45478476313456,6.088322133913831
2019-07-31,2.930294329307674,2.8055731912507325,2.4306005029576405,6.024281795567294
2019-08-01,2.9848447027494918,2.7788359411524923,2.477494713841652,6.106097871573006
2019-08-02,2.9224362822166725,2.794904016172736,2.51736343132588,6.132449607693217
2019-08-05,2.9351668182585477,2.7707822043719057,2.5561043696480796,6.190887588517397
2019-08-06,3.0103316243144227,2.728325167144355,2.5225409724459342,6.093884090998006
2019-08-07,3.0674083667058842,2.7337345428410154,2.5793181676220973,6.138666404635992
2019-08-08,3.048683794311654,2.72476157143176,2.525022235234737,5.981945327904976
2019-08-09,2.989271779179305,2.7330027449765706,2.486747065938552,5.966283098052476
2019-08-12,2.9367584129980258,2.8486121497031047,2.5290704365998846,6.039236070420907
2019-08-13,2.9378669731148004,2.8450786264620405,2.447612598110241,5.872583363581237
2019-08-14,3.0015268491806615,2.8336465196952356,2.4654241799554093,5.860929112738355
2019-08-15,3.0411004869980696,2.8339086804837867,2.444752470748905,5.829271213398068
2019-08-16,3.020227342849864,2.7943318911522423,2.4542391294593227,5.814664803565927
2019-08-19,2.9623412892460683,2.887667202816412,2.4828614106655738,5.9233307516810845
2019-08-20,2.9928232419762897,2.90369512364114,2.4961933104471745,5.931707327462396
2019-08-21,2.9876089389959093,2.8870776237908333,2.5006429691683625,5.942700867874782
2019-08-22,2.981558815877867,2.8903536858844427,2.5009826360096112,6.022152901811008
2019-08-23,3.003013081276415,2.9171006675685818,2.540834939433273,6.102829380243459
2019-08-26,3.0624268389726783,2.9171597748576703,2.5106826181565127,6.036758879884246
2019-08-27,3.0416859737382658,2.9642658047522485,2.530936662066837,6.103654048065559
2019-08-28,3.016017538730087,2.9711582805921872,2.5153894030591477,6.107555629496084
2019-08-29,3.081181007206232,2.9558360339334393,2.532476893920807,5.909998520183222
2019-08-30,3.0218689042804265,2.999597307276021,2.5316208452226543,6.024199112240221
2019-09-03,3.042221359144563,3.053088277270928,2.5731014278840907,6.167737159281755
2019-09-04,3.093695469043453,3.0669740299128585,2.556208658764061,6.045253995832119
2019-09-05,3.0772396327187486,3.023517442339417,2.537867557177573,5.887194273158611
2019-09-06,3.07316385176708,3.0375182724847973,2.541813202300003,5.836221406848309
2019-09-09,3.1180912087528614,3.0346582973156804,2.5116643066103617,5.733694628840963
2019-09-10,3.0810772806616313,2.948126595548843,2.4885445943493587,5.676212779070606
2019-09-11,3.054026872202307,2.925451386514434,2.502252545104371,5.705363532341824
2019-09-12,3.049623275173705,2.9117635302702545,2.514360877106593,5.706425164414917
2019-09-13,3.037495465890466,2.900103529697639,2.5153523937034437,5.735936599780666
2019-09-16,3.222556795510591,3.017176102195564,2.511622481981812,5.757675179730778
2019-09-17,3.1970710984222674,3.0062947177461123,2.5517378879639745,5.848408016736908
2019-09-18,3.2010456117215464,2.9824543957966854,2.549679037773065,5.898754096631534
2019-09-19,3.2078829321806763,3.040754656335295,2.607058738586946,6.025531416835686
2019-09-20,3.1853962590795764,3.030880217863026,2.580245951386717,5.980037642999922
2019-09-23,3.191577771893032,3.025930023897395,2.5854820099184903,6.036784004487806
2019-09-24,3.1552565554865937,3.005921616867,2.5814720966873312,6.128028100293581
2019-09-25,3.1411443583746133,2.9603036771544393,2.543694147575222,6.106336028692865
2019-09-26,3.14400042067796,2.991205238407646,2.5629668021694036,6.160135117274653
2019-09-27,3.119928436570347,2.9605238917543484,2.5269309549259393,6.1168085452557355
2019-09-30,3.019866776621659,2.835509174888533,2.5253783603931432,6.067778107215864
2019-10-01,3.005650631015879,2.8130970717220127,2.567001439901059,6.122910793527935
2019-10-02,3.0306865820913123,2.8456367713200343,2.5945674631385685,6.21103218866511
2019-10-03,3.0707991951928184,2.839275929377358,2.591286758120112,6.186701164753538
2019-10-04,3.0502050166016113,2.8452112348648373,2.583515322881253,6.185952645953303
2019-10-07,3.0196748791926282,2.8543763160230915,2.5649304154086416,6.191184114771755
2019-10-08,3.014081566390553,2.8411675405095487,2.5913077838564726,6.231429770194119
2019-10-09,3.0289256041719694,2.8718481229487343,2.6054097418345483,6.271102058509368
2019-10-10,2.9944314602153512,2.943718122772798,2.6368710797157866,6.342461293382728
2019-10-11,3.0045776720776183,2.9198988966625703,2.6245694328060734,6.301074616601672
2019-10-14,3.006323222129455,2.819438864008852,2.6124270514969243,6.232749686715734
2019-10-15,3.048604209603409,2.831159068949601,2.602969394052325,6.225950197625705
2019-10-16,3.0431022256051876,2.857035219014137,2.5960645119709795,6.192678702263805
2019-10-17,3.059300409041907,2.8636506460571214,2.5781072783479,6.17635157463581
2019-10-18,3.0811713167887587,2.86106404911986,2.56289060870333,6.135648666593052
2019-10-21,3.0874208252681767,2.8908911015102317,2.574144076573809,6.211349492892003
2019-10-22,3.0731214258518444,2.8814345491596898,2.5693019449626244,6.120397881468341
2019-10-23,3.03591464799266,2.9208009272053714,2.5743825090461123,6.138534941160571
2019-10-24,3.02745532162935,2.940615503169863,2.615650426470134,6.2031904748707625
2019-10-25,3.0353640288493065,2.9262875602259766,2.584987199879605,6.157784543562079
2019-10-28,3.103029014769282,2.9193868683868796,2.583784926311661,6.204916951264753
2019-10-29,3.1096200720649905,2.9111126427707146,2.5821500007547846,6.177078917299618
2019-10-30,3.1337152247441207,2.886225668931214,2.556540871581329,6.167507688321098
2019-10-31,3.1152908407358337,2.8441945498937296,2.556283363161577,6.142685363363783
2019-11-01,3.1450781455934673,2.8824363487833513,2.5669943621156275,6.208597584558835
2019-11-04,3.171637142799423,2.8694059902677433,2.5460062398843344,6.167358233352687
2019-11-05,3.170520718376225,2.848635782793925,2.508231634364424,6.065153792606599
2019-11-06,3.1569232398015004,2.8447117943596845,2.506512085804421,6.0533794024892185
2019-11-07,3.152964604478524,2.8144991091675005,2.4607818664319776,5.94293813648127
2019-11-08,3.15500961950642,2.8158140760442656,2.455418173681704,5.93414621307758
2019-11-11,3.144765709089778,2.878008825870807,2.4995379698550675,6.051140119927433
2019-11-12,3.1237363633546513,2.8571219652022766,2.4864901852344787,6.017449411755153
2019-11-13,3.13727033267767,2.886486190511126,2.5069659291463884,6.039364336234826
2019-11-14,3.1694407870614314,2.896897837905531,2.522961505898526,6.09451797075379
2019-11-15,3.2068544620903694,2.91733495427984,2.5102986879382287,6.064355924069627
2019-11-18,3.1665980069754482,2.9463292248266084,2.538438139484814,6.1255458546160515
2019-11-19,3.1853088972904153,2.945441995362643,2.5806666096120794,6.228738186098497
2019-11-20,3.196326401514675,2.9464556680045617,2.558336949344911,6.184020047349615
2019-11-21,3.176564478344588,2.940095441138998,2.5351104007975227,6.128308900270923
2019-11-22,3.151943995784934,2.9152827602929112,2.500631235750973,6.033832111598802
2019-11-25,3.0910314336597873,2.9087617620140485,2.4746571754409734,5.988530330419718
2019-11-26,3.1098904710699093,2.9713363798795314,2.505223240511319,6.074172026641491
2019-11-27,3.0814734433251507,2.9473385580381537,2.4762320721474618,6.021116842592544
2019-11-29,3.00154874004623,2.9381979319668785,2.5312260798029955,6.149112385151719
2019-12-02,2.9679693808022884,2.9569812990379027,2.5098710305767726,6.125890576427823
2019-12-03,2.9629297663350656,3.0117881821645347,2.51702590531457,6.156378407125427
2019-12-04,2.933823815437584,3.0352746803882136,2.564685132414598,6.114914533954871
2019-12-05,2.910121237843073,3.054980959117723,2.5562072628522117,6.144916236977694
2019-12-06,2.914870252851132,3.06721232360262,2.586188862511813,6.178401098021458
2019-12-09,2.945451842898376,3.0684903097567706,2.6154612265410284,6.296158529473651
2019-12-10,2.9260464078384807,3.09833597654786,2.592422962924703,6.296590983077983
2019-12-11,2.924202153073436,3.110681125777387,2.5922132632478294,6.372002649954953
2019-12-12,2.8965480270229276,3.162168078551848,2.5768142938562772,6.337564644502425
2019-12-13,2.9186831430284284,3.1235768378048663,2.6104895785314564,6.303333023389696
2019-12-16,2.885388936490148,3.133927651327011,2.5602617688029206,6.270800477109108
2019-12-17,2.9060006935622194,3.1135302738085917,2.5968654426408455,6.23951897832611
2019-12-18,2.888920692888692,3.0971559731536655,2.594621905465485,6.22801919925406
2019-12-19,2.9187797623322713,3.084281526472029,2.6131015929257986,6.17442541678583
2019-12-20,2.878059520437157,3.074403588103213,2.558324569255435,6.119856843083304
2019-12-23,2.930171575707759,3.04257489190779,2.5985309154106657,6.1193372156283345
2019-12-24,2.923491482732024,3.07707645997789,2.612557475057011,6.197934468265466
2019-12-26,2.8883946253936617,3.115127227436527,2.6211360236168066,6.178738194181853
2019-12-27,2.909199397116238,3.1545578864559425,2.6287873471495233,6.296065071484895
2019-12-30,2.896884734497367,3.1550729818416015,2.6504959585203975,6.316740363399506
2019-12-31,2.918943948892911,3.1133932563724653,2.6404184785008913,6.260785896105944
2020-01-02,2.9445347747296586,3.131430895551734,2.655715908627969,6.316612577197218
2020-01-03,2.907030740139329,3.1954488787513045,2.7100085250362973,6.407808038100922
2020-01-06,2.8276689122864997,3.1933921913607226,2.7082642817160942,6.371338266633177
2020-01-07,2.87194364839532,3.205831139845995,2.7188135527940123,6.361129148561858
2020-01-08,2.895287297477564,3.146726519210251,2.668687879729108,6.205213677609768
2020-01-09,2.859357457433163,3.183612920013682,2.699970639813277,6.228691602461692
2020-01-10,2.8613529333828644,3.2012064641452187,2.714891440111199,6.26838192632954
2020-01-13,2.8445280821876597,3.210499163244869,2.722772427958669,6.213918254523888
2020-01-14,2.855482858221843,3.2257686780491586,2.735722256562706,6.249965275362623
2020-01-15,2.8820264538766334,3.2432465739753353,2.750544977487644,6.3326671832447285
2020-01-16,2.855966015569017,3.27248452229486,2.775341208692396,6.399720158343222
2020-01-17,2.9170907748388166,3.2645790166273825,2.7686366771644315,6.448960401093485
2020-01-21,2.9271085303330646,3.2412844514416053,2.7488809330934645,6.498191486526256
2020-01-22,2.9573140055292586,3.2147007615123,2.7263357355112423,6.429062093875822
2020-01-23,2.97190919040012,3.191699312945763,2.706828578905483,6.364851504838868
2020-01-24,2.9806620911158097,3.151999538368261,2.6731598420145675,6.280383232558892
2020-01-27,2.962739153878783,3.1434842801523177,2.6659381892096854,6.143395091103856
2020-01-28,2.926797831455435,3.158427467081539,2.6786112644194584,6.108434898316422
2020-01-29,2.931961376905278,3.1824754034614138,2.699005930418452,6.13601648554081
2020-01-30,2.9627022526948705,3.2114677509971052,2.723593871569694,6.220793686585096
2020-01-31,2.962760100625206,3.189026456483343,2.7045617725586433,6.18454864157176
2020-02-03,2.922194791811784,3.228369086709192,2.737927621099793,6.165452465828784
2020-02-04,2.9222519455399287,3.2280985824711865,2.7376982108294774,6.170183951310292
2020-02-05,2.9269081621896027,3.2439067203210272,2.751104836929144,6.192017754658407
2020-02-06,2.963403757011184,3.2459468911950227,2.7528350728586948,6.204357996725246
2020-02-07,2.9606624927248375,3.222842260516836,2.733240409172456,6.1644098889531
2020-02-10,3.0187100522512633,3.2068764642931042,2.7197000755551604,6.174612665414962
2020-02-11,2.9989354634254233,3.206855537467518,2.7196823278527584,6.178676262841091
2020-02-12,2.9799734837871936,3.1862819590215943,2.702234208638677,6.142110939837662
2020-02-13,3.037300277629619,3.1671626049038486,2.6860193935631416,6.182552706966935
2020-02-14,3.04458835418469,3.1403515280784537,2.6632813528310937,6.221962387846953
2020-02-18,2.965034864493126,3.1157487688390315,2.6424161505361647,6.124741654181101
2020-02-19,2.9793345153984907,3.1274894898479912,2.6523732661814594,6.152611013411449
2020-02-20,2.984528238536737,3.1443469949817473,2.666669843706797,6.124324956559903
2020-02-21,3.031637942407735,3.143904609553028,2.666294663777882,6.22691473625213
2020-02-24,3.0540616289635585,3.1740184070642825,2.6918336885200356,6.230305926946063
2020-02-25,3.0713430048960912,3.1120559154981313,2.6392843013295955,6.132212245640177
2020-02-26,3.0616833771837455,3.066011365886544,2.600234663324553,6.079654102706662
2020-02-27,3.1347003923465193,3.0674517408343203,2.601456222027519,6.06579241059167
2020-02-28,3.152407325150625,2.942258777629922,2.4961492463241957,5.8577764409858775
2020-03-02,3.106475302954384,2.965937580617129,2.4235264335967623,5.785976786408852
2020-03-03,3.1229618866754305,2.9164328180617467,2.381815609488469,5.812283395214504
2020-03-04,3.1010770766767717,2.8975651704328893,2.3897146358192476,5.809446309041246
2020-03-05,3.1088553733632263,2.9305118202362386,2.426438030950428,5.7556892796197685
2020-03-06,3.1962761752079136,2.883078903643379,2.4688304195156796,5.741142308561407
2020-03-09,3.3353470789683803,2.6126215332087686,2.457986671507472,5.696092403827266
2020-03-10,3.256753646348616,2.6047278908651554,2.385842843307784,5.630234970640444
2020-03-11,3.284197315328769,2.6008269196533615,2.4109516389554937,5.635640567093197
2020-03-12,3.301550297527989,2.413752324309175,2.2992179849968286,5.255572714065784
2020-03-13,3.244805056940618,2.3688331718178803,2.2218807762376906,5.0444251174197445
2020-03-16,3.2474523601282552,2.1765737386438166,2.1098150719713025,4.6571113545353535
2020-03-17,3.2624169930570317,2.200767149954604,2.1680297334388023,4.7817185478327096
2020-03-18,3.446364470350583,1.9659622515200363,2.1295542610579914,4.77277818328924
2020-03-19,3.288830891616081,1.9908390125913897,2.0215001618527304,4.623197774325953
2020-03-20,3.5303406678870743,1.9374453233602442,2.0698544232386893,4.839180260604168
2020-03-23,3.797488787450061,1.8445171505879931,1.985101236659529,4.693376525868519
2020-03-24,3.8940699842099193,1.950812474400924,2.074161166794655,4.98460652296191
2020-03-25,3.8798733873943934,2.0881602909456785,2.190202315867228,5.326652782477889
2020-03-26,3.8729351791308813,2.070333864429277,2.223140741129669,5.325013576079161
2020-03-27,3.8474990574184553,2.040052164343495,2.2595002155997426,5.310237068783505
2020-03-30,3.8477894589557313,1.9783920972908053,2.238825175696533,5.3156774783319305
2020-03-31,3.880624623857328,1.974715851819172,2.2209501265891847,5.28972533471606
2020-04-01,3.9370032445241905,1.9821251333119791,2.2548720460019536,5.372227262579233
2020-04-02,3.6764361346737195,1.8482038129965148,2.079335088929668,5.008541918842941
2020-04-03,3.5888492399460095,1.7449815828519586,1.95948882495354,4.703168638424538
2020-04-06,3.6953556519400412,1.7549562471303028,1.9512768559858702,4.694729785420847
2020-04-07,3.7955714714879987,1.7831103737961425,2.0058340777852637,4.872128774153062
2020-04-08,3.6195209025980213,1.7633727447362726,1.9817906891415153,4.779697499195705
2020-04-09,3.6975636165515935,1.8306535990685515,2.0498561300330267,4.9106772697095735
2020-04-13,3.6295755998500336,1.7619644859395291,2.0281767931781984,4.821630589816066
2020-04-14,3.743150844664876,1.861352410036518,2.1372271304139137,5.104667509565191
2020-04-15,3.6893876599527093,1.8581787312246916,2.159910605371191,5.161704541449944
2020-04-16,3.780843459357506,1.8665630032020204,2.159208439877779,5.177913738696098
2020-04-17,3.8333269725644072,1.8597990130540438,2.135249785232486,5.087670058882904
2020-04-20,4.032264187525266,1.9073670692561933,2.2220605036270915,5.216068894151774
2020-04-21,4.424948640624683,2.108122596659431,2.4698389774251592,5.750276950316472
2020-04-22,4.222903427811286,1.9510107157852252,2.243162880077182,5.265210066476317
2020-04-23,4.072541405782937,1.915811915903518,2.165763727814944,5.102399792685684
2020-04-24,4.094983337386341,1.902370191746547,2.1549720650077777,5.077444378952578
2020-04-27,4.252120838736313,1.9841348004460075,2.2891760647921404,5.404747083204903
2020-04-28,4.2304570471505105,2.0000152023463666,2.2834229821542715,5.398196138351859
2020-04-29,4.045547031609185,1.9526331632273977,2.143396135668905,5.126897153134697
2020-04-30,3.8705157315009706,1.8409072793305217,2.0035966999313217,4.767648321685211
2020-05-01,3.869735106084201,1.8237096467453187,1.9785123402661398,4.738617185676522
2020-05-04,3.8831368521942182,1.7329191303385147,1.9733461485329418,4.743167395641544
2020-05-05,3.926355762007821,1.6338091204550897,1.865104099403135,4.456319613562329
2020-05-06,4.023207190282213,1.6399167183858334,1.9012614778217194,4.57737140167941
2020-05-07,3.980739419826006,1.6502098888718257,1.8811853977213209,4.628190555909586
2020-05-08,4.007639845440978,1.6273277874650454,1.8929544589357647,4.668610377241596
2020-05-11,3.993208334547132,1.666488960389698,1.9077920228909664,4.672476892664684
2020-05-12,4.0801005198350815,1.6699457310161085,1.8599077316254675,4.607646618624321
2020-05-13,4.179919423789268,1.7343069428135443,1.9251770402904167,4.704601056262047
2020-05-14,4.214279030076934,1.674881705544882,1.8631148135976077,4.5864076332151
2020-05-15,4.3317011714318365,1.6583015130008396,1.8663537168443955,4.668149203619496
2020-05-18,4.331275172884865,1.6196494826282244,1.811014678249614,4.613717194543963
2020-05-19,4.356984583302435,1.6295132772150236,1.8005887929443982,4.5776843149150395
2020-05-20,4.3787188699538,1.6475009150314042,1.8036353109314986,4.590020117815164
2020-05-21,4.387526740817111,1.604790687133166,1.7844526565853394,4.549519226936488
2020-05-22,4.411521732363814,1.642244881518134,1.8141112259809562,4.57336942583246
2020-05-26,4.3806355315733985,1.6094447105975493,1.776310470918115,4.541725458571725
2020-05-27,4.397674727670129,1.625863400288469,1.8001905022617593,4.652557143951201
2020-05-28,4.365886274030408,1.6306852269501997,1.803457642476436,4.646936749999667
2020-05-29,4.315157847908807,1.6294006764423479,1.765444753836576,4.532351887276636
2020-06-01,4.403049832735939,1.6710636998858948,1.7783147368665855,4.608908415868161
2020-06-02,4.466409248931446,1.6167376998895329,1.6934481342746657,4.4063195113451865
2020-06-03,4.441658507362387,1.6077438824446755,1.6698602892521888,4.354200191718082
2020-06-04,4.403416090584949,1.6183100379209396,1.6709142830074337,4.340951310484159
2020-06-05,4.440020022005453,1.564503422930468,1.584025304176578,4.142918576907758
2020-06-08,4.363859158783722,1.579660701213505,1.6043987740420256,4.1942414463953
2020-06-09,4.317909259574673,1.59514554626271,1.6224798521336592,4.232426895535118
2020-06-10,4.312223853965949,1.5932051177438824,1.6078999020731004,4.167752453868105
2020-06-11,4.416539469806498,1.6145794236892936,1.6441031169328992,4.226015459403763
2020-06-12,4.386802414545462,1.6313567381300154,1.6385464348806198,4.199993544717102
2020-06-15,4.35530197943839,1.6330118609760427,1.620040467959057,4.147129725128207
2020-06-16,4.318626291791199,1.6382495640221812,1.5900579912717292,4.077688897469203
2020-06-17,4.384769234744152,1.6285909069757123,1.584615051878197,4.106808625951997
2020-06-18,4.368440024803437,1.6148043158411547,1.560676781371567,4.019351907505958
2020-06-19,4.379589575540046,1.6020579863911082,1.5462052808670728,3.9920078260136957
2020-06-22,4.405695681179659,1.5913179011544112,1.5464599718531988,4.015960054774499
2020-06-23,4.422344238106325,1.6056910716067798,1.5624409516580926,4.053146380426982
2020-06-24,4.472012781529867,1.6289913428152019,1.5953766967491845,4.119260318166588
2020-06-25,4.521551623604011,1.6728223072315695,1.6369280266114061,4.195511190522613
2020-06-26,4.669654016973647,1.6770289413214727,1.6606447609959323,4.250828093427307
2020-06-29,4.622876442125155,1.6044209051346323,1.608622957620823,4.183986212879026
2020-06-30,4.655700175954303,1.5865895392583766,1.5862212884489224,4.165085488942617
2020-07-01,4.651347107209269,1.5772398097328224,1.5380030590487361,4.106299092517397
2020-07-02,4.773324423272767,1.5933476387055248,1.5082831277127255,4.033735403524417
2020-07-06,4.7918685178319365,1.5782373991833596,1.5208879070862136,4.032628184283251
2020-07-07,4.793997412284424,1.5812585760453457,1.5056138162607648,4.035217264859198
2020-07-08,4.745674072707186,1.6063156452923202,1.5422332458642711,4.1038324790069325
2020-07-09,4.683823320661418,1.5917589221751443,1.565073850699731,4.136251476545023
2020-07-10,4.77987061586586,1.6208630788368439,1.560835406682255,4.110183760311446
2020-07-13,4.710970506786135,1.645489015920936,1.599931062324279,4.219354560850575
2020-07-14,4.73308870820068,1.6340993302456364,1.5857192199456942,4.178803758196193
2020-07-15,4.718623690801477,1.621677219858188,1.5686315233769905,4.174856552553895
2020-07-16,4.716498209533481,1.6250024363032025,1.5648883699164555,4.231201164906283
2020-07-17,4.74125001331984,1.5949738938985847,1.5712260105322822,4.336303129311556
2020-07-20,4.645309338648921,1.6571879402251561,1.5870128349915866,4.330328752298629
2020-07-21,4.650785267845396,1.699876476332765,1.6016370407920637,4.399928135966044
2020-07-22,4.58107476321559,1.7012493806216096,1.62339405238606,4.542962230398927
2020-07-23,4.567087282120782,1.687592243155819,1.6200703689834186,4.5050004345710875
2020-07-24,4.611397794051099,1.6773234904853382,1.627375892690423,4.545464555004897
2020-07-27,4.460294671852616,1.7213640397814316,1.6400399305080882,4.5851650889981395
2020-07-28,4.487147687624008,1.7211381012774616,1.6412004078362756,4.5759607405752005
2020-07-29,4.544179688528427,1.6886187454650823,1.633515475416135,4.602936014451186
2020-07-30,4.564461978131295,1.6572401785752056,1.6020088649897846,4.585902500904631
2020-07-31,4.496610616009887,1.6394154825340346,1.6004964104410273,4.694758522491759
2020-08-03,4.619542778040598,1.6405112076661241,1.5721026408802536,4.5415318482379945
2020-08-04,4.634767694484237,1.668489319782439,1.558548504817267,4.541325519616486
2020-08-05,4.65060940064054,1.709904053595747,1.577326888201212,4.591698557636323
2020-08-06,4.517180995304879,1.7458899518333493,1.6019303069803525,4.599393173502593
2020-08-07,4.582311645454618,1.7088140323174392,1.5919984936907634,4.576158637127532
2020-08-10,4.489190163186232,1.7577620784688262,1.61388522793735,4.574005573304127
2020-08-11,4.536998657664258,1.6846210513880904,1.5586249354036743,4.431221518614956
2020-08-12,4.550400515349715,1.695147831601266,1.5700382920769183,4.424762229310929
2020-08-13,4.477808308202798,1.6661571164160565,1.5731761915308535,4.498904301150498
2020-08-14,4.583849609356257,1.6172012545520997,1.529762768475414,4.3434921966791915
2020-08-17,4.607556958533545,1.6528905434584669,1.5526994894585067,4.389798661770483
2020-08-18,4.632757171172509,1.6567730148937965,1.5637805715281912,4.45363749270988
2020-08-19,4.656558567071628,1.6311451681916553,1.5415177339142674,4.370977886314153
2020-08-20,4.719460288215736,1.6377434080175848,1.5439144845586377,4.372229287919167
2020-08-21,4.755527950472663,1.6202546026956244,1.5331551154503464,4.374754588638614
2020-08-24,4.844092607030626,1.6568845773089438,1.5433373497026528,4.311373243078725
2020-08-25,4.87717131027196,1.6560624840449238,1.5412157033603557,4.3104270267303155
2020-08-26,4.8087060420245065,1.6772536453296454,1.556137521329285,4.353272107134249
2020-08-27,4.843634398186439,1.6577109054230859,1.5505708589123233,4.39138708891872
2020-08-28,4.858323359486871,1.6758512860751689,1.5795020837186715,4.488726130950542
2020-08-31,4.868632300833178,1.6655271058528442,1.5821516354385927,4.570404502860945
2020-09-01,4.858429765098174,1.695842415109276,1.6091913319890407,4.648514810433267
2020-09-02,4.750069286355561,1.6700183811795142,1.6127816936373056,4.658886385873051
2020-09-03,4.679048567018822,1.6446681978363065,1.6252211538420462,4.694820593226789
2020-09-04,4.658083870086812,1.6100019657916802,1.6251018222599853,4.6944758768369255
2020-09-08,4.485674988734282,1.5902878834913448,1.6751559594897296,4.8390686257602775
2020-09-09,4.5799014244580984,1.6070775317001298,1.6545923857681755,4.779666070514143
2020-09-10,4.474715379284916,1.6135904078808303,1.6931910855095487,4.891167185294235
2020-09-11,4.461984929919554,1.620834163686006,1.6909276898624974,4.88462885266838
2020-09-14,4.530571923075528,1.6270597310680497,1.679344157025599,4.851167186004474
2020-09-15,4.688444246671047,1.6492201203149726,1.663710322253934,4.806005301873442
2020-09-16,4.683114863550504,1.6633612677550969,1.6414391433556166,4.741669941064188
2020-09-17,4.662218708405362,1.6598210826613349,1.633786311676026,4.719562997845474
2020-09-18,4.712605010351776,1.650068026234782,1.6431041935523072,4.746479816897825
2020-09-21,4.605149501193256,1.6196279127644782,1.6358228134701378,4.725445896021231
2020-09-22,4.6252243192415525,1.5984234637065542,1.6077347608240276,4.644307173654211
2020-09-23,4.797129674866166,1.5645888307932518,1.5369266580032346,4.439761879307958
2020-09-24,4.875850790092515,1.5686479214955256,1.518068678997799,4.385286321952543
2020-09-25,4.848971881573467,1.5889225757370977,1.5122614245320134,4.368510747876592
2020-09-28,4.900502162702615,1.605449866779868,1.530111469114883,4.420074657624851
2020-09-29,4.7354621769349325,1.6079650014501334,1.5803213943195782,4.565117435512721
2020-09-30,4.738183126532361,1.5861558129341633,1.589852974246662,4.594173275754125
2020-10-01,4.807659189889932,1.5718599722746265,1.5855405212820695,4.576952539859814
2020-10-02,4.823319328319414,1.57920495505985,1.608778907482687,4.618895545281638
2020-10-05,4.780138301598867,1.5646568038428899,1.574630312766837,4.544904382665903
2020-10-06,4.703230868869763,1.5515117776404057,1.5638445099747207,4.457544143482818
2020-10-07,4.797866259678557,1.5402898258820978,1.563119965932478,4.450835193750334
2020-10-08,4.767948894261347,1.5489724662356548,1.5454044100203903,4.395223657358874
2020-10-09,4.963762295455407,1.5514488351207472,1.5561180266701469,4.476396048822522
2020-10-12,4.910081787654652,1.51190404396223,1.5578203707916305,4.451211959447901
2020-10-13,4.900244147104019,1.4972234520998242,1.5376204970590774,4.388718873608332
2020-10-14,4.852771537513359,1.5200312414981805,1.5483880752754353,4.404101158843136
2020-10-15,4.867658552911422,1.4728281940462493,1.5381093130865164,4.371785619140517
2020-10-16,4.853858407612272,1.4804160205546735,1.5281438630159694,4.357075204512073
2020-10-19,4.8017176131186385,1.4791210017403815,1.534381449036363,4.365281817251216
2020-10-20,4.830358576664101,1.4702546817161994,1.5242541896753952,4.35985691421643
2020-10-21,4.984516179499196,1.4819733243111508,1.5199799411673351,4.375451167610964
2020-10-22,4.979404740541335,1.4934029182980952,1.509502177302008,4.3287213735677765
2020-10-23,4.994692538919404,1.4935404144882172,1.5325948203156405,4.432003793614135
2020-10-26,5.035785775252323,1.490529246724033,1.5513559898392861,4.438459463123187
2020-10-27,5.016272298885657,1.4899215676847355,1.5261038946839454,4.382137429258601
2020-10-28,5.051303797049355,1.4636658282524007,1.529673574399733,4.373026234425446
2020-10-29,5.0841980941869584,1.4411493598655682,1.5460031975532489,4.376865888868683
2020-10-30,5.1421256617152125,1.436989168157208,1.5497558581951592,4.384650755269407
2020-11-02,5.195283968889814,1.445293341487748,1.553166580203474,4.394300549300311
2020-11-03,5.256185320688699,1.4594395351258849,1.550422370377031,4.386536486577461
2020-11-04,5.190832651913304,1.4628684151637612,1.5444308375736173,4.3695849269541895
2020-11-05,5.317981775312151,1.5029014308454822,1.568182013268645,4.436783001992294
2020-11-06,5.39959776667912,1.526342538322894,1.6006677006796535,4.528693216810263
2020-11-09,5.197518351628633,1.4978027812124133,1.5492522293155828,4.383225861964093
2020-11-10,5.1975284017912395,1.5102856141167578,1.5405444414670204,4.358589330754985
2020-11-11,5.108155973707183,1.497831538950153,1.5434039855342712,4.366679703175837
2020-11-12,5.152004297244903,1.5185868054358453,1.5539868713166656,4.3966213600460655
2020-11-13,5.164413088620972,1.53280384934681,1.5831130391390362,4.479026645410942
2020-11-16,5.210163419637716,1.5894805580985527,1.6186858908402446,4.579671227752083
2020-11-17,5.168083966294271,1.610290578316386,1.6259489722937845,4.6002203196703
2020-11-18,5.1386646663483795,1.615058702182844,1.6243379798348025,4.595662415104457
2020-11-19,5.100913129474484,1.6410929448791292,1.641113046170998,4.643123314762777
2020-11-20,5.0572996622173,1.6491904527903058,1.641442993024642,4.644056817748669
2020-11-23,4.938393444723565,1.6177297581443673,1.6119906664906243,4.560728747008406
2020-11-24,4.86676427846282,1.613067947170612,1.577399376959223,4.462861251965519
2020-11-25,4.811995085650873,1.6076308710761735,1.5409632681641885,4.359774297267196
2020-11-27,4.877432794300277,1.5936416607691886,1.5488901034218154,4.382201316346012
2020-11-30,4.811361189522567,1.5771381977497225,1.5292777366947639,4.326712977245597
2020-12-01,4.80155766292801,1.6119760903603246,1.5445122260988022,4.369815195648793
2020-12-02,4.763582910231141,1.5735202074336256,1.5422215941837871,4.363334419400648
2020-12-03,4.660175849681673,1.561082536431389,1.5779910262701302,4.464535177302988
2020-12-04,4.675092231757388,1.5624827102253507,1.5606236564412053,4.415398501461593
2020-12-07,4.600217672267069,1.5217686855477692,1.5864693457112737,4.4885224844291045
2020-12-08,4.610149718317366,1.505855142250994,1.5800287094308172,4.470300297636143
2020-12-09,4.64024952720579,1.4984762892312655,1.592706703297037,4.50616954445129
2020-12-10,4.703925111564224,1.4632945184025103,1.545658620532412,4.373058635054158
2020-12-11,4.672254893773282,1.449150020633565,1.5510065973579013,4.388189412268547
2020-12-14,4.760087342749391,1.440885522095481,1.509479290100214,4.270698171200566
2020-12-15,4.7541252317125755,1.4575193165550724,1.5132872226652625,4.2814717742226565
2020-12-16,4.751405862479041,1.460846889276154,1.5185877060911182,4.296468180613749
2020-12-17,4.726378471828451,1.4616690242798462,1.5287928284526866,4.325341049352169
2020-12-18,4.708590897289611,1.4619224409444476,1.5209288535212921,4.303091878013327
2020-12-21,4.627893875512609,1.4929121096259506,1.5699953639587632,4.441913429105021
2020-12-22,4.646459146045094,1.5027331629348433,1.5719422801513339,4.4474217467597414
2020-12-23,4.6042223812705485,1.4810585669834622,1.5848248611622928,4.48386982228133
2020-12-24,4.5805253720145105,1.479097920331872,1.5918316997999014,4.503693938552276
2020-12-28,4.524292786937202,1.4754130306679292,1.6109982029517507,4.557920816983631
2020-12-29,4.564629120649824,1.487049340300491,1.6005448251087557,4.52834557078467
2020-12-30,4.47940264247973,1.4873616853769942,1.628162376476213,4.6064825991570215
2020-12-31,4.496254168095741,1.4855198825939695,1.6199008174277196,4.583108561930367
2021-01-04,4.500243842784494,1.5117997647665746,1.629364979890622,4.609885067966153
2021-01-05,4.67094614013541,1.5184870530143446,1.6006572908426906,4.528663764752211
2021-01-06,4.676539528001257,1.5166154069707685,1.600996237375284,4.529622730102961
2021-01-07,4.637248755872111,1.5109100388737255,1.5852817913265125,4.485162593125883
2021-01-08,4.7510425721033025,1.4561091724528146,1.5488835895806061,4.382182887043986
2021-01-11,4.713067106130158,1.4699336471471842,1.5560456449285638,4.402446150592656
2021-01-12,4.700863745096418,1.4659840038847527,1.5589016720220465,4.410526572606413
2021-01-13,4.712787113652843,1.4570463592318155,1.5512352171528858,4.388836235412623
2021-01-14,4.775441613146495,1.472018957278893,1.5777944666665027,4.463979060537923
2021-01-15,4.723256142790909,1.4605568053993891,1.5645881408775506,4.4266150292689606
2021-01-19,4.648601909802731,1.4379581943809094,1.5628064663883656,4.421574222129346
2021-01-20,4.704835313418413,1.4514345921783556,1.5597889290577547,4.413036846861008
2021-01-21,4.719551733526123,1.4391961717206168,1.54836140846779,4.380705504784974
2021-01-22,4.659431807762433,1.4156406840463982,1.5161514936708949,4.289575520346106
2021-01-25,4.737771457949902,1.4333739040704876,1.5100623550958718,4.272347809341994
2021-01-26,4.7023690851922915,1.433604926216731,1.5206223961004557,4.302224832565734
2021-01-27,4.749379223913388,1.4375063128902592,1.513560235717036,4.282244197102896
2021-01-28,4.698672600968258,1.437473770155543,1.509844343217339,4.271730998672873
2021-01-29,4.624975387788364,1.4520217982582473,1.5394817100846832,4.3555825952530185
2021-02-01,4.498485345576121,1.4739612033084297,1.5107388938680864,4.247416085271164
2021-02-02,4.571555137608941,1.4478954779231399,1.4865916018265013,4.147044252081531
2021-02-03,4.573680625870156,1.4499220520235656,1.4768890003893134,4.161648456829873
2021-02-04,4.575888662253364,1.422403440561281,1.4438655422664166,4.082780750060844
2021-02-05,4.606875162466625,1.4481632042825907,1.456550739968199,4.132910774519192
2021-02-08,4.633271325955141,1.4549003291105596,1.4467432537415525,4.167532302307345
2021-02-09,4.669742574996126,1.4739666584373416,1.450118365500932,4.147115163727548
2021-02-10,4.723743174545877,1.4952106518751402,1.4320674663167687,4.051292300508567
2021-02-11,4.6959888412071376,1.4778634093698502,1.4166229624039133,4.013271531510566
2021-02-12,4.685352010787033,1.473736292957457,1.4025843679695904,3.976882933495758
2021-02-16,4.668291350565827,1.443029482538315,1.3768642978655614,3.94832856397555
2021-02-17,4.630279207233546,1.4366417250393702,1.3609591115042938,3.8761836699861716
2021-02-18,4.70334915464269,1.4586981497115719,1.389245631287405,3.926545402334873
2021-02-19,4.710254421843828,1.4597235456774895,1.3896439430041683,3.9122252305088443
2021-02-22,4.702617681833205,1.4679391391912555,1.3915800175236983,3.9309509503160958
2021-02-23,4.716598993505487,1.4728712931955397,1.4093589036153322,3.9937232714742885
2021-02-24,4.759549487602371,1.4927725826468259,1.4206809464859909,4.068206874748234
2021-02-25,4.682174570200694,1.5045089060743988,1.4309992365213116,4.038368018718691
2021-02-26,4.723914075574079,1.4972916437029153,1.44381360236549,4.06200385527405
2021-03-01,4.7522860183041065,1.4763748405036794,1.426396072228451,4.013001633345893
2021-03-02,4.7493856849730935,1.4835162146564809,1.4483448833544257,4.0747520942546425
2021-03-03,4.789068785791322,1.4978338006267453,1.4427468241889345,4.059002597314717
2021-03-04,4.862041757541618,1.5264170857466326,1.449991077749927,4.079383473242969
2021-03-05,4.864024282294332,1.5405149346526659,1.4478830491861387,4.073452776829591
2021-03-08,4.837708200668669,1.540819462949492,1.450978053307946,4.082160215694465
2021-03-09,4.7862807808331915,1.5553867367825163,1.4749079452051268,4.149484219972708
2021-03-10,4.885572574240861,1.5192285597151325,1.4330659289470036,4.031766509684845
2021-03-11,4.984428112777163,1.5233029790253472,1.4167105018266752,3.985752392690392
2021-03-12,4.968602078057556,1.5165898603626473,1.4109211855522663,3.96946481582623
2021-03-15,4.843677717701784,1.5374376621043038,1.433932131297079,4.0342034705776415
2021-03-16,4.863626612807103,1.5132178722842442,1.420548680240988,3.9965506671287434
2021-03-17,4.8235560380700315,1.5358768343210194,1.4329476061993054,4.031433622214793
2021-03-18,4.7510261020780655,1.5224205529250479,1.4464409114064416,4.069395487709049
2021-03-19,4.745653702714146,1.5428604451918233,1.4542618836900063,4.091398895569858
2021-03-22,4.8389971981304125,1.5385715253769383,1.4417346775814341,4.056155039004534
2021-03-23,4.731095267065216,1.5553102519162445,1.4887856721814416,4.188527611992199
2021-03-24,4.840344247253834,1.576618645933016,1.4748958077774512,4.149450072713025
2021-03-25,4.70318989671457,1.5635299144093153,1.4738463647122722,4.146497585099898
2021-03-26,4.721405017208258,1.5412956759909295,1.4317091097244203,4.02794925453223
2021-03-29,4.777377316819095,1.5206487662027246,1.4089618626791973,3.9639524858058635
2021-03-30,4.74385626833526,1.4996872335726963,1.3881738874622855,3.905467903491296
2021-03-31,4.6433365766153445,1.5433424405184146,1.452571810150718,4.08794589028125
2021-04-01,4.733584645345045,1.5478256387177567,1.4589866373608513,4.1570815737917615
2021-04-02,4.733584645345045,1.5478256387177567,1.4589866373608513,4.1570815737917615
2021-04-05,4.716268470177508,1.5537876593941333,1.4621460630569032,4.139619100848374
2021-04-06,4.718877317654505,1.5528180407857461,1.463079577560853,4.164778469333118
2021-04-07,4.694461993919382,1.5396679233964374,1.4508868182205612,4.129948964975381
2021-04-08,4.682544165264324,1.547990679917262,1.4583931932318652,4.170593693641269
2021-04-09,4.663827169892482,1.532438866496906,1.4436818312166417,4.173760842432265
2021-04-12,4.672124532325205,1.5241987742516114,1.4362430674044706,4.142282303036564
2021-04-13,4.686729762031898,1.5254587492836074,1.4380836195542215,4.2121638296413355
2021-04-14,4.667084510386731,1.551293158915354,1.4639541032948018,4.3292038476846235
2021-04-15,4.6613768929368256,1.5503057152340747,1.463092159270841,4.316433482060058
2021-04-16,4.72150151899575,1.5707819195883461,1.4807831078935378,4.370287643509128
2021-04-19,4.720504718565912,1.5606931698219502,1.470403476162558,4.345852141311445
2021-04-20,4.7437565428118775,1.597726422970121,1.5035542454797555,4.416462001168078
2021-04-21,4.7563782666310646,1.6135920754448168,1.516396217566957,4.484524064182656
2021-04-22,4.767788049219574,1.6312995308813656,1.5288293514363496,4.58080416800741
2021-04-23,4.728273219117044,1.6149097807072286,1.515131097045085,4.553053862287261
2021-04-26,4.765195866922373,1.6223449283258278,1.5190245651589185,4.635153483155197
2021-04-27,4.824806354032662,1.6284286050467414,1.5272776812853779,4.66933426086246
2021-04-28,4.831893393389847,1.6502543721461147,1.5485616575007317,4.712923545681697
2021-04-29,4.861235945298331,1.677286600653818,1.5737613441929685,4.806634307501013
2021-04-30,4.871035543867545,1.7079227321994952,1.5989552695810163,4.805869244677258
2021-05-03,4.833743710314144,1.7197489523331586,1.60800681478449,4.831979012886687
2021-05-04,4.816565445723373,1.7535955593242116,1.6428481248404663,4.886546657656684
2021-05-05,4.715315076597229,1.728190597161026,1.6188818578103044,4.8877212783094395
2021-05-06,4.696640288256639,1.6952270940285703,1.5901830475364325,4.808356815203538
2021-05-07,4.723218234282438,1.7018627224374896,1.5899955059125361,4.821285461937973
2021-05-10,4.6739663469459405,1.7115728839313378,1.5920784188505142,4.797221666870659
2021-05-11,4.6668456754328185,1.7564060765363452,1.6247705586056993,4.875799727433743
2021-05-12,4.608750134459911,1.7888280570635562,1.6291525977274635,4.947927613660499
2021-05-13,4.647584357811611,1.7460175898481567,1.5742987830762172,4.874926859591299
2021-05-14,4.654383988314419,1.7648643812471365,1.583481043348644,4.9155068897788246
2021-05-17,4.6682116488584535,1.7647361370909442,1.5736695308870765,4.965264597451155
2021-05-18,4.559950557669089,1.767398112861297,1.570147605528219,4.956967343336377
2021-05-19,4.56178594334535,1.7598752259107122,1.5601974490649908,4.9108222022017065
2021-05-20,4.629530104363126,1.7494116082171185,1.5577366666912176,4.8481130388519365
2021-05-21,4.580318456805163,1.7460949549779732,1.5509742402706557,4.8530725505824375
2021-05-24,4.510431009948055,1.7837672016415835,1.5883794429238502,4.888984517374451
2021-05-25,4.495355717791222,1.7636681538333623,1.5763115091008697,4.859078392327794
2021-05-26,4.482247282573286,1.7332666299079134,1.5569116435866213,4.802687965353156
2021-05-27,4.542231866459735,1.7659753136941019,1.5955120700045333,4.93948165929136
2021-05-28,4.482760602333925,1.7500372965498867,1.5892512245790693,4.8199683771089505
2021-06-01,4.485885018295779,1.7550265707202224,1.5982955988080358,4.798948404200291
2021-06-02,4.422541180108025,1.779845279675298,1.6161284422009166,4.874368065683482
2021-06-03,4.386298776323712,1.7759448898418948,1.6036039968952038,4.8229374171344706
2021-06-04,4.388638329497039,1.7818245636417878,1.632352694154325,4.857305306246818
2021-06-07,4.4280800882969436,1.7637265755407066,1.6255740937222765,4.7904240384631525
2021-06-08,4.3717069657673875,1.7719922056749893,1.6398411798539634,4.786752333416339
2021-06-09,4.350371851866792,1.7747757753392464,1.6257777462016758,4.789434057191978
2021-06-10,4.314838637222815,1.7643748031315818,1.6043758317897248,4.821599575824571
2021-06-11,4.34740835975625,1.7529481139669505,1.5793850446123212,4.735578697963691
2021-06-14,4.3100666051326355,1.737535729337362,1.5459110773840723,4.732038464269858
2021-06-15,4.31992053005656,1.7673684899077828,1.5671644276423242,4.774522447033333
2021-06-16,4.3714716430740985,1.7426266083138242,1.5585713866099866,4.674868722489087
2021-06-17,4.218726575403808,1.6812866033741596,1.4990631922008724,4.557265467632845
2021-06-18,4.318017987505124,1.725828446808439,1.5404467222601617,4.606290610700666
2021-06-21,4.238728516397273,1.7618221926578934,1.563337544149005,4.734864218675812
2021-06-22,4.199037639142974,1.739008294555032,1.532391104859435,4.703174534899411
2021-06-23,4.140319761778074,1.7184063901536124,1.5269653174215896,4.7047340294353805
2021-06-24,4.086949620534962,1.6994844351379055,1.5246708178430681,4.691266780469048
2021-06-25,4.028004293541927,1.6502308385825837,1.4818719020886506,4.622128979083108
2021-06-28,4.084663273596067,1.6633100414762176,1.5043026693880541,4.6848104716844166
2021-06-29,4.035926400051369,1.689935318884109,1.5174995198810104,4.75931380777066
2021-06-30,4.1879037029688515,1.7385650402168555,1.5672999824378833,4.74914864857869
2021-07-01,4.167602714212394,1.7468711053826216,1.5534649180741356,4.683748946144528
2021-07-02,4.1478295386712585,1.7706174660920193,1.5601912745416484,4.680526454109864
2021-07-06,4.065070424172228,1.7258951983831843,1.547873264584435,4.629265512125383
2021-07-07,4.096998253206925,1.707121479106985,1.5401088635506597,4.604684164065723
2021-07-08,4.047329114916785,1.6983444441069495,1.5296718747912383,4.572802143302525
2021-07-09,4.025700748730111,1.6901112086042815,1.5255352489577545,4.595414886074466
2021-07-12,4.059634154697751,1.6681661587841266,1.499752497124659,4.571919943572999
2021-07-13,4.1169389418191775,1.6776243787247922,1.5103369050046078,4.584744342972024
2021-07-14,4.211732144887881,1.6567696165322852,1.4936350874781597,4.535955792155321
2021-07-15,4.208636070759786,1.633632104983024,1.488566096670185,4.499789506247487
2021-07-16,4.216195537549026,1.6515989100160098,1.5096012957973148,4.532352554837303
2021-07-19,4.312767949479124,1.631732933024006,1.4663350882638897,4.349705018539298
2021-07-20,4.325348456698051,1.6160474072915387,1.464452123857308,4.355775632474711
2021-07-21,4.270207367741972,1.624877517392035,1.4831821736690183,4.416631521531198
2021-07-22,4.230337182465286,1.5844449840676365,1.4991844453324157,4.498082305049215
2021-07-23,4.155414828409789,1.5890697028984404,1.497239374071337,4.494834856880278
2021-07-26,4.211146103615723,1.5697175751659571,1.5237105966626918,4.620136355118096
2021-07-27,4.193084175370283,1.5537955069563505,1.503418145581327,4.559250201291518
2021-07-28,4.157628587411836,1.5597627436354917,1.5065556395589337,4.590357704366623
2021-07-29,4.143971135610911,1.5899172185893427,1.5135752882853615,4.616789683667065
2021-07-30,4.092268132046375,1.6132627638341848,1.5158222506689691,4.5815741400805
2021-08-02,4.04359238729505,1.6080398748290172,1.4821038015852852,4.4768690631420895
2021-08-03,4.026129140739656,1.5785938096700327,1.4594550274514788,4.454918656498623
2021-08-04,4.084334362918162,1.5847839135532398,1.4417392969277638,4.383979681240391
2021-08-05,4.140152795582563,1.5777992835197574,1.4728755638425617,4.431679472109534
2021-08-06,4.112050263612016,1.566918524911608,1.4783970031783347,4.4340103413409935
2021-08-09,4.135930222220263,1.5331410772048757,1.4867921219019578,4.450775178953708
2021-08-10,4.068986068240035,1.5145900758173,1.49035730403041,4.501269741324292
2021-08-11,4.033692454670171,1.5150377268818858,1.4981064895196563,4.571275763071636
2021-08-12,4.034522010584103,1.499447054315763,1.5112175298646644,4.581114683868755
2021-08-13,4.053563456027876,1.4901842679898052,1.5126552258499966,4.528482056333701
2021-08-16,4.029787682062977,1.489698616827192,1.5093057423314378,4.499115504127698
2021-08-17,4.08824577344877,1.4736288964856405,1.4998499669907168,4.485571968051008
2021-08-18,4.045661120798126,1.4633998748213168,1.489673017554734,4.507364133676024
2021-08-19,4.065099712088739,1.4355557850820901,1.471855264530867,4.465816001824516
2021-08-20,4.137082904807517,1.4031874265867879,1.431311452182122,4.300101357364519
2021-08-23,4.110160268624086,1.4266505080929932,1.4567361904463612,4.331164184537286
2021-08-24,4.144420316794537,1.4532347779931896,1.4750603110349043,4.396036394674122
2021-08-25,4.161073692908695,1.4727427987582646,1.5111053046790206,4.507789169339883
2021-08-26,4.112892380750818,1.476875237715698,1.4772556279001832,4.432029032037248
2021-08-27,4.11212375783225,1.484880254006279,1.4800177041264702,4.3920143083626275
2021-08-30,4.1103963113703905,1.4640917691293496,1.4999591952146976,4.484361015051565
2021-08-31,4.067487389734909,1.4721820508359562,1.4788371312742423,4.423824824337484
2021-09-01,4.0219854268216,1.4353580425995351,1.4417154405033488,4.273232778879005
2021-09-02,4.05147605487263,1.4409947975200639,1.4554340301564472,4.295536946427167
2021-09-03,4.050331280982802,1.4439567787602423,1.4176871212496112,4.262460289632669
2021-09-07,4.03349840165226,1.4427019942478745,1.4043730196551036,4.28259238083478
2021-09-08,3.9660450431786214,1.4472779941012281,1.4099057616365707,4.264609807130973
2021-09-09,3.932509272049282,1.443398679940942,1.382377340709652,4.1903747545599135
2021-09-10,4.006226850730472,1.4634962663115727,1.4088657813153693,4.258932895862486
2021-09-13,3.983438188010251,1.4386108728906861,1.3960343726152122,4.2030463891610355
2021-09-14,4.029770442609461,1.4429693196447113,1.4003709470372026,4.223753603161463
2021-09-15,4.076115598158497,1.4298071115191278,1.4314416264701015,4.237441240063373
2021-09-16,4.051153857400628,1.4119585598736142,1.4409063112342666,4.278119008521324
2021-09-17,4.039571029710967,1.4249012721640018,1.4449881581617536,4.319243937227092
2021-09-20,4.077165187544194,1.4171973193320924,1.4292819752294033,4.301732454830336
2021-09-21,4.0605858976155265,1.417375381304217,1.4210749754424719,4.241597906156228
2021-09-22,4.048452785924698,1.4100781105675455,1.4340938949628377,4.234445398508882
2021-09-23,4.053153734773319,1.3881104723412012,1.4634224792204704,4.231575264752796
2021-09-24,4.011680151317009,1.4010632666481713,1.4829960879188346,4.260512057478032
2021-09-27,3.989562577887192,1.3974359387155557,1.4821310508685968,4.199004320838251
2021-09-28,3.8752623951102816,1.3964738952997757,1.497759407436913,4.186902702997933
2021-09-29,3.931323117820875,1.4253196110749589,1.5272892598845942,4.268838351791599
2021-09-30,3.856971859416531,1.4089732670341888,1.519850081554308,4.174170244069609
2021-10-01,3.871253368745142,1.4058786339254725,1.5249103383810072,4.258519108125907
2021-10-04,3.9002998486127107,1.4188918779017279,1.5187878013512355,4.323736475212097
2021-10-05,3.862118984112076,1.4505006595724779,1.5284808156595424,4.380203689336804
2021-10-06,3.9381200533609717,1.4535664850350214,1.5399624196406017,4.2397002590031025
2021-10-07,3.9441520477204715,1.478926121164255,1.5753714842397566,4.318319932522204
2021-10-08,3.906883282288478,1.4948927061670199,1.5923783069064565,4.327212991864759
2021-10-11,3.9435075766720966,1.509320209627739,1.631930768198988,4.36097463784421
2021-10-12,3.8504766831800996,1.4584816268608425,1.5949492007705532,4.411505836300768
2021-10-13,3.783013040660896,1.468116927262735,1.5827868645712773,4.3785631849877245
2021-10-14,3.804373965459089,1.466999281654539,1.5843869572147564,4.377804210301203
2021-10-15,3.8990154597761895,1.5026012075670112,1.6154519696550658,4.39831379405736
2021-10-18,3.985154968289469,1.528653357325555,1.6472075030414235,4.415485718124451
2021-10-19,3.99102162116722,1.5052219354850822,1.6227059194478883,4.366596188659537
2021-10-20,4.043308616378901,1.5186847795975558,1.6485179079794432,4.383566446329533
2021-10-21,3.9972839577263315,1.4995079273470713,1.6097499405946039,4.359123952243126
2021-10-22,4.016859200108289,1.5006656027964214,1.5955602670737494,4.383281370612239
2021-10-25,3.940930097136412,1.4962602094398743,1.5881539024222826,4.500303252780019
2021-10-26,3.9624549224549295,1.498471216590178,1.6279698062055168,4.554817812468915
2021-10-27,3.991847915650677,1.4844000446843284,1.6018638280722777,4.524880980848207
2021-10-28,4.059942469612856,1.4989130212681303,1.6273239764159662,4.460004990428067
2021-10-29,4.129328550413456,1.515109733264016,1.6717113389376863,4.475981376397437
2021-11-01,4.23472544475792,1.5218987066135545,1.70581660076585,4.545861761265405
2021-11-02,4.155822751594046,1.5331570620443575,1.7101043085633987,4.4980021396713825
2021-11-03,4.137679878744782,1.513761697661534,1.6835023730662506,4.386007452207671
2021-11-04,4.081441545694453,1.5047289707119196,1.6586571280662197,4.332325026779161
2021-11-05,4.075151717353443,1.5403414277452467,1.6777640700851892,4.315572244073701
2021-11-08,4.076033883151116,1.5281045017631794,1.644800715770386,4.261464494110475
2021-11-09,4.176401708617855,1.5498527295511644,1.6759286373802917,4.332245175772436
2021-11-10,4.181220722493348,1.5295165721186843,1.653116667214956,4.370932376925844
2021-11-11,4.157928039812472,1.4986843214425078,1.6234123499633992,4.281240869084492
2021-11-12,4.259123515978431,1.5035183442538875,1.6300264217732656,4.316721944391932
2021-11-15,4.2458261316380295,1.4816132533152555,1.603791336076211,4.265707017555833
2021-11-16,4.27363551422502,1.4852343008412745,1.6104419658981657,4.2622869467908115
2021-11-17,4.331932297322087,1.485613857809236,1.625037685305557,4.2776837099463
2021-11-18,4.301224616258398,1.4953990118953948,1.637064000135455,4.361247720419897
2021-11-19,4.276739119838081,1.4734001670669175,1.6217952732693395,4.293676270088367
2021-11-22,4.293972745664165,1.4705534237863342,1.633002273622479,4.407105634640519
2021-11-23,4.265689913641211,1.4688786515189667,1.6918206493052053,4.523968464873041
2021-11-24,4.264690114430643,1.4622209963763362,1.697836728770569,4.530476827383628
2021-11-26,4.13033481491625,1.3870555204129729,1.6233490473496348,4.337488567387978
2021-11-29,4.202966617004833,1.4251691228523093,1.6605875336502942,4.418815072527205
2021-11-30,4.1953168774222,1.4140429297207713,1.6319392169809561,4.3826155095282715
2021-12-01,4.1967797418884425,1.3839107094654883,1.6147195049224328,4.327898821884961
2021-12-02,4.251094712054482,1.3561565474388386,1.6065062252293256,4.347299081880827
2021-12-03,4.228587669496619,1.3527050913268892,1.6299742928594088,4.372172105441425
2021-12-06,4.333541788026549,1.3394268190644798,1.6371666274980594,4.358709432576039
2021-12-07,4.348026818817097,1.3625021489581473,1.6407608873935136,4.354183051577813
2021-12-08,4.321476958916216,1.3849488833954742,1.6555082062775976,4.338159453475534
2021-12-09,4.320477559844962,1.3845628155664553,1.6526538822353185,4.312561706881024
2021-12-10,4.310502375661325,1.4110051505409729,1.6487396040996525,4.317130215029671
2021-12-13,4.289107824923969,1.3982858084509517,1.6319627098594407,4.290817799021166
2021-12-14,4.35387771210743,1.395183228181629,1.6327747800082641,4.290904865042164
2021-12-15,4.3229490262027435,1.385671794409639,1.6400775722348635,4.290048049021369
2021-12-16,4.4147925676849775,1.3854322948489348,1.6318841280576646,4.293685826949408
2021-12-17,4.427587343632921,1.3656062323230116,1.5966244525778595,4.233436777356399
2021-12-20,4.404686076378899,1.3607706007138531,1.5610085794591477,4.183062395657303
2021-12-21,4.435046995285269,1.3683467085986027,1.5898512811188545,4.297537088627499
2021-12-22,4.489436333713538,1.367573475273954,1.6073370877060853,4.325907961136286
2021-12-23,4.564527586627012,1.3637984700337875,1.6030926448001774,4.329070844249816
2021-12-27,4.5380581728527245,1.4141886230519987,1.671959971430844,4.4930058609214525
2021-12-28,4.467557860010158,1.4080502171899782,1.647226930415828,4.40138512051115
2021-12-29,4.453509305234588,1.4116225317470001,1.6678058291605329,4.450448419564453
2021-12-30,4.496128664649982,1.4029246691892165,1.6354563615272,4.367839208818076
2021-12-31,4.487752958496821,1.39668341783982,1.617494997731618,4.290507397864376
2022-01-03,4.4980552672208125,1.4124910520298541,1.643688197096344,4.355680518888887
2022-01-04,4.488369634043296,1.3883382143731446,1.6737360223836693,4.4549847785967005
2022-01-05,4.461530282899575,1.385009156888168,1.6800252424446247,4.460938550521651
2022-01-06,4.446709297465828,1.3804415477127432,1.703719825972236,4.483885623654235
2022-01-07,4.46603920179695,1.373069017075212,1.701550433910197,4.512906359884595
2022-01-10,4.5032613745909895,1.3948728461230382,1.699031535025343,4.531398105376004
2022-01-11,4.546752758347123,1.3877613065615373,1.702522041504195,4.579822291480469
2022-01-12,4.592886627535422,1.4278715070719075,1.7651109391859985,4.693905828398234
2022-01-13,4.498222480741145,1.4102143542839458,1.6826071817250858,4.539577185457931
2022-01-14,4.467656688849442,1.4017565920319583,1.7110248531203687,4.542642046407443
2022-01-18,4.54422304550164,1.4140806987417849,1.722071729350426,4.603977767538122
2022-01-19,4.519688169833066,1.3891425195228322,1.6981910328053955,4.613660798530923
2022-01-20,4.482733828863555,1.357081865996438,1.661397019429608,4.534095741572101
2022-01-21,4.5470056887641475,1.3688237162634596,1.6727852514358794,4.5618848416938995
2022-01-24,4.605389969997713,1.3831994311940916,1.6817123436977526,4.624455448173834
2022-01-25,4.6398858246833905,1.3804080528017308,1.7043819406167402,4.725306706135581
2022-01-26,4.661930375488485,1.380862323734835,1.7290298169502407,4.8204729086809195
2022-01-27,4.7608579656535985,1.4065620109373198,1.7666539187120285,4.908125202251516
2022-01-28,4.834513908896547,1.3990500948680544,1.8357383193434136,5.0354877138042635
2022-01-31,4.7839827762919,1.4271979111968804,1.8727066817130715,5.049595020704643
2022-02-01,4.74538266188329,1.4113318410928744,1.8517477684482926,5.026315519802957
2022-02-02,4.845220231764081,1.4375327105166869,1.8788039551274902,5.111619336480722
2022-02-03,4.72434034952005,1.413673722807309,1.8624216709223138,5.059889945897005
2022-02-04,4.612697871377388,1.3916409227319593,1.842363505441014,4.973802598984444
2022-02-07,4.539961505689029,1.3709075260039345,1.806272284086767,4.921927839873872
2022-02-08,4.5139151426172655,1.380168412688601,1.7905057185708733,4.9555219516584135
2022-02-09,4.427046181073957,1.3489937603930855,1.778842834059471,4.945161358143697
2022-02-10,4.412585099643904,1.339015100375139,1.7737837849819433,4.861094632321357
2022-02-11,4.3931847809927564,1.327016041683579,1.783068452515024,4.909858707456439
2022-02-14,4.426534868777667,1.339377533859678,1.8060402742890203,4.930549380589217
2022-02-15,4.461778483573555,1.3411718416300205,1.827114007054234,4.911566125114699
2022-02-16,4.572116700333088,1.3509767600558575,1.8456762677663932,4.992208439994503
2022-02-17,4.56224370529917,1.3336333513391463,1.8130685241633988,4.919218365715863
2022-02-18,4.594826162621284,1.3273434502540082,1.7943169847595182,4.91862173144568
2022-02-22,4.6098385775146005,1.297592274337785,1.7789754026603621,4.977229896650585
2022-02-23,4.635982524084512,1.2968334954516973,1.7599763686299577,5.055083865125136
2022-02-24,4.662535139493168,1.2936764134112693,1.7586531922110615,5.117586376655827
2022-02-25,4.630231226826176,1.3128399881960453,1.7688344224598433,4.976384201424654
2022-02-28,4.629742973782693,1.3214374352836877,1.7759442561613052,5.261021882917038
2022-03-01,4.6961660079946554,1.3177061035130566,1.8190256084611585,5.486356512318695
2022-03-02,4.8086556346480664,1.3184879531899802,1.8424921322889327,5.527368912106373
2022-03-03,4.684923554396497,1.3090520175835008,1.8023770519406048,5.522994763152632
2022-03-04,4.754384407437556,1.307747493669679,1.812215792738838,5.521032030349695
2022-03-07,4.844851012990349,1.289862316843724,1.81848930109917,5.453904825414718
2022-03-08,4.891637219958517,1.3088633953758815,1.7981769577275577,5.389062753940702
2022-03-09,4.7331453395219585,1.2957732196973617,1.7691920019376057,5.329144349420785
2022-03-10,4.624742138822424,1.2931267453020219,1.7706843153431007,5.368063428772586
2022-03-11,4.73571043589514,1.313662564242249,1.8228491389279813,5.4583357138265365
2022-03-14,4.587526792788171,1.3196673319076297,1.7676314308637326,5.453800827026074
2022-03-15,4.376634912057643,1.3071167204790768,1.7331427940083433,5.554051603434414
2022-03-16,4.496814692616952,1.318031507357759,1.772939119529364,5.544800186211965
2022-03-17,4.635868675074442,1.3251800790860748,1.8349856116026129,5.625703641352512
2022-03-18,4.670215474648373,1.3680374080344329,1.8359316623487119,5.629344494187715
2022-03-21,4.746723911735146,1.3861308425126155,1.8841931159822556,5.794141524489578
2022-03-22,4.787918359563303,1.3585254893939749,1.9122272693312656,5.850850603851453
2022-03-23,4.845554218874957,1.3685105872858934,1.9274088561506038,5.881517844292093
2022-03-24,4.841105304919612,1.364188488587063,1.8959356540369914,5.825721459290724
2022-03-25,4.881437586400153,1.3945425610991748,1.944751621427526,5.987768392202271
2022-03-28,4.734610954726193,1.4024697684982397,1.9294514316375468,5.923358722292765
2022-03-29,4.764545747674268,1.3999502299111837,1.9187775262521762,5.744501582793528
2022-03-30,4.86724125490759,1.3950888461471158,1.9465935920919568,5.859072230751488
2022-03-31,4.698840958286176,1.3737904974151753,1.915101982760078,5.844206562622122
2022-04-01,4.691203299251163,1.3882522709699265,1.954027030677456,5.9285694328611
2022-04-04,4.73858403463022,1.4148792578906906,1.9745948411791396,6.054399254631361
2022-04-05,4.617029245267455,1.4058596538699557,1.979575760194738,6.2393375436332486
2022-04-06,4.514092868822115,1.3837919158813408,1.9483228006391513,6.195769930126787
2022-04-07,4.4935626845424785,1.3768597261584004,1.9496881094775818,6.215475878424829
2022-04-08,4.589835448914598,1.3977288070152634,1.9388611210302482,6.281245507542921
2022-04-11,4.484317083231754,1.3612928487194706,1.9307454155582569,6.445888449437904
2022-04-12,4.584758373357288,1.3889268137133677,1.9725365418513947,6.5022195323332115
2022-04-13,4.593149200810404,1.4195542953102225,1.9927184508837306,6.609405505116483
2022-04-14,4.571814288299957,1.4204733900627533,2.019006650202832,6.601437000612596
2022-04-18,4.519486966283055,1.4251629442118199,2.0229053565718313,6.81831346690972
2022-04-19,4.476131246640462,1.3951460476573048,2.0051825047762364,6.585539126395112
2022-04-20,4.474132392740913,1.4008338696448548,1.9874492053515942,6.487082950388675
2022-04-21,4.472071271026607,1.4073926666462682,2.007767939985141,6.5057228489789525
2022-04-22,4.450053976242937,1.4429530146730674,2.0250753879493164,6.629806368213813
2022-04-25,4.362965279182832,1.4434643791224444,2.0642446563277383,6.70283881018138
2022-04-26,4.464882423429551,1.425194338420901,2.0897967812366676,6.636628541365043
2022-04-27,4.438789632170702,1.4441293863516511,2.114577624343376,6.701662035436274
2022-04-28,4.656938494020517,1.5046314275832442,2.1637903828685925,6.762136388039307
2022-04-29,4.58899265179365,1.4890958954266718,2.157719231335739,6.800192056565677
2022-05-02,4.688900193389196,1.4910794086318726,2.1780703375449995,6.833436762283582
2022-05-03,4.636018111239613,1.4778310999810318,2.1957950698906648,6.9719521675719065
2022-05-04,4.669350202484486,1.4811148971417822,2.2890022179298906,7.160620230506174
2022-05-05,4.5197945130571044,1.449109472339317,2.27552134937325,7.064360848165048
2022-05-06,4.489109011715104,1.4797633031746182,2.2298780323029113,6.975772591182073
2022-05-09,4.494358108629392,1.4940807353190486,2.1768253996821367,6.728786160285376
2022-05-10,4.358157502196875,1.4700673968071314,2.1695755312887175,6.700795088629514
2022-05-11,4.46962284934473,1.4461289483080664,2.2399568122743148,6.806909066664975
2022-05-12,4.39578851963363,1.4753358392443963,2.2990819976860837,6.9125792919286875
2022-05-13,4.43554020183969,1.4884583839893153,2.269166731514539,6.966292163031749
2022-05-16,4.436737100319253,1.485684712589008,2.2859698776838955,7.076461250503844
2022-05-17,4.384420883527693,1.4439289268180875,2.2675881142234044,7.031430255408793
2022-05-18,4.340930978705802,1.4260873344009588,2.237445694768243,6.91992297915697
2022-05-19,4.459808460076662,1.4345287861764857,2.232732003910818,6.9508400994311925
2022-05-20,4.393610177963436,1.4541884133440768,2.2052582089646053,6.966468560837133
2022-05-23,4.3263850465411045,1.435740304609102,2.230240367682681,7.038934783698169
2022-05-24,4.401879060421192,1.4580810408277298,2.243004985859141,7.171288959766295
2022-05-25,4.441600396470112,1.4637141910482496,2.2984895437003416,7.277960498827361
2022-05-26,4.477916321512782,1.4667867700028343,2.281913016722649,7.396318102890851
2022-05-27,4.550685395189942,1.480298855471011,2.2923028764522333,7.4094173988437495
2022-05-31,4.68495132719645,1.4723028428174458,2.2889183676894853,7.2995280207534
2022-06-01,4.7110496831852435,1.4322120233076858,2.269161934333681,7.423491304318798
2022-06-02,4.709740288384396,1.4623501254969618,2.294946394808068,7.51064580634998
2022-06-03,4.827282547297089,1.4933424046627828,2.358006879343456,7.630704520439079
2022-06-06,4.827167315626319,1.4393020570219568,2.345510114164068,7.595154059963262
2022-06-07,4.8125724697173204,1.4725648938202691,2.3671501967107114,7.655813055994736
2022-06-08,4.793751120139343,1.5158451747154138,2.3566073142415407,7.689127163875301
2022-06-09,4.716381565708878,1.5350358730564961,2.4163208939722534,7.866712297115054
2022-06-10,4.699184763218377,1.5303576003393913,2.392948394912726,7.744572774752738
2022-06-13,4.745586416356261,1.5434571482986215,2.4403645609707687,7.691327176599204
2022-06-14,4.584271315554456,1.5757717698049818,2.372782882607436,7.474134384963425
2022-06-15,4.5671141345829716,1.541301839469885,2.3357820485585936,7.389060578383947
2022-06-16,4.483228720387576,1.5332706396675928,2.31511571395862,7.357005637215824
2022-06-17,4.429196574506158,1.5331753793388618,2.2582152675440015,7.151904179366438
2022-06-21,4.458004340670552,1.5124993249642162,2.233199477684006,7.138009713771042
2022-06-22,4.382978304604564,1.4965266302270377,2.2192863574003727,7.113568911458748
2022-06-23,4.308236997861338,1.4827813425426597,2.1592234769857366,6.849488081250928
2022-06-24,4.1510175646096465,1.4590204453700952,2.1233193608814336,6.670840736552818
2022-06-27,4.220235599513569,1.4747529801288177,2.1423051178845367,6.848482823076465
2022-06-28,4.246128953633718,1.5278157365492049,2.1610211174319143,7.015076013580866
2022-06-29,4.261650760434805,1.550019240097312,2.164824855039665,7.171584445523855
2022-06-30,4.145674281229305,1.5736619025962706,2.0668142861325225,6.977869399135572
2022-07-01,4.1843167868226185,1.5823739739860212,2.1269025280930345,7.062823494234222
2022-07-05,4.1819398200767335,1.5491649776105616,2.0732670547350978,6.848112796486275
2022-07-06,4.157032186298551,1.5632179306409042,2.091507958832518,6.857427462327771
2022-07-07,4.069461786783216,1.5303415856515392,2.148812496922488,7.028164266776189
2022-07-08,4.076276946951189,1.5532944322067188,2.1456092569356415,6.945105401411964
2022-07-11,4.067670142077263,1.5609287884949419,2.201306133342432,7.053611512234948
2022-07-12,4.104359529431396,1.5107712256127994,2.133903321370608,6.806517273196305
2022-07-13,4.0310465017021615,1.4889888683421915,2.182491373299873,6.900789493846343
2022-07-14,4.01854174163919,1.5439873533086226,2.2558143529206314,6.972229630320459
2022-07-15,4.051019019515263,1.4964053466595706,2.2393869026255877,6.960280410459058
2022-07-18,3.9751332460690616,1.4759236256446908,2.25180269121159,7.166229745594607
2022-07-19,3.9828745152627483,1.4892539318593012,2.2236322005559876,7.23718902766876
2022-07-20,3.926881474421469,1.4429760788043928,2.2428319134581987,7.295626365914854
2022-07-21,3.8868024766172695,1.4207774382128053,2.2076080866856014,7.202724185681954
2022-07-22,3.8605073658342555,1.427500978487016,2.256474726325827,7.299732153259778
2022-07-25,3.788472727275038,1.4374424037446922,2.312112621227102,7.433726733900814
2022-07-26,3.7053629338718452,1.4477223061466817,2.3222844461336334,7.5248528169670115
2022-07-27,3.662302514496852,1.4928800943139469,2.325733810002526,7.738303799778142
2022-07-28,3.670413269415364,1.5069623606031637,2.297749082562523,7.613023188572104
2022-07-29,3.6506995318236757,1.5291014044919362,2.3295382564982843,7.740480135410289
2022-08-01,3.725932005853461,1.4739622876931107,2.268936995702712,7.5018273078876865
2022-08-02,3.8587607255607512,1.5020893837439486,2.2275476253568898,7.417620730555673
2022-08-03,3.833323964494416,1.4606286557991048,2.2035724213910886,7.46101427790883
2022-08-04,3.792405246392225,1.4508331924232314,2.1794618944383384,7.427476889211337
2022-08-05,3.8337959900558527,1.487071937048165,2.213278414976691,7.4455395700583855
2022-08-08,3.7768585471764164,1.503271471529855,2.2183645573801423,7.411337058678296
2022-08-09,3.7755804496271925,1.511880922373409,2.2390793988386823,7.471719766036452
2022-08-10,3.7415934615829753,1.4888730107122863,2.2147123125709514,7.512830636957131
2022-08-11,3.59892812594209,1.4976276367933061,2.2677222966642643,7.715379333277708
2022-08-12,3.5379407494716575,1.5037959650536643,2.257833439390571,7.653721845066601
2022-08-15,3.513030961745312,1.5008074735858612,2.2221062433093377,7.503021680409844
2022-08-16,3.5370605781208067,1.46848561574463,2.1932093264803276,7.386602168493835
2022-08-17,3.5948348877262073,1.468945223572012,2.2365950812267745,7.424305174239617
2022-08-18,3.6406485253251235,1.4996735675701118,2.3022622220131352,7.558421195548673
2022-08-19,3.5646742339331663,1.5071296341764304,2.3078896896682424,7.594676167569726
2022-08-22,3.4614065480149985,1.488737594861894,2.333316156793012,7.732482321559787
2022-08-23,3.4234161856935184,1.5050131600968095,2.3579173685437436,7.795950836447816
2022-08-24,3.340886548721909,1.4690121762132755,2.318197381110632,7.75992281454883
2022-08-25,3.3967147812097522,1.4585536901869405,2.294441041921917,7.730286219296143
2022-08-26,3.3710501796185253,1.5053696782363952,2.319547199665017,7.8342763282441235
2022-08-29,3.322444328537328,1.5031858441064745,2.3178265035678867,7.827739376171805
2022-08-30,3.4096782840292006,1.482065026728227,2.246061572021199,7.718235791862707
2022-08-31,3.3897512028661176,1.4936715711942943,2.2180675530317315,7.784368521955932
2022-09-01,3.302172298149098,1.4617082364210396,2.1645294790802017,7.736005074434497
2022-09-02,3.417733847477295,1.460976372335504,2.1381484410691964,7.670770443680901
2022-09-06,3.473273981319376,1.4430934704330893,2.0724969098089985,7.406429017152937
2022-09-07,3.461333427045629,1.4099897158959804,1.9951962482545966,7.1207308616821425
2022-09-08,3.452459145889958,1.423303255176773,2.018015313821815,7.149414406289214
2022-09-09,3.51871984721089,1.4275016667289646,2.0474549240427513,7.228108826515905
2022-09-12,3.5070051809358143,1.4444838042081833,2.1043662130319634,7.33612333084287
2022-09-13,3.5178519761774094,1.4413664962508799,2.09952565382387,7.3761787870834326
2022-09-14,3.4264504514550183,1.4195086499766292,2.1271989049174573,7.423146455929134
2022-09-15,3.4737514260262063,1.4203125498877371,2.062005137791225,7.273467424820241
2022-09-16,3.5323255838346683,1.4408012144301685,2.0452561496464527,7.292868194555154
2022-09-19,3.540177718935865,1.4480520865068216,2.05550188411868,7.482465630934155
2022-09-20,3.611827189568612,1.4286553052241773,2.038765005664821,7.518945351007471
2022-09-21,3.5437685017862792,1.4385032134315952,2.0518950365996536,7.4486475200438775
2022-09-22,3.6175525661239902,1.4613803650151878,2.026603095642958,7.382840842578998
2022-09-23,3.529844741395414,1.4572636045399263,1.9907295093383002,7.318619639549678
2022-09-26,3.5469524506147745,1.425877781803953,1.9396464938618543,7.313403525431281
2022-09-27,3.5616509197937556,1.4358670186859874,1.9310344335796739,7.289906963599571
2022-09-28,3.5788953693044143,1.4325194243432764,1.947992945982231,7.379326445396596
2022-09-29,3.656036283793966,1.4245420073555244,1.9286141918015944,7.367887578473985
2022-09-30,3.582612165844045,1.4129108348368165,1.9117345208755467,7.054176908744946
2022-10-03,3.578038832161816,1.4132872373139793,1.9456734401810956,7.090103840522196
2022-10-04,3.4758599477646825,1.4305801549137147,1.9471936643431418,6.958289367578507
2022-10-05,3.479538735029047,1.423232128535942,1.9144078707723142,6.9894218116138145
2022-10-06,3.4282928388224,1.4307562678238557,1.912735352180362,6.870322092437947
2022-10-07,3.3782949748064013,1.4821695354579087,1.9842391582286094,6.882302870478255
2022-10-10,3.422090459911809,1.4769321050539783,1.999584570991533,6.891944303641133
2022-10-11,3.4275953600233176,1.4780189193203725,1.9912536526613527,6.940706602634434
2022-10-12,3.4961393521851125,1.4822302956783702,2.03325755384137,7.217990126630801
2022-10-13,3.42158021035229,1.4517609095484811,2.015825666891886,7.051773237274682
2022-10-14,3.4729675302267253,1.462776490008396,2.034684115121168,7.135920255449554
2022-10-17,3.54243078175339,1.4792396634877536,2.058658443039629,7.1588560835328
2022-10-18,3.6597317820551933,1.4995595570964886,2.083099254874535,7.320042100824875
2022-10-19,3.666296562209574,1.540857795684415,2.148626688963555,7.482292450265836
2022-10-20,3.6937168958305486,1.5171006895403054,2.146125472591144,7.491009818951385
2022-10-21,3.731205470906001,1.537748680601476,2.17860298790144,7.535631215134514
2022-10-24,3.7077441479352724,1.5340699788961405,2.1700231225942894,7.515021962461423
2022-10-25,3.559746145666602,1.5442995919361575,2.2130809920728693,7.471856256231847
2022-10-26,3.588427915674102,1.5301110601965544,2.225475013102687,7.370659872893843
2022-10-27,3.5615723445165246,1.5238972759986982,2.2236719877334723,7.419030244762173
2022-10-28,3.599422552229733,1.5079775396032675,2.2447094520112163,7.550802686216187
2022-10-31,3.6104513757726373,1.4582056339156617,2.1399084711042615,7.515475301689365
2022-11-01,3.6304242252923147,1.4775889107371003,2.1720983579240856,7.599174861225759
2022-11-02,3.64247613866987,1.520635692717187,2.1569620581655116,7.555135807262629
2022-11-03,3.627752693254431,1.551402776356175,2.1882309117424166,7.536434642319601
2022-11-04,3.568440395725953,1.5408879749951052,2.1383580548972048,7.330787792636023
2022-11-07,3.430397000110731,1.4903216189822235,2.073540216132846,7.023519260988582
2022-11-08,3.400207596522858,1.4912177040840566,2.0833835394697253,7.046688761747229
2022-11-09,3.411257433057605,1.5025426718313533,2.1134949121643354,7.21001779062529
2022-11-10,3.3287369861920517,1.4742840864122315,2.023770626613273,6.95693018179245
2022-11-11,3.383402847403635,1.4989562648725672,2.064680411261028,7.072223867742181
2022-11-14,3.3075942942577363,1.4474109321108442,2.026952032132129,7.014988943564773
2022-11-15,3.2731720231011674,1.4538700231590633,2.064623951553942,7.006059347279088
2022-11-16,3.2301853645975553,1.4433343937595957,2.0429249837832413,6.932234677909107
2022-11-17,3.22313800322241,1.4220813954844418,2.0321363553494076,6.946771751443192
2022-11-18,3.2339997395149243,1.4174487416980048,2.0519891476323484,7.040376249011448
2022-11-21,3.286641319954155,1.4065921090330815,2.03599106784131,7.098511041506604
2022-11-22,3.326342117076395,1.4329958859394787,2.0323187087518013,7.129339809230984
2022-11-23,3.2432265724674805,1.402008612553115,1.9992943953626139,7.0471623721295655
2022-11-25,3.261178213387989,1.396118472491628,2.002065216094032,7.130801838694833
2022-11-28,3.2998662519889255,1.4053574806272078,2.047007554293454,7.202062930603514
2022-11-29,3.3075042028060313,1.4139430885618536,2.019898095639368,7.195133013143163
2022-11-30,3.2979485973332943,1.4331206964646106,2.009378113424043,7.1091501305946405
2022-12-01,3.289246919764486,1.4006509917508887,1.94970452227989,6.855142923519366
2022-12-02,3.3286882746495516,1.3657167712080793,1.949945057223702,6.940276918279632
2022-12-05,3.406424259685392,1.3286581653314111,1.9366664665271336,7.099648536379839
2022-12-06,3.4648846339427624,1.320320869899767,1.9285785620622582,7.206990474246998
2022-12-07,3.5892580017189735,1.3150916047148524,1.949499034085943,7.2160858687939955
2022-12-08,3.641266334431155,1.3183559093411275,1.9761590461298102,7.213016138428591
2022-12-09,3.6374523717878655,1.3224268713102516,1.9600458204812474,7.084022900663247
2022-12-12,3.634361631937934,1.309956671052279,1.9584176759955727,6.925059064147197
2022-12-13,3.571798049026749,1.3456453597900107,1.9817024569321826,6.815405422940006
2022-12-14,3.5221612939316866,1.3591752768949539,1.999517669127361,6.993485954586283
2022-12-15,3.626445783510409,1.35350996226401,2.011216774358818,6.866792375745308
2022-12-16,3.6288491983816242,1.3528431194514001,2.0188452566871593,7.048361881378955
2022-12-19,3.5024535219165562,1.3335206879220318,1.976196317401186,7.100621910813842
2022-12-20,3.377900528167519,1.3310357985463968,1.932816056371071,7.153522407731356
2022-12-21,3.369468095912438,1.3416286750844295,1.9442818485253468,7.197925122951456
2022-12-22,3.350667519738027,1.3122750128360292,1.9192586909978346,7.336815681930902
2022-12-23,3.2652487533569157,1.3348031910854539,1.9102929418747185,7.273495766143831
2022-12-27,3.2138125206886374,1.333890743292156,1.9134347748378093,7.265876527729689
2022-12-28,3.2361337766921268,1.2988226866062533,1.8862087669248178,7.423977204767899
2022-12-29,3.210511778771221,1.3064988477635617,1.8904955541083315,7.482232197063317
2022-12-30,3.181918418163002,1.3145091156389108,1.892774437733176,7.457003151662536
2023-01-03,3.260412793699207,1.2856290658101657,1.8193623359649582,7.245529544311462
2023-01-04,3.317423429233034,1.2956731437175326,1.8312056018667688,7.382893783597052
2023-01-05,3.343705745478109,1.2835298095028986,1.8186338543273992,7.221617676667343
2023-01-06,3.3539410843606223,1.2729847622876822,1.8131154653231716,7.185993534040764
2023-01-09,3.343177103195614,1.2784718316904828,1.8348739946367814,7.207775461480409
2023-01-10,3.366721667596209,1.2857989684529507,1.8616590152271182,7.3113928399277945
2023-01-11,3.3351754987835243,1.3107019820190526,1.8969811162091832,7.434782935062031
2023-01-12,3.3089748053966255,1.2937984957725894,1.902515118692533,7.5102492902947935
2023-01-13,3.3318013412106517,1.2747613259060566,1.878746305931992,7.388533088058725
2023-01-17,3.2757427040413183,1.3024569999504223,1.918553315599521,7.5853746765383185
2023-01-18,3.2690644200750025,1.2844525078522737,1.8766076673419614,7.43315688930547
2023-01-19,3.243745393380755,1.2830034019569319,1.88503756212899,7.42635075503798
2023-01-20,3.230250982415024,1.2905823056953567,1.8463936576877833,7.26096390565014
2023-01-23,3.165246357352839,1.2993534530860087,1.8603109542527467,7.314655931192983
2023-01-24,3.21084981502373,1.2884865390499773,1.8219985851888845,7.236473610953734
2023-01-25,3.234802373675527,1.2837039975362174,1.7999622630815537,7.167646977536954
2023-01-26,3.2208029997201604,1.2933468541232405,1.8034674357928773,7.208114506682129
2023-01-27,3.2215071086194684,1.3013387542343282,1.7959267416915732,7.2298639961728695
2023-01-30,3.313264689041531,1.2871143662598346,1.7849273412704236,7.259593990114607
2023-01-31,3.294930372460974,1.2919816237174755,1.7926259733740468,7.276226233520801
2023-02-01,3.2439649198377767,1.349232300301876,1.837535551668867,7.52800691619555
2023-02-02,3.231596878803804,1.3556303929600801,1.846609398637273,7.558641949911468
2023-02-03,3.1869100481895893,1.4126194359425774,1.90161042134162,7.829235411468086
2023-02-06,3.2036171232362634,1.3930697903008322,1.8830072473581767,7.728741221873761
2023-02-07,3.1832374726792896,1.3545969933565922,1.8601433175875246,7.536280057495215
2023-02-08,3.1331285027633835,1.3815773181319935,1.8988709281094145,7.661297156682992
2023-02-09,3.1264310418952674,1.405871033644863,1.9266498295697536,7.750378017236532
2023-02-10,3.153559908636393,1.3849070598484425,1.9224742190362936,7.649823524613101
2023-02-13,3.1910468490157893,1.359619635402819,1.8944129936144891,7.501040436409145
2023-02-14,3.163551747081568,1.345482322498263,1.8834148025512756,7.440946765947728
2023-02-15,3.1581913351774404,1.350761370033455,1.9132701983495548,7.514306111480357
2023-02-16,3.13480130556776,1.3639590535093256,1.9243027816737952,7.602592862286179
2023-02-17,3.09948562591414,1.3840583154943684,1.9254017433071162,7.682654397597802
2023-02-21,3.080603763522562,1.3765865090939784,1.9298764111369373,7.710385352444858
2023-02-22,3.056054891990912,1.3647459287620987,1.9075414265797364,7.70226685853551
2023-02-23,3.083862754291805,1.371177100678457,1.9060694658233406,7.695668566902826
2023-02-24,3.0672187083815414,1.3786606304800946,1.9064046114015216,7.718927595145752
2023-02-27,3.0706991367327783,1.3831279503442502,1.90445112759281,7.727502723098429
2023-02-28,3.0541458699115043,1.3496390366045925,1.8890499699953263,7.502702533884798
2023-03-01,3.086577303161474,1.3178122049550685,1.8842700593547046,7.457959693274913
2023-03-02,3.0802353820249824,1.304426642799907,1.873403621956334,7.4066818232989355
2023-03-03,3.1649007590688196,1.2766873996294168,1.8625697161749049,7.2981076220662
2023-03-06,3.1463444837654793,1.2987530426789498,1.9052669381341736,7.414706756179214
2023-03-07,3.142722065112619,1.3552244676249807,1.9371534361017242,7.62532789761743
2023-03-08,3.0923782886435025,1.3614705458336769,1.956073388297001,7.718949171139758
2023-03-09,3.143048025157007,1.3837069467399352,1.9551823529465526,7.805728871768657
2023-03-10,3.1304529854125853,1.4043101907225013,1.962295830028355,7.801766898439368
2023-03-13,3.0835009607404906,1.357486639038269,1.8655256846474595,7.481972327956703
2023-03-14,3.0385933330266885,1.3808845884887486,1.8937834495264072,7.639885476734015
2023-03-15,2.9448976304781276,1.4159259650836344,1.9295504175621043,7.92191832080629
2023-03-16,2.975798135125945,1.3966013308512788,1.9149102641878937,7.778236166432342
2023-03-17,2.936091497130033,1.4064414289284204,1.9261924140683278,7.826534046230263
2023-03-20,2.9187826633294507,1.4005253401189974,1.9293037496480285,7.808017124567684
2023-03-21,2.974978143178906,1.3935469811624452,1.8988488929547969,7.675362746681425
2023-03-22,2.9951920048815404,1.3900192345095579,1.9081074191064262,7.66003749979112
2023-03-23,3.019273342298073,1.3871888284479321,1.8833848144488268,7.550644399132645
2023-03-24,2.986751708240638,1.41096899561122,1.896431968875271,7.6065634789432925
2023-03-27,2.9665135039731045,1.400982675718451,1.9273339161097636,7.601412501239909
2023-03-28,2.926928375269086,1.4096347186600855,1.9525713864535816,7.675941273824729
2023-03-29,2.9557675700789425,1.4111042179324833,1.9679501110526885,7.764061532243146
2023-03-30,2.987785922765826,1.4173626617161246,1.962690472835023,7.715898302141862
2023-03-31,3.0399139835322577,1.3963324440247178,1.9621057440503398,7.659197394892306
2023-04-03,2.965791712498141,1.4066807870708666,1.9992080496419475,7.619033310633415
2023-04-04,3.029064377324203,1.3794047160266836,1.9706514516867517,7.47611996030382
2023-04-05,2.9901852029424885,1.3974660176741944,1.984475587375362,7.431072112061565
2023-04-06,2.9547791714475826,1.4123919718582305,1.978030606033934,7.429400038553397
2023-04-07,2.9547791714475826,1.4123919718582305,1.978030606033934,7.429400038553397
2023-04-10,2.9733767654720276,1.4076933745938593,1.9651815637582202,7.387712631762919
2023-04-11,2.942467700752908,1.4224313043656538,1.968621717516022,7.348584187713556
2023-04-12,2.9682858223079873,1.4207381039566678,1.9687682903515686,7.310322990214821
2023-04-13,2.969137283626545,1.414985569784787,1.9579257662434293,7.2794394986621676
2023-04-14,2.976061013850972,1.4181363152725788,1.937309950429803,7.226579179842846
2023-04-17,2.976620385718893,1.4236875042653125,1.9108528749502824,7.223482869378102
2023-04-18,3.0212713827584796,1.3986333158206983,1.8688202443066373,7.123362566581238
2023-04-19,3.050050926839494,1.3883752328075167,1.8737147275130581,7.231287155692678
2023-04-20,3.0900678265885833,1.384770484313027,1.9067839348624949,7.379788730044377
2023-04-21,3.1225907793054524,1.3669894040858912,1.8921115258220553,7.243905159180037
2023-04-24,3.1059195457658535,1.3661166606104806,1.8874975378104122,7.15931408403523
2023-04-25,3.0970061726274944,1.3832266830008162,1.9229832493079302,7.352072342260725
2023-04-26,3.0963539592706395,1.3709279220551531,1.9335781461796488,7.378942419898747
2023-04-27,3.1070441551031887,1.340705280498509,1.9316611103897334,7.2670743717397865
2023-04-28,3.0864955353358354,1.335995507495108,1.928956389852194,7.186937979428456
2023-05-01,3.084443440295241,1.3442226808515467,1.9684549775288902,7.312096160934106
2023-05-02,3.0681749150024094,1.3383066292168249,1.9666755152796802,7.407537507789615
2023-05-03,3.033848063235119,1.3438276590632436,1.9401282365652093,7.469794801224716
2023-05-04,2.996054293447169,1.3416861682181789,1.9251998752942803,7.403489145695866
2023-05-05,2.9878007873733954,1.3432230303528174,1.8928759562576907,7.308772920345474
2023-05-08,2.964986855867251,1.3386383801496071,1.8680648674323004,7.09789187118844
2023-05-09,2.954346625955309,1.34950848801777,1.840775768819528,6.949714308477608
2023-05-10,2.9187488554867813,1.3735217138175027,1.8765382492424971,7.0274816796632615
2023-05-11,2.898627959062669,1.3873285528404498,1.9147526289904104,7.1650147386018865
2023-05-12,2.85533173450964,1.4113360754814697,1.9038795383930904,7.074942150797196
2023-05-15,2.8482505401444755,1.3969330330136935,1.8676460658927474,6.907828617269404
2023-05-16,2.8247701464210144,1.3865321809661282,1.8747871056906802,6.823827099245389
2023-05-17,2.7896166687316426,1.3687382050567145,1.8523255230286082,6.609549247617168
2023-05-18,2.8742351188267383,1.337995114323835,1.8315426893715936,6.57793831455817
2023-05-19,2.918192358365787,1.3360819779748492,1.8469340687065547,6.625629608740772
2023-05-22,2.92730795440394,1.357830384734546,1.9086994904449484,6.854874709753452
2023-05-23,2.928769942758451,1.349928849298376,1.9354654534467097,6.89220868767202
2023-05-24,2.9655309376859087,1.3415394196158845,1.959940711062232,6.939994700935241
2023-05-25,2.9328397292023523,1.3472794631350293,1.974561819566537,7.057378440633061
2023-05-26,2.899274352534987,1.3441787056841301,1.9762596727383783,7.042326451672269
2023-05-30,2.8668619627317833,1.3429225368799949,1.997507673212588,7.0936144966609
2023-05-31,2.8626790253565737,1.359228561280725,2.011961497425832,7.176341617810768
2023-06-01,2.8584082559478703,1.3814605139775296,1.9947753343505166,7.122480611395287
2023-06-02,2.8454021240446807,1.3804954250334982,2.002118330103704,7.08584182019058
2023-06-05,2.9034872159540237,1.3556727831070046,1.9639263713352613,6.928288903659843
2023-06-06,2.8851207622542168,1.3501295495413705,1.9526732413966954,6.852088166352411
2023-06-07,2.8497075622925885,1.3401481912992295,1.9687626534665,6.840052161936837
2023-06-08,2.9228219808214044,1.3392429833749433,1.9351657903954025,6.747929561637273
2023-06-09,2.9208127983442536,1.325966867905396,1.9439132625768545,6.795219848143332
2023-06-12,2.8878885060338297,1.3308820776940755,1.9647430601539602,6.96463870283895
2023-06-13,2.9131339863535946,1.3007580397090248,1.9505422109857558,6.843884344793252
2023-06-14,2.951947892693249,1.288066733082247,1.9384899571534646,6.804539643269101
2023-06-15,3.0542506270958256,1.2809803862491502,1.91309335640324,6.638057407807475
2023-06-16,3.022048669953128,1.3038559801802803,1.9174722458596205,6.620752443458518
2023-06-20,2.9481583148701476,1.3182355921054971,1.9659812165622887,6.846949790117782
2023-06-21,2.8665548257324147,1.3446463869084644,2.011461622258427,6.992311711957348
2023-06-22,2.900099276331126,1.343512798943376,2.0077049858424068,7.044980831532367
2023-06-23,2.9655372635747854,1.2910548443673666,1.9599428389211402,6.907681623359075
2023-06-26,3.0271728783992753,1.2705827097741915,1.9491976634380608,6.852612200609159
2023-06-27,3.0321874506414384,1.2599655468825133,1.9450753929094184,6.868547437800908
2023-06-28,2.9933726675986647,1.2450500831171,1.9606630567719576,6.852696826958045
2023-06-29,2.9774953512541327,1.258854592540235,1.9718864410535335,6.886160631850158
2023-06-30,2.9930661239812704,1.2416992136249168,1.95788719130909,6.799221214470913
2023-07-03,2.9671609642455055,1.2597281806814256,1.9821896033704391,6.957088903021915
2023-07-05,2.945597879011482,1.2643801571068372,1.948575836944621,6.7864660206990015
2023-07-06,2.9062334360420423,1.2731120848264403,1.9365411115899471,6.721645378352607
2023-07-07,2.9065574133867775,1.259599801316579,1.9564183478348196,6.750562500666656
2023-07-10,2.962838731362838,1.2521222053801513,1.9711592695953164,6.818545559380906
2023-07-11,2.938499943391391,1.2559224967783886,1.9632165959490129,6.744102898453702
2023-07-12,2.9097112054034278,1.2485362702457772,1.9628539528805258,6.704885610347201
2023-07-13,2.8685123067307283,1.2721584165384983,1.9788371915889817,6.749761664879915
2023-07-14,2.862075536690084,1.2813539144801513,1.991333892375365,6.8217022350952945
2023-07-17,2.8508272709777893,1.275713225231292,2.008754110869507,6.891700034474276
2023-07-18,2.851492182826041,1.272254093458859,2.002820060805449,6.816609935240272
2023-07-19,2.8206692488850966,1.3073363357864758,2.0202040711176346,6.853766234294148
2023-07-20,2.8593686317700033,1.3188595619006218,2.005773458126255,6.785746047433999
2023-07-21,2.8668615136538773,1.336447780806965,2.0383594833698155,6.8476692155120364
2023-07-24,2.82516389292036,1.3887066004112807,2.0588222973888355,6.840402859595367
2023-07-25,2.801426911008536,1.386935297867955,2.050434473524529,6.845455463242983
2023-07-26,2.819583586232676,1.3861931890389976,2.0859674420838457,6.928260673003687
2023-07-27,2.7964895933685536,1.3894848452089001,2.116191322556672,6.995063422868012
2023-07-28,2.8184542250892957,1.347611075013441,2.088572734083566,6.898834196504213
2023-07-31,2.854729338837437,1.3073483146782952,2.0342134499419053,6.712986873990123
2023-08-01,2.8603212608963586,1.33566776933325,2.075472026029922,6.818063205217744
2023-08-02,2.853367568241745,1.3326529550182253,2.0889615900162717,6.822365209232596
2023-08-03,2.877487395440136,1.3430373042329822,2.082711359038974,6.767019757863368
2023-08-04,2.8829480500166844,1.3422039467265017,2.0981288107267577,6.833535167393355
2023-08-07,2.9255679027768022,1.3406400572203465,2.0713275484467863,6.7368366315211645
2023-08-08,2.9084006228573256,1.3404772850565696,2.0468022408309463,6.673367777687918
2023-08-09,2.9159246834148416,1.3447617985829363,2.044872627899725,6.645324221412355
2023-08-10,2.893543810702862,1.3502751245462377,2.054663268813492,6.687503085997812
2023-08-11,2.870742306031783,1.3634405681352906,2.0653277980731057,6.681851337247872
2023-08-14,2.8641086943011143,1.3445765936872909,2.0868813003362834,6.757449750411769
2023-08-15,2.8662130987674894,1.3486659411758946,2.1275321857109812,6.833448329226427
2023-08-16,2.861697958755994,1.3616361872185287,2.176501141533507,7.017732331481243
2023-08-17,2.8488923378845366,1.3400685224933413,2.157246793473963,6.973088640318508
2023-08-18,2.841617960531385,1.3494615762554512,2.1556835858908934,6.999977286929675
2023-08-21,2.88102810438752,1.3348096024972373,2.1348711645533798,6.882516607584168
2023-08-22,2.842200593261592,1.3259068442281905,2.1154215010424076,6.806368896227083
2023-08-23,2.880188219725573,1.3309600866802547,2.088584344396483,6.767438774795378
2023-08-24,2.8428729457799693,1.3212916538730968,2.088160345888805,6.747118472989085
2023-08-25,2.8107418143604197,1.3364826409395774,2.1165659110534274,6.831756971888756
2023-08-28,2.8062858106975197,1.3306615531545323,2.112204444879837,6.855169837866092
2023-08-29,2.786530935152611,1.318295344865432,2.1080068426977445,6.798567378250427
2023-08-30,2.825956576369709,1.3287177863450692,2.106279828135893,6.75558974758875
2023-08-31,2.800756913754642,1.3264032780075958,2.0927618677374884,6.70632336833955
2023-09-01,2.8582162382663294,1.3548570898582695,2.1016570367110483,6.75917630033602
2023-09-05,2.877921275138262,1.3830441407422498,2.1451103203170407,6.941270511593269
2023-09-06,2.839244890685352,1.3791214109203729,2.162607713615728,6.981050193784425
2023-09-07,2.89370724811547,1.3755705592803396,2.1854487638369355,7.077169793720272
2023-09-08,2.8997474304339144,1.3926971411900437,2.2060634753469857,7.124758589130855
2023-09-11,2.883147700929678,1.3979188634369881,2.1982974205198644,7.099041405405721
2023-09-12,2.9246123397930686,1.3886971521195828,2.164701591480424,6.984379252647491
2023-09-13,2.916402102490339,1.3827309414063191,2.1843187523262233,7.070148294426089
2023-09-14,2.930580621982814,1.402823371934377,2.205794926425298,7.1123398124751285
2023-09-15,2.903651697021355,1.3766082685830419,2.181464058819866,7.048205447768318
2023-09-18,2.980808635113832,1.390112697826605,2.168406805623914,7.023780247146191
2023-09-19,3.0105220135954474,1.3833591594732715,2.155946521063045,7.009228570550253
2023-09-20,2.991057583087073,1.3841650789224373,2.159527660013464,7.042314064351482
2023-09-21,3.0233188905486013,1.4093057391275283,2.2013117446875783,7.1911820459835845
2023-09-22,3.0412959293872146,1.4000220797592287,2.1963891906045796,7.180556764059306
2023-09-25,2.999668945675944,1.399962048502494,2.160438421758974,7.0803157075126055
2023-09-26,2.991970410001008,1.4252697120032427,2.171572656504491,7.100356237692239
2023-09-27,3.074548180872159,1.4587157500427694,2.1773981058610006,7.135762038810737
2023-09-28,3.0298655499787426,1.4276553416231226,2.159005047080202,7.106344280482265
2023-09-29,3.0563530453305763,1.422597806985569,2.1570573215725233,7.089403224775736
2023-10-02,3.1230884992601244,1.4523371475799076,2.182185852972869,7.283650782344142
2023-10-03,3.065760904661008,1.4333266023755507,2.138505199648836,7.160705691323684
2023-10-04,3.039399806029737,1.4207114743417544,2.134196068628194,7.1027871461846654
2023-10-05,2.9707854271186256,1.3864056529608966,2.0949828517559768,6.996840360878726
2023-10-06,2.969866320150332,1.3884416020020403,2.086320360768938,6.979581622225083
2023-10-09,2.969657701607963,1.3907534224182125,2.0932440490504054,6.9693804087340485
2023-10-10,2.986176533381805,1.395322670993923,2.118404063224171,7.022080381415785
2023-10-11,2.9425133930494174,1.3769667849154414,2.1005383009361216,6.977392207608923
2023-10-12,2.9603539610262875,1.3693342318040207,2.1227173281421483,6.991744579907487
2023-10-13,3.020501251553902,1.4012827264771497,2.1564724465688103,7.107206688490282
2023-10-16,3.05803943865844,1.4163192773355395,2.187873313144212,7.193871692697377
2023-10-17,3.053582719054387,1.409636483449729,2.213118317073452,7.212988754693777
2023-10-18,3.067783690031659,1.4104586917797448,2.2321845009410834,7.205686061427954
2023-10-19,3.0247219902644535,1.392400811143148,2.214575620201203,7.158906524741823
2023-10-20,3.011661491364449,1.39137801787302,2.2304000193891462,7.1600929016161805
2023-10-23,2.9845714481519465,1.3995468113510934,2.2012232591085286,7.060284056369919
2023-10-24,2.9428558980731756,1.3723234530526944,2.196525699239637,6.9385387234806055
2023-10-25,2.9957474621329907,1.3966012133636718,2.223759820975651,7.0320867573113865
2023-10-26,2.957712039930271,1.3822907441644003,2.194180075743424,6.933247215425805
2023-10-27,3.0076211794178613,1.3917725006890327,2.2448419364625924,7.031150590671374
2023-10-30,2.9710620490073367,1.3774307886151187,2.212061156192113,7.000522855355152
2023-10-31,2.927232236682146,1.3552968468769737,2.202007071872043,6.941856421690625
2023-11-01,2.9166865341191888,1.3484253210704942,2.191142537765081,6.922667045193709
2023-11-02,2.927676293740028,1.3547592382379552,2.205611370786285,6.880210826377525
2023-11-03,2.9103651663028685,1.34379373980489,2.184574172084572,6.8959138651263165
2023-11-06,2.968512198355287,1.394616285356686,2.2570965568590524,7.088392724908539
2023-11-07,3.031364184506992,1.4095796594208472,2.2707331868473233,7.15996909077115
2023-11-08,3.060230181871814,1.4190684471601245,2.2886651252060015,7.297877651779444
2023-11-09,3.104712778752509,1.4677452788831302,2.3456959890062414,7.40193266473671
2023-11-10,3.1218685779631783,1.477112169576391,2.3598809921173665,7.39283473913162
2023-11-13,3.0670220529893495,1.4746192590165885,2.3592854664930742,7.409116026459563
2023-11-14,3.0437129359950794,1.4574760006525271,2.3360160964013374,7.355685457533069
2023-11-15,3.0619291146069827,1.4533446951207365,2.3379185049493154,7.3463891310743445
2023-11-16,3.0875953307783304,1.4426854975343568,2.3075110305907254,7.3836444749882535
2023-11-17,3.145878224279847,1.4816346210755735,2.374209961462951,7.459197732235362
2023-11-20,3.151472965300749,1.5175319789647652,2.4304944973603884,7.60210539495593
2023-11-21,3.116340481440274,1.5146559885160968,2.4236952158771663,7.5746578737439245
2023-11-22,3.137309935492967,1.4986473441817527,2.395655093578172,7.481892742066482
2023-11-24,3.1338341069675417,1.478914193611132,2.344773434490883,7.368906602982472
2023-11-27,3.1539884386637826,1.5087234240887786,2.385263567493379,7.444944945265022
2023-11-28,3.2002352161343377,1.5270546793316002,2.427788874549174,7.501285617242746
2023-11-29,3.2048268011606305,1.5225070123533857,2.421737415968711,7.410516909306069
2023-11-30,3.2108955154937058,1.4917680820339765,2.368029890692374,7.390670645223671
2023-12-01,3.105569287961083,1.4370122271029153,2.2840758897371636,7.147709572529675
2023-12-04,3.054072728140346,1.4217231675079696,2.285949322679359,7.130046788418682
2023-12-05,3.0663754871409923,1.4045055892285307,2.273873912251046,7.07396235249404
2023-12-06,3.004447281921429,1.3656442523136942,2.2417141793357054,7.019749224507213
2023-12-07,3.0239924758000516,1.3722172050093897,2.215229759731684,7.056639295234683
2023-12-08,3.0720669524288526,1.398245797123225,2.28636062266239,7.181921296240273
2023-12-11,3.1210636820677347,1.4106458776644957,2.344138283409736,7.414634324265031
2023-12-12,3.0489986433964074,1.3615764758714384,2.3151096333116956,7.366143765123472
2023-12-13,3.0505192863688437,1.369506828941264,2.3261584867382115,7.316505882484132
2023-12-14,3.0176005175160645,1.3644432940339737,2.30616366061981,7.124858738753079
2023-12-15,3.0232702452795337,1.372972622850367,2.284638554219925,7.060982139689822
2023-12-18,3.0286432863535517,1.387201277417205,2.2974606214245528,7.106983689655019
2023-12-19,3.0154404028291495,1.393062924274045,2.3074720361239267,7.096297715159524
2023-12-20,2.9646295448618787,1.3684147529286959,2.2903031272204357,7.035677950297804
2023-12-21,2.982429432845983,1.363777238347346,2.2688515434361807,6.944246110832164
2023-12-22,2.9883288661290184,1.3565543889577711,2.252948863635004,6.901956151126032
2023-12-26,2.9534725574877845,1.3359384346761667,2.2580733656798073,6.855066527181857
2023-12-27,2.954014558207342,1.3297304777918566,2.231825683284091,6.802167109032266
2023-12-28,2.98965860396271,1.327364793503426,2.2012508176865575,6.738964241857687
2023-12-29,2.9075358574990826,1.2986899541021273,2.1580492174669543,6.616200235075042
2024-01-02,2.9917638703231053,1.328176291564753,2.2224206565540605,6.9098143494779904
2024-01-03,3.054285935984125,1.341860644777377,2.2401899437840576,6.938175077895251
2024-01-04,3.0810883628560055,1.3567027464191717,2.265233415170687,7.04925654784486
2024-01-05,3.058543220774862,1.3410506440928172,2.247869725732231,7.019743746661023
2024-01-08,3.0542298798452188,1.3566828506280117,2.2684953169607533,7.1274986662586
2024-01-09,3.056023193733371,1.38439638080339,2.308383258872451,7.08172172836773
2024-01-10,3.029108746422275,1.3710056105932216,2.2891187620522815,7.013729086508122
2024-01-11,3.077467905733359,1.3949926275895148,2.326428495181046,7.11888077208571
2024-01-12,3.114349679805552,1.3987272610551456,2.3382193526151784,7.224482451467388
2024-01-16,3.13605608114206,1.3874645912470651,2.343504242883948,7.356211162158957
2024-01-17,3.1211427738645594,1.3777540780271151,2.3195501502493494,7.275416027987802
2024-01-18,3.083776326821523,1.3692491150009523,2.3142331978652777,7.118653901179962
2024-01-19,3.0558121548319597,1.3790324955657964,2.3404464436844594,7.137637619989179
2024-01-22,3.017284568405446,1.3808011554863924,2.3198045474696185,7.033471848518052
2024-01-23,3.0459399578478124,1.3805070882665245,2.3224012864927404,7.104677296530232
2024-01-24,3.110392532568644,1.3838147736154005,2.345359690443339,7.180767258938977
2024-01-25,3.063207413880639,1.35061883268256,2.312738108012363,7.016711326992811
2024-01-26,3.0423040913937007,1.3666128819560797,2.3366431692394127,7.074398322372158
2024-01-29,3.0464343503694433,1.3654656227728128,2.3528929088217234,7.151052791423782
2024-01-30,3.081042290079164,1.3924743355251543,2.3945586152844407,7.168715712375944
2024-01-31,3.0969244318520754,1.410017432699775,2.422151221991548,7.274562050084764
2024-02-01,3.0630227977809983,1.4195789729637158,2.449502164812642,7.421603652089713
2024-02-02,3.0491677231376286,1.4331534157643064,2.476558983406803,7.555190258923806
2024-02-05,3.013914627647306,1.4292211298578312,2.4659916957199775,7.505531722629186
2024-02-06,3.0030709744275583,1.4362680851240712,2.4931292462311405,7.569909026207202
2024-02-07,3.0041002998806556,1.4637242298353685,2.537269230860999,7.6850008319514975
2024-02-08,2.966630062449555,1.4671483889356454,2.550398761270467,7.642916914532443
2024-02-09,2.9485574228679194,1.4869201736144977,2.5887008446454254,7.736975442636964
2024-02-12,2.907960228623825,1.474691970455114,2.565659091537747,7.665424389138415
2024-02-13,2.863046181839874,1.494356315978755,2.597550173262705,7.72914817333536
2024-02-14,2.8154610172860255,1.5108381588338657,2.61983822718778,7.8361628581329485
2024-02-15,2.8219535779378293,1.5156497618647473,2.6329694057677857,7.833364614542267
2024-02-16,2.906220921142966,1.5125955641801436,2.6342437193094144,7.807877888334759
2024-02-20,2.8367833308371915,1.5307975855480611,2.6641611822448255,7.943656366036121
2024-02-21,2.8826529564949053,1.5230175931599752,2.6485743198022345,7.8672793123070175
2024-02-22,2.8603123066949303,1.5159554318385837,2.6340135775017925,7.8004665525205175
2024-02-23,2.77378841985999,1.5491329735725627,2.701708462091646,8.071063221141298
2024-02-26,2.7945028427286673,1.5628375768932552,2.7265680346556356,8.10699035249378
2024-02-27,2.792795868364199,1.5247251756835383,2.6582642111697306,7.858966112528762
2024-02-28,2.8037521513529264,1.4901686542706811,2.590464827317019,7.669483032996009
2024-02-29,2.7988808184829876,1.4923723588018174,2.591563718429338,7.679294042358809
2024-03-01,2.8053308118972224,1.4785412523988648,2.5983362243293895,7.699362259798443
2024-03-04,2.7641432252450535,1.4658417271184414,2.5393075715001685,7.524449183659751
2024-03-05,2.7888224689495984,1.4605551138198891,2.5557037305409542,7.573034107713166
2024-03-06,2.779567298758298,1.4605895677305323,2.568210647412637,7.610094470743406
2024-03-07,2.6943818388939493,1.4796836278483618,2.5615201007158923,7.59026911394316
2024-03-08,2.7241855892787483,1.461010520695802,2.5059378452519665,7.425568365815817
2024-03-11,2.7159569912738366,1.4773578892360457,2.5300653463251153,7.497062720336388
2024-03-12,2.6575919865859636,1.495083827745671,2.557532778584698,7.578453923419656
2024-03-13,2.672918895922912,1.4843553493442014,2.560134664927362,7.586163805352339
2024-03-14,2.703204001826111,1.4786225384682181,2.5662303542362057,7.604226487068628
2024-03-15,2.637645084808314,1.4979544144381034,2.619277885730507,7.76141636809263
2024-03-18,2.673299061037792,1.5021944991739271,2.6224318607225396,7.770762193238208
2024-03-19,2.6970584375292748,1.4951655536102582,2.5911816161262693,7.678161800879019
2024-03-20,2.6479777263893074,1.4940342510427964,2.570309534555981,7.616313870799383
2024-03-21,2.604524157831066,1.517886859383269,2.6049975026901704,7.719100888976908
2024-03-22,2.5978995548351267,1.5491408595860463,2.658689701430902,7.878201041127803
2024-03-25,2.540595451868145,1.5702638310061725,2.6896474570982645,7.969934733404241
2024-03-26,2.5401014490475022,1.5840755969130023,2.7369209074788725,8.110014918694676
2024-03-27,2.523567511290597,1.6030534436013881,2.770277724547166,8.208857484194027
2024-03-28,2.570463016299667,1.5821723464089221,2.7265552030874227,8.076563087880373
2024-04-01,2.5986863232709974,1.5872173029771512,2.7619628139425627,8.218408084192234
2024-04-02,2.607367328186152,1.5647078782676775,2.756473603615219,8.269058106780111
2024-04-03,2.5784774989563823,1.5416555074963,2.682965692015183,8.234844296267601
2024-04-04,2.592051825394778,1.5499374448846686,2.692515455474344,8.314702583291416
2024-04-05,2.620307087746253,1.5407023471851633,2.670166848441807,8.319007336914977
2024-04-08,2.5614151862393735,1.5184665043047343,2.619295407405866,8.244424462526908
2024-04-09,2.576169020982593,1.5264066308187747,2.6459659262567596,8.339124103292997
2024-04-10,2.6248866892918516,1.5493524596064496,2.6717371398892884,8.333656623834868
2024-04-11,2.6520505571354382,1.5635965355841948,2.700503270420602,8.369986792179828
2024-04-12,2.695412589568721,1.583312657216218,2.700919386029018,8.32004786533839
2024-04-15,2.75619919806354,1.6095230677194492,2.769832097881491,8.540686074614667
2024-04-16,2.7261416894259805,1.579852755789207,2.7219672227043707,8.414242861783169
2024-04-17,2.7636037248960714,1.5722776180032187,2.7224950089356623,8.485320337372913
2024-04-18,2.7709030930269987,1.592480661148681,2.752223304741151,8.547285442800774
2024-04-19,2.7837382712400185,1.609875497512063,2.7600606464032245,8.591243404377735
2024-04-22,2.7427066181769897,1.6041902902114915,2.7233931220284635,8.314728350240568
2024-04-23,2.702642669566866,1.5878571306052036,2.6761993235653803,8.105046601740066
2024-04-24,2.7502794722996278,1.6385131015806371,2.736794523799284,8.279900481887298
2024-04-25,2.782068245702094,1.6464816945100191,2.7443155896139233,8.278295616677193
2024-04-26,2.803431790631001,1.664319035858695,2.763794621889696,8.26531070001968
2024-04-29,2.6639227624662194,1.6291068411065905,2.6863948780735276,8.0776562129874
2024-04-30,2.7000397697689276,1.6185490395321966,2.704233744925851,8.072963932374249
2024-05-01,2.7288314572012284,1.572270448450863,2.6357362673824407,7.992261748968376
2024-05-02,2.7095458978726423,1.5033591206247654,2.518842751685143,7.627520640764657
2024-05-03,2.667188487959998,1.478565400188891,2.4759929680838577,7.525103809074628
2024-05-06,2.6319567920422466,1.4253146261811516,2.3782581527750293,7.283214429142916
2024-05-07,2.6040858769670456,1.458255216397072,2.414095326417365,7.429130795347444
2024-05-08,2.63821621735713,1.4852171365633464,2.4728474478717644,7.626489332538523
2024-05-09,2.628717978464356,1.4891176291758563,2.4801827700015644,7.710706302167772
2024-05-10,2.60617890260646,1.466331761332341,2.4540544873056436,7.685111333370156
2024-05-13,2.686619007192518,1.398723364599454,2.369302520086787,7.403742002613627
2024-05-14,2.6442950774708125,1.413152430149341,2.383569827360543,7.521448619454205
2024-05-15,2.609932227088541,1.4064593982016529,2.3815437861926676,7.5677051696517985
2024-05-16,2.6480947865587168,1.3857966057992066,2.360176667442763,7.471290873153798
2024-05-17,2.6197569535425,1.364385647561544,2.3322952768683427,7.463331364309174
2024-05-20,2.602978726583613,1.3212535162191759,2.234980228107331,7.277862060158802
2024-05-21,2.5726329713061387,1.352184755794812,2.2920881153770667,7.4669978384713644
2024-05-22,2.5218020488957262,1.3512398446009035,2.304070970556546,7.503128381583889
2024-05-23,2.526211320775119,1.3977775493033988,2.382160997805203,7.675006945631225
2024-05-24,2.527080136317178,1.4168246530272781,2.4080991110789127,7.746535231598125
2024-05-28,2.5433373428509856,1.4517523804176136,2.453511440566729,7.99858751468514
2024-05-29,2.5622784532272096,1.478093861580576,2.514621981011892,8.261802436687333
2024-05-30,2.5320007087909824,1.4777745740648625,2.521387409674002,8.276141714329302
2024-05-31,2.501286973406049,1.4603122699561575,2.4865106159600296,8.04706118738271
2024-06-03,2.5607926525975797,1.4744662935375936,2.4888710461713095,8.28159568018732
2024-06-04,2.5837425120093807,1.5118801144233849,2.5484907906935117,8.347218051061828
2024-06-05,2.525428945197936,1.509634135016764,2.5325434613863216,8.297182210091995
2024-06-06,2.570212500426363,1.502539869798882,2.516670631359661,8.276402286630114
2024-06-07,2.5088455698916157,1.5122296642058253,2.54250277881872,8.26820059392323
2024-06-10,2.489266277417148,1.5226918382460488,2.57659673548063,8.462882325336507
2024-06-11,2.439533505819525,1.5043242686018659,2.5381401753425497,8.242501757145998
2024-06-12,2.524534498294932,1.5367067722502157,2.578818693413441,8.526904770539614
2024-06-13,2.5358817208281117,1.5699027305710604,2.6124736407854363,8.516760977135215
2024-06-14,2.5270881226793867,1.5736951484129478,2.6258970002965674,8.634791384806546
2024-06-17,2.5120053866133905,1.5922455667622142,2.6771225523508884,8.780737136103868
2024-06-18,2.5018195208342138,1.5697692101858416,2.6421529168111695,8.594969034707287
2024-06-20,2.5313896209404536,1.5939141093504914,2.684188827068952,8.842083312903439
2024-06-21,2.490342036254871,1.5967097879548775,2.6851075953999453,8.825138976281899
2024-06-24,2.425188992510121,1.6001848924003126,2.6647917939206565,8.617677653364916
2024-06-25,2.425919032433004,1.6269981884461338,2.7198041173296508,8.675652175843075
2024-06-26,2.375403873456016,1.6189598387303965,2.705436324334355,8.601136761722255
2024-06-27,2.392229397360838,1.6261345852304803,2.6850698606952346,8.559403212956754
2024-06-28,2.426105261923974,1.6378660022239269,2.7013500196222195,8.761745864056754
2024-07-01,2.4579423082187546,1.6322734170594764,2.688187171291533,8.635679373024887
2024-07-02,2.4716232908844304,1.6637624362175807,2.718964335817303,8.745227206259194
2024-07-03,2.4894238091561354,1.6560493525691022,2.7009308781068326,8.77429702373244
2024-07-05,2.462684785699803,1.6437741303067397,2.6888305156236303,8.862859375849219
2024-07-08,2.5204982792351633,1.6673324628481123,2.741068295873345,8.987044521977891
2024-07-09,2.5534031442684753,1.711804465267141,2.8514430531571353,9.376387781204983
2024-07-10,2.543874412407546,1.7256020800501395,2.8803456899522586,9.496536775627973
2024-07-11,2.5664725215687643,1.6994955971372014,2.8519521811619466,9.453429128042254
2024-07-12,2.5517704044178555,1.6940875533899509,2.8643429509110683,9.446639933483603
2024-07-15,2.6057944876376395,1.7210001994503654,2.9053282420367244,9.589662092121843
2024-07-16,2.553647819351954,1.6896715627634955,2.848072220760712,9.473271262615903
2024-07-17,2.6020350336865365,1.6976572126773317,2.868236978486838,9.402910998127744
2024-07-18,2.620789146021801,1.6897443959709924,2.874520271134152,9.389819832735734
2024-07-19,2.5707031605374984,1.6618541603947723,2.842330108398666,9.272116033580751
2024-07-22,2.5864147519724647,1.6757391948956313,2.8666556902267977,9.329816546184308
2024-07-23,2.561709556425447,1.6753065978555286,2.8734396098400463,9.423870750854912
2024-07-24,2.5744236765673176,1.6786554402001768,2.8979403791897997,9.453512348157442
2024-07-25,2.610158161608005,1.7296957875303758,2.941254912610017,9.43129354619952
2024-07-26,2.624759357217182,1.7667156385145737,3.050637739808357,9.802390863586762
2024-07-29,2.590461399001106,1.7357529327825922,2.986072583700526,9.636944970654074
2024-07-30,2.5827006288114434,1.712871504414833,2.9669008367232435,9.68951174297487
2024-07-31,2.637388934402172,1.732530017793882,3.0110366386681764,9.742156629696368
2024-08-01,2.6409283968097643,1.723592536510103,3.013383487065951,9.69930915598858
2024-08-02,2.679856608938994,1.724240801230464,2.997268800819366,9.637740002945579
2024-08-05,2.711255979089239,1.761295084538397,3.0547878724473874,9.689622175525317
2024-08-06,2.7617297844699746,1.783200321681844,3.0860877857336306,9.791289594064411
2024-08-07,2.8273295806815497,1.7971934337387703,3.1232288260510397,9.877087490426899
2024-08-08,2.7582742267046414,1.7711363157153828,3.0854933719704936,9.839967639558852
2024-08-09,2.7884677842843204,1.7615241008463811,3.0978377041912344,9.877784492012568
2024-08-12,2.746173065897269,1.751800602434951,3.104626195110173,9.950938875786006
2024-08-13,2.7465509495600644,1.7534880121598917,3.1259181279356048,9.99280661797793
2024-08-14,2.812391353143035,1.768285753295261,3.1524519780606006,10.024588947903666
2024-08-15,2.767937275443287,1.7741843761179734,3.1719858299225643,10.220101660825613
2024-08-16,2.7924009468820965,1.7657493827491915,3.16692046928284,10.256188206718791
2024-08-19,2.863237218868576,1.7440830408168209,3.104252192623112,10.108118734824611
2024-08-20,2.9055606496100395,1.7702247455619733,3.1182452615266967,10.178458004369206
2024-08-21,2.937983256168726,1.768676294597092,3.1202815431254827,10.187523674787734
2024-08-22,2.925106736581938,1.8110959695351379,3.2368982498967824,10.51412262834504
2024-08-23,2.9039525069851817,1.8224907567035928,3.2323459022511676,10.592603077166123
2024-08-26,2.858376732481804,1.8322384426229483,3.254123930723619,10.686112988250303
2024-08-27,2.8347407125384243,1.8203242250336855,3.2140673393097643,10.551367349085941
2024-08-28,2.855732349948526,1.8303496792210043,3.188001826483715,10.374408769748774
2024-08-29,2.8187716671681176,1.8080726231301165,3.104965591479825,10.146351304785863
2024-08-30,2.8907491909664955,1.8034986505641426,3.151499990987544,10.203898933938255
2024-09-03,2.8437829148876963,1.757823718577734,3.0977414488119615,9.937500236496097
2024-09-04,2.822327503812119,1.7325205503656587,3.070822628165779,9.876743501175161
2024-09-05,2.8113262676434965,1.7241974614312543,3.0320582141721277,9.81670118577098
2024-09-06,2.792227154539742,1.7261542401112981,3.0725163679697305,9.843780593886729
2024-09-09,2.8368810502313284,1.7636851616056146,3.117415877156015,10.044622955301362
2024-09-10,2.769984830180949,1.7229177626824603,3.065092418002144,9.872007722287865
2024-09-11,2.7776963056164865,1.717486055648485,3.0683622221203284,9.918174295964326
2024-09-12,2.727863350411773,1.6817057894896315,2.9902981449125567,9.802420457177522
2024-09-13,2.7400971850996454,1.6766830971383873,3.001139325475595,9.942981843087198
2024-09-16,2.7534695526857593,1.696694730655785,3.0313911694718634,10.050981559752712
2024-09-17,2.826848342415731,1.7238344605387985,3.0595438555490966,10.127775878990352
2024-09-18,2.897565486941235,1.7329015292310168,3.0645703550979357,10.113763579846639
2024-09-19,2.850874563821289,1.703363556562297,2.9933933991967243,9.962531267551771
2024-09-20,2.8284936667105915,1.679480816593809,2.941624509149095,9.798993054391982
2024-09-23,2.8225112794018195,1.6678719583349022,2.91059299025304,9.652812387331544
2024-09-24,2.8573723347701097,1.6802867171470828,2.901981914051757,9.764672474800248
2024-09-25,2.8449979418019953,1.6557168736842982,2.8500837602662377,9.546903423896893
2024-09-26,2.794544833691181,1.635663708597968,2.8468187916686976,9.568677809405004
2024-09-27,2.7629349358913977,1.6320920741865446,2.8569635071949864,9.550812942933815
2024-09-30,2.73985257561319,1.6192774548054003,2.8035511571503426,9.339582274124894
2024-10-01,2.7143133422105126,1.6072966820157721,2.804121428755605,9.341482042767375
2024-10-02,2.7839295123647148,1.582367905085473,2.748425691312491,9.155940601570078
2024-10-03,2.819001329929103,1.615506377682208,2.8019080387218893,9.33410848788435
2024-10-04,2.821309923754129,1.63504224736392,2.847605057264166,9.486340796279826
2024-10-07,2.8886002008572214,1.6439367457519052,2.8405726548367287,9.462913472370186
2024-10-08,2.8586153525571287,1.6558087383587643,2.8449132355672027,9.477373422832066
2024-10-09,2.8986172149892284,1.6666698327096046,2.8664211880328025,9.549023726443654
2024-10-10,2.972878263139421,1.6829042933333753,2.8970239199657972,9.650971833212537
2024-10-11,2.9720498897774412,1.7025671571885448,2.9564015260179546,9.848778830794982
2024-10-14,2.909590299576098,1.7396365275742616,3.03963036386846,10.126042392296997
2024-10-15,2.877214194160325,1.733568723272943,3.0302013559656005,10.094631160564154
2024-10-16,2.9041143918680823,1.7225643497218295,3.0367526843503647,10.116455863244632
2024-10-17,2.9193111962964537,1.719671913883849,3.0035930064786704,10.00598970004433
2024-10-18,2.8882475015934532,1.6945401228957153,3.024064343908096,10.07418668646131
2024-10-21,2.8861054475630255,1.6841379440092468,3.0173038367728493,10.051665138230094
2024-10-22,2.9252148391219412,1.6616689595231608,2.9747712591709106,9.909974658699955
2024-10-23,2.8815264231835545,1.6682760692567975,2.9595022031436677,9.85910824071042
2024-10-24,2.866521238809888,1.6457369085407936,2.896857573506679,9.650417676589793
2024-10-25,2.8365734779970704,1.6743556437673046,2.950780436284093,9.830053069395646
2024-10-28,2.797175502350629,1.6726865739477197,2.986918894353283,9.95044256239148
2024-10-29,2.86338808149424,1.651523608432948,2.9592420474868453,9.858241573749563
2024-10-30,2.877764471023207,1.6812815005038626,2.9788961048409326,9.923715922313063
2024-10-31,2.8830660612515984,1.7362567881792124,3.0092358433018367,10.024787908393412
2024-11-01,2.9400178982627803,1.740327694333075,2.987104644251822,9.95106135846923
2024-11-04,2.907616037842859,1.7296673377526508,2.9828241501013504,9.936801576838253
2024-11-05,2.9127661719546913,1.7232220816301325,2.989505687392412,9.959060049664172
2024-11-06,2.8512848705377434,1.724181020119164,2.91750755745704,9.71920979531817
2024-11-07,2.938839891521814,1.772465591828864,2.974602752157448,9.909413304535976
2024-11-08,2.9584841795506396,1.7702805382704576,2.949028499976307,9.824216773794669
2024-11-11,2.8982393477134525,1.764784270764653,2.926897654907793,9.75049140310324
2024-11-12,2.908718310379276,1.8147776874477546,3.053185087611947,10.17119778647715
2024-11-13,2.8970425920079363,1.825229445387472,3.0907003982515264,10.296174043594513
2024-11-14,2.953794550423795,1.9035778193824862,3.2374818519285906,10.785152979982467
2024-11-15,2.8862481825964657,1.8762737527660185,3.1641007345031906,10.54069552401139
2024-11-18,2.8633554224351623,1.8397917885411483,3.126128752026385,10.41419793770937
2024-11-19,2.8992919706485085,1.8647736388806748,3.1856485720947547,10.612478698540814
2024-11-20,2.8235671604654446,1.8427161684119986,3.1763358811116045,10.581454958022007
2024-11-21,2.845870929421416,1.85398458777145,3.220552129209749,10.728754316520424
2024-11-22,2.906514496987824,1.8741109665468556,3.279652353156619,10.925637259984187
2024-11-25,2.8373323788306966,1.8556255843544733,3.2236215307940923,10.73897953697206
2024-11-26,2.851031553873315,1.8925932175771274,3.2577579162673143,10.852699445330167
2024-11-27,2.857597177610213,1.9320489979696636,3.3620882407321706,11.200259234471343
2024-11-29,2.871467679325822,1.8897335866347145,3.287285153369564,10.95106471308735
2024-12-02,2.825952612026602,1.8546901495425252,3.2241179268886633,10.727589488429436
2024-12-03,2.772978002595205,1.8539754241479443,3.1847982878653815,10.523460946041387
2024-12-04,2.797393188218868,1.8263381161265309,3.2137908519736653,10.661893941200391
2024-12-05,2.829087333717325,1.828970586252664,3.2353380882473055,10.752956305027972
2024-12-06,2.794861098915605,1.853854757125511,3.277560899915416,10.991976224365539
2024-12-09,2.8460054898079927,1.8389047747056786,3.31681651358004,11.042994421566203
2024-12-10,2.8549041395200487,1.8149115435482148,3.3328554766124587,11.113020735043186
2024-12-11,2.8900044729642436,1.8357970135051587,3.387426432918494,11.20436133913718
2024-12-12,2.8951160932844155,1.8525300916915943,3.391972542343538,11.217514582286105
2024-12-13,2.844350858891882,1.8474286788828318,3.4135248407120797,11.3075258791276
2024-12-16,2.8251787009866374,1.8221781844906881,3.4446557980510093,11.471219424214796
2024-12-17,2.872659710898782,1.8067417971853172,3.4356712837446204,11.52333118214588
2024-12-18,2.8620670187778816,1.821251518787523,3.5651973895345432,11.994049596639899
2024-12-19,2.886607743180388,1.8535085292598694,3.5197741788603794,11.892377230858163
2024-12-20,2.9445273230920894,1.8393340360552957,3.516396837341566,11.833451237186148
2024-12-23,2.9735723707121946,1.8409043676884516,3.4854593844892676,11.657223914006318
2024-12-24,3.0039305121080053,1.8612600437906581,3.5490091673599435,11.86429452648734
2024-12-26,2.9953303495844854,1.8244494641075375,3.4093124117659817,11.422915040161747
2024-12-27,2.9304670143393823,1.8988107058254238,3.4384510258703855,11.485748567818248
2024-12-30,3.0613719477044365,1.904797776708413,3.5792243379878297,11.94167238806392
2024-12-31,2.999059660113538,1.8667499158712657,3.518928356246414,11.711130983563717
2025-01-02,2.986425445551386,1.8599579219490334,3.5604649845034255,11.766403916809548
2025-01-03,2.8827053195599586,1.863526224973509,3.585270373341067,11.844938591146667
2025-01-06,2.937937453606342,1.8701091858239645,3.597916141135412,11.921707566069056
2025-01-07,2.8834937826839564,1.8533072081645134,3.5355400522245155,11.73239963187626
2025-01-08,2.826173062153386,1.8623432309138042,3.5321472382743764,11.752788502417042
2025-01-09,2.8834651745229882,1.878484917352836,3.553348140837802,11.788057569969439
2025-01-10,2.918269205591262,1.8954033522918072,3.5459901086708356,11.673371159100162
2025-01-13,3.005800701236082,1.872907798266922,3.469724485520525,11.374671935498817
2025-01-14,2.998504126998517,1.863401027621125,3.4502719935276733,11.30313898049672
2025-01-15,3.043729336955344,1.8728928197222128,3.5415818090778317,11.505061846343176
2025-01-16,2.9959909191370406,1.885434637046786,3.5851032758821217,11.709860862727357
2025-01-17,2.981726887971247,1.8650740074973866,3.500996812072776,11.455370099397966
2025-01-21,3.0128671311130435,1.795416965681526,3.366356605058849,11.065261072743962
2025-01-22,3.068556378541299,1.8432122838847418,3.4722216684354628,11.460135959039857
2025-01-23,3.0462724640325236,1.8586983345786587,3.468656152908174,11.433888191823506
2025-01-24,3.0353274652340043,1.8865807908188923,3.519690048349217,11.632742652161088
2025-01-27,2.9865123466964727,1.903236527088021,3.515045580288786,11.657914258770244
2025-01-28,3.004002760151388,1.8881122177857088,3.513907691123139,11.614614958143745
2025-01-29,3.0457384129162453,1.869372073044343,3.4941044641704258,11.577136397597746
2025-01-30,2.9430916250918,1.8316725784744592,3.4676373874140487,11.478580539815272
2025-01-31,2.897438987537744,1.8460652709416911,3.451955108511742,11.444752027092328
2025-02-03,2.960071760471241,1.786505752549973,3.340058099476315,11.073764143204144
2025-02-04,2.9449859619051817,1.7523626108928896,3.3112255170560645,10.978171429588949
2025-02-05,2.868372418200475,1.7442320047346702,3.3109822804134854,10.97736499295501
2025-02-06,2.8551380537357565,1.7175919081851816,3.241438040505766,10.746795198262745
2025-02-07,2.8278244896984335,1.7412970211121854,3.2662902673736482,10.829191279579858
2025-02-10,2.7918200186098288,1.7340166091151985,3.260472849407212,10.809903976016829
2025-02-11,2.841909942109024,1.7335343249878563,3.244657654269156,10.757469636367155
2025-02-12,2.7883232228558863,1.7231097312760266,3.2517355522350893,10.78093598646349
2025-02-13,2.7982257902975145,1.7263507674995333,3.242354096260644,10.749832326680702
2025-02-14,2.8032372852397827,1.6697286118365657,3.1452136385672262,10.42776891184715
2025-02-18,2.8523606895129143,1.657522901998568,3.1107239982424817,10.313420558924772
2025-02-19,2.869754098247172,1.6489613466474629,3.1064945233427625,10.299397986234663
2025-02-20,2.8496548021055133,1.618996586624996,3.0427280551855143,10.087984050432402
2025-02-21,2.781842326775881,1.5928118925624724,2.988817402994026,9.909246486774917
2025-02-24,2.7256131100994474,1.5954597746892512,3.0050672365514806,9.96312184427537
2025-02-25,2.747666856496756,1.5715002821293953,2.941765721178753,9.753249431799999
2025-02-26,2.7469723123459038,1.6019976416583959,3.0227393762804438,10.021712773365786
2025-02-27,2.727596258694225,1.6205057027707204,3.047885340337007,10.105082722876404
2025-02-28,2.7012543490332295,1.640240169522139,3.0961386105304967,10.26506357271395
2025-03-03,2.6028509170156324,1.608780747478886,3.067713929100061,10.170823230590646
2025-03-04,2.5608499650798384,1.6079381874572187,3.0781327283197957,10.205366140258244
2025-03-05,2.5479715003115606,1.5890587398678515,3.0646122948012104,10.160539946389893
2025-03-06,2.5782249695474855,1.5461464930780953,2.9951150250249885,9.93012587837737
2025-03-07,2.5785467761525314,1.5592516163706291,3.010610307520711,9.981499566672449
2025-03-10,2.534985634063094,1.5305828190767987,2.989776375986433,9.912425904743506
2025-03-11,2.505793034041908,1.539009362979598,3.0080652671841697,9.973061636677693
2025-03-12,2.5517441271660553,1.5759590855832213,3.0647807851564517,10.16109856615002
2025-03-13,2.5235457850129333,1.5368061114370617,3.0065211718904736,9.967942280490533
2025-03-14,2.5192754827586428,1.5261902152184985,2.9708976177970685,9.84983450385189
2025-03-17,2.5065691880849577,1.5433086563624319,2.9770982493672276,9.870392329345288
2025-03-18,2.486615471785004,1.5463500574621278,2.9784172311672474,9.874765335121712
2025-03-19,2.4970917032921824,1.5657825131790442,3.0194974368954615,10.010964315989701
2025-03-20,2.549875893088563,1.6005670378545318,3.0682865809020496,10.17272182360985
2025-03-21,2.5330037835279153,1.5854338248004642,3.054031728153098,10.125460706426665
2025-03-24,2.541542284795231,1.6084017595492597,3.089688994536997,10.243680254161063
2025-03-25,2.541851778906191,1.635701807471276,3.1374862706569293,10.402149282745544
2025-03-26,2.5509502789494047,1.6486081393164236,3.1418856458855062,10.416735149879518
2025-03-27,2.5527955008896597,1.6260735726801085,3.0518429474399675,10.118203934042318
2025-03-28,2.527533694698418,1.6172388589649753,3.019773927932268,10.011881005591537
2025-03-31,2.4860942241255652,1.6165246254131231,3.0032812046359014,9.953863067927104
2025-04-01,2.43775614461216,1.6637568549283674,3.0290076610393606,9.964863623549517
2025-04-02,2.484016668337062,1.6961225207799742,3.0528744492474145,10.01242257614777
2025-04-03,2.563109051930322,1.6393483193617573,3.0536745910454233,9.89423014366822
2025-04-04,2.4984787771528922,1.5807435846815034,3.022537585584093,9.651621869135182
2025-04-07,2.4783685621008997,1.5154202378855273,2.929667864343985,9.326534600672325
2025-04-08,2.4014952774142064,1.528345492860863,2.973071720887265,9.484183592548389
2025-04-09,2.4201947441100735,1.5611224439791536,2.985877488725525,9.556662359418299
2025-04-10,2.364780732060408,1.5399678505072991,2.9802607158107723,9.587068036034966
2025-04-11,2.3798683535394978,1.588887987059302,3.0336981919303474,9.800196669969967
2025-04-14,2.301693751320437,1.6348813841849825,3.1318266317573387,10.167194466265624
2025-04-15,2.2675089576509264,1.6406418958000533,3.118962917968153,10.166876911966092
2025-04-16,2.2633311607521214,1.6721665560643117,3.165840686515812,10.35321386404635
2025-04-17,2.2684914453144818,1.6829906264764674,3.1490549592184656,10.289778310539768
2025-04-21,2.269018354606938,1.6981144992820059,3.195204278318612,10.406888921495222
2025-04-22,2.30370136767119,1.7303276428400098,3.2434741308287776,10.548169538063851
2025-04-23,2.296838010661833,1.7175429907136852,3.2200953946934248,10.534682709212014
2025-04-24,2.3220839947001157,1.7432027674572905,3.2179918114111006,10.529605803187804
2025-04-25,2.329322314127654,1.7583824503203147,3.248430055193536,10.603596604284778
2025-04-28,2.300300500679509,1.7423127414316208,3.211785936097672,10.567031317918195
2025-04-29,2.2914790995853744,1.7239348654153028,3.2194620994215466,10.556307873318119
2025-04-30,2.2794240661728336,1.7012402928379806,3.2045875508973785,10.446927396019223
2025-05-01,2.2367470946823005,1.6928313728243314,3.1395796924679646,10.331378723213634
2025-05-02,2.2259566495942984,1.6604752674832253,3.0887202209460236,10.114258182215275
2025-05-05,2.26631103915592,1.663945049115672,3.117247824096269,10.29907727946919
2025-05-06,2.28593873260701,1.6791356259106212,3.170186269265474,10.36881956508275
2025-05-07,2.283063954489943,1.6539289819376755,3.1439365670085033,10.227213302514771
2025-05-08,2.276024434645174,1.6786362172419844,3.1281992039573026,10.111983041080633
2025-05-09,2.237981985815312,1.6554797676036916,3.0856816665649185,9.915584546659225
2025-05-12,2.2716136440930996,1.6773736589455084,3.097770625542803,9.945763385798246
2025-05-13,2.3451101621107706,1.7340203555427212,3.2053497585447728,9.868116771451158
2025-05-14,2.354099770914416,1.7516641966862148,3.210516084087808,9.908478440356372
2025-05-15,2.384240103061592,1.7607768009559148,3.261200976395459,10.0738876595211
2025-05-16,2.3878999859732755,1.7835203176635555,3.286520931754737,9.882122277719724
2025-05-19,2.4152987618286668,1.8113397352160823,3.3459673000470445,10.100107864364023
2025-05-20,2.340527832128299,1.7467335161835418,3.2510143798510986,10.057161045567234
2025-05-21,2.3604116614018884,1.7504667074824065,3.28042203651631,10.239031967773048
2025-05-22,2.3809036024367085,1.7480884793700646,3.2699819301400552,10.450292863446716
2025-05-23,2.325710686548943,1.6960538407588457,3.201136473243384,10.47816013253362
2025-05-27,2.348416339952359,1.7019411958176245,3.2159871830396987,10.521782334632336
2025-05-28,2.346320875018513,1.7138009757355417,3.2248919063508037,10.63301091034569
2025-05-29,2.333069630374398,1.676576351721971,3.1809763762291,10.717701716986728
2025-05-30,2.3791082287777927,1.7177742454219895,3.2554057883308944,10.56992420141667
2025-06-02,2.440690492978515,1.6669998945338091,3.2040684214134103,10.449675616324793
2025-06-03,2.398725855899465,1.6807562980443709,3.214338379427254,10.507758037846315
2025-06-04,2.4426053029797385,1.6692309239175505,3.220032995793485,10.619758792088795
2025-06-05,2.4608234089343966,1.669330816276147,3.2515430050384087,10.899149794447743
2025-06-06,2.4346649889469787,1.6719384225951954,3.263988531191885,11.072500549193446
2025-06-09,2.3889053423553266,1.6843733823713767,3.306062581818306,11.30482803494344
2025-06-10,2.4078988731873814,1.66780767495345,3.272105719884902,11.221311629966195
2025-06-11,2.3402079499490336,1.684319420131067,3.250108833918494,11.277485154409343
2025-06-12,2.330541908009062,1.6835357783227154,3.264688046037467,11.4127207421941
2025-06-13,2.314954980639854,1.7181609933651112,3.2816775682106023,11.280994048159684
2025-06-16,2.303641846082137,1.7023778616407497,3.2629139152684408,11.230186455689946
2025-06-17,2.318050251128031,1.6664193108321232,3.192223656281196,11.088276788276636
2025-06-18,2.366076390907549,1.594361045582317,3.0319084887860925,10.703754287111979
2025-06-20,2.393820226269098,1.589682450703524,2.979985770311605,10.323153776394113
2025-06-23,2.386782630274084,1.6068286691656055,3.071483606818821,10.74947586929139
2025-06-24,2.3656575684501844,1.5640507014867273,3.043179684218698,10.809350017099076
2025-06-25,2.314523603654259,1.5662516620515416,3.0649731610304425,10.906170751412144
2025-06-26,2.276966897110261,1.561119427641773,3.0702479475307047,11.150041988648251
2025-06-27,2.338143500568332,1.5532410684965112,3.0363506801152607,10.785861651926927
2025-06-30,2.316008084978429,1.5770780173100063,3.0725132591287467,11.019881948521242
2025-07-01,2.289130082460528,1.5542500018610206,3.066325851934071,10.948135594857309
2025-07-02,2.283636660345179,1.5461334397684123,3.126941227018136,10.807974838596241
2025-07-03,2.2849036355253154,1.549753061858471,3.046873934745372,10.802568147787001
2025-07-07,2.234988120286251,1.5507501569140125,3.0232765494878517,11.00827873382531
2025-07-08,2.2105728553978214,1.5545449361611756,3.0324139330209454,11.370920439348644
2025-07-09,2.1982002158697216,1.5834703428842238,3.048410290989063,11.364651699058912
2025-07-10,2.2159169645454604,1.5081855461332572,2.986524920312715,11.414098128762252
2025-07-11,2.1195545648107608,1.4886844332635591,3.0111605452580092,11.934734098635689
2025-07-14,2.1283953677007905,1.4647395241262815,2.9415740384473295,12.076038157785627
2025-07-15,2.165341821252208,1.449436447886618,2.8683824822706017,11.784788297066916
2025-07-16,2.1994302576733014,1.4459152826723953,2.892577034498314,11.84011410466089
2025-07-17,2.1875420260767933,1.438864174821239,2.890542631486941,11.848990490555986
2025-07-18,2.165445439021441,1.4328584372483448,2.8741477969307634,11.87582002179698
2025-07-21,2.071030107306833,1.43224634096554,2.969373689962157,12.401426331163554
2025-07-22,2.0883822156308627,1.4255250776140616,2.973592307315895,12.484728573663071
2025-07-23,2.0497861385598797,1.4676180554112999,3.0301785652564486,12.798369139148383
2025-07-24,2.074452027933182,1.4582503328971543,2.9776544507835285,12.616472408028397
2025-07-25,2.0924586587849396,1.4784570482896826,3.0001833882778177,12.466212100231674
2025-07-28,2.0662432686749104,1.5165104213834146,3.039746645432714,12.670743610671014
2025-07-29,2.089381924926432,1.552439823501554,3.063980497322038,12.44546689963001
2025-07-30,2.118036969411873,1.5967602249709312,3.0912164168070126,12.220253342760303
2025-07-31,2.181576274659455,1.6359320796234769,3.0876652728646796,11.78246869176263
2025-08-01,2.249174418301235,1.5672733936400443,3.113376136076547,11.427670251399405
2025-08-04,2.2313294137149757,1.5647914051657594,3.143111448588847,11.520290833105026
2025-08-05,2.242635622688575,1.578357904960286,3.187843820749757,11.691129839378608
2025-08-06,2.2852364952477737,1.5608485637439327,3.1792650398713227,11.623794874044986
2025-08-07,2.3222807086954997,1.548365510686775,3.221603505397427,11.627832256281255
2025-08-08,2.2353720965365413,1.5767954128425554,3.194267857242597,11.75935142857052
2025-08-11,2.200794118189884,1.6328710561021735,3.2007044312829263,12.036684925130983
2025-08-12,2.1600843937099614,1.6663024791428307,3.23095592572664,12.236426110900908
2025-08-13,2.146767005244493,1.648334486039652,3.255908233970668,12.167870784410312
2025-08-14,2.1177080352009123,1.647975960060738,3.2547799745226884,12.24007566555562
2025-08-15,2.136478609834517,1.6443536871958884,3.24527166523768,12.181710630896992
2025-08-18,2.1268901413797434,1.6376842161541751,3.2794012065820892,12.162403154271178
2025-08-19,2.0866661566971842,1.6764087370047773,3.2952732272725007,12.25668279427891
2025-08-20,2.053439234803064,1.6722589926616787,3.3148298665299785,12.332460168316883
2025-08-21,2.0381754965813084,1.6591506694669607,3.366236360731986,12.401558420070982
2025-08-22,1.9951125953743516,1.693509562913865,3.441883973471388,12.763173921803633
2025-08-25,1.983183559921978,1.7405112756454402,3.420643915776226,13.003158984277576
2025-08-26,1.9638095040807415,1.7260805300304565,3.344834466904604,12.920787706289099
2025-08-27,1.972338965408088,1.7385418408561673,3.416171591108352,13.00645227957478
2025-08-28,2.0051220853249716,1.694122083986045,3.4401279070621746,12.792345816145103
2025-08-29,2.0262696951039114,1.6552304356353895,3.4633169067985197,12.691822301610046
2025-09-02,2.007113623269416,1.6441213560716643,3.5278307858643148,13.071202301220728
2025-09-03,2.0382587264305743,1.6046270054556073,3.5118433669407563,12.973210657455878
2025-09-04,2.0598733338141875,1.614324184771643,3.4639846927716698,12.983853459354641
2025-09-05,2.0729545427484837,1.6015337948606707,3.4640033127349104,12.856337293828332
2025-09-08,2.0957838418647765,1.5772064522383626,3.4158224735120917,12.852372981548667
2025-09-09,2.0386637549674886,1.5773678544952534,3.3679113667882117,12.57189344201743
2025-09-10,2.0220322231938113,1.5905371347572117,3.4226399424911644,12.726545216597655
2025-09-11,2.0394243507857874,1.600110126815745,3.4731348372011146,12.873403046043771
2025-09-12,2.043028453255682,1.5867151899469014,3.481312168246738,12.977587863736547
2025-09-15,2.0380407698659417,1.5990589516809461,3.5011313068597105,12.894758882501524
2025-09-16,2.0352184911860975,1.5641793874616041,3.417095907424537,12.769465132638887
2025-09-17,2.0246349216902564,1.5616161996575035,3.3905438681252935,12.660540490908804
2025-09-18,2.0502931339173265,1.5881315809302767,3.4848292542200556,13.116842087214632
2025-09-19,2.028240828535574,1.562669474619329,3.4668763785795678,13.042013860302715
2025-09-22,2.035410247781252,1.5633701630292463,3.535637145395558,13.505236790231992
2025-09-23,2.01266084443764,1.524719935449082,3.505579618925964,13.364807604950474
2025-09-24,2.0042289125477244,1.564313380699556,3.564456609549222,13.546456208628378
2025-09-25,2.028173905299211,1.5384107187063343,3.566829919678759,13.650039597501527
2025-09-26,2.0213168191775623,1.5368255872355632,3.6522393151472046,13.990299770744212
2025-09-29,2.0438052542961533,1.5115519489451659,3.623480797562117,13.807228805523991
2025-09-30,2.0516739656420473,1.4976529875731395,3.5462087714337565,13.70929799271837
2025-10-01,2.101191610067518,1.4798167143090624,3.5796593076280807,13.904416748582767
2025-10-02,2.1283891483201987,1.4682352586540066,3.4752718197645702,13.675292505117866
2025-10-03,2.155016853215484,1.4630380191049408,3.5668821551268333,14.314385932387202
2025-10-06,2.155774358211909,1.4808994024667823,3.615787773662137,14.412118992813161
2025-10-07,2.209131371028048,1.477249729381654,3.6055437579896097,14.471116199334363
2025-10-08,2.2091812005515736,1.4769338691115457,3.7444763193336885,15.22243026589665
2025-10-09,2.226959309260387,1.4891595085840712,3.690547700275925,15.060827270918441
2025-10-10,2.240122617015272,1.478615512536048,3.692697920044644,15.172824613045341
2025-10-13,2.2250064376878513,1.451009454030926,3.870396119653587,15.930349001124346
2025-10-14,2.2348095273844404,1.4734473850064813,3.9066038963108616,15.983565782903609
2025-10-15,2.256894078559141,1.4660887827652194,3.9624442031259894,16.32491422457335
2025-10-16,2.2454554181953648,1.4502085975160082,4.065418098491766,16.518611469718092
2025-10-17,2.2637724684640768,1.4944032821779598,3.951424725801189,16.18167405069573
2025-10-20,2.3372916580728305,1.4379134455492075,3.8687679509178357,15.836730826998565
2025-10-21,2.347746810114417,1.4706953899209432,3.7607220865750266,15.377118324770025
2025-10-22,2.314616683702399,1.5291333563319276,3.9282959731027165,15.607381202202358
2025-10-23,2.179402004806458,1.5084641543007786,3.916015663545811,15.516909061183213
2025-10-24,2.155599854169742,1.5049600170420732,3.901636106518868,15.483536026212686
2025-10-27,2.1199944977108838,1.4848924492178384,3.768235388597998,15.109541985450242
2025-10-28,2.1393638051572657,1.4813564196444018,3.797950098969427,15.432397009022537
2025-10-29,2.145194888757311,1.4825515420410813,3.8662276232185184,15.672624043880727
2025-10-30,2.18460345421745,1.487594727220361,3.9492900958049386,15.982434473937259
2025-10-31,2.18008158951301,1.4926099831710586,3.8756702028820875,15.580044133034713
2025-11-03,2.258343840507187,1.503442693997789,3.899104282888413,15.204596175921269
2025-11-04,2.322179983266167,1.4809376133110295,3.7935410228871316,14.74196757393874
2025-11-05,2.2571575869480904,1.4816434985726363,3.790134453353357,14.939291103528124
2025-11-06,2.2472428830073183,1.4974831035193306,3.776359675926918,15.076845802039799
2025-11-07,2.2258188288280043,1.5159688384190093,3.8751228309446377,15.658781679828655
2025-11-10,2.2460628781120833,1.4684667654605854,3.9402480168154423,15.81370948874912
2025-11-11,2.257187510732482,1.472543686307302,3.9440145329251353,16.125505897694822
2025-11-12,2.0934941846433226,1.4269858595900289,3.911794126157047,16.263088426946915
2025-11-13,2.0786976203104244,1.434659763957804,3.8588982782243937,16.215794506550314
2025-11-14,2.0871879109643077,1.5080392772296667,3.856458368482724,16.444761976247626
2025-11-17,2.056682794757128,1.5119970826109541,3.894726502315971,16.647215821340826
2025-11-18,2.0950867745452144,1.5246961756760775,3.9190186470907866,16.752848973240653
2025-11-19,2.0059125018688317,1.494978624239565,3.83267009833106,16.865296183781936
2025-11-20,2.05434013735545,1.523771127099552,3.8292919603205196,16.594680636139405
2025-11-21,1.9939105892429092,1.5246735325236844,3.8134391881412575,16.571766185317514
2025-11-24,1.9594380540421894,1.5681151812478378,3.8970977111176452,16.922430870431942
2025-11-25,1.9154580931985785,1.5474957710596076,3.8748785512736945,16.986617246189503
2025-11-26,1.9346558577985509,1.4994702196346559,3.8511607544544186,16.884614789045088
2025-11-28,1.9580432123764284,1.437851706027221,3.9507902110344393,16.707298389835387
2025-12-01,1.936451513129616,1.4535989827736102,4.085518357771878,17.25530519501608
2025-12-02,1.9514945114691202,1.4291337842429814,3.990042643314039,16.869880181192332
2025-12-03,1.9449410615662024,1.44028212919251,4.042176089249524,17.091728763220956
2025-12-04,1.9885158809945143,1.4510175659439526,4.062971112774392,17.179704137757213
2025-12-05,1.9600335602762207,1.449154989067473,4.16979785131718,17.62811508458069
2025-12-08,1.9514351224329025,1.385983347388097,3.970610600190128,16.80333727362765
2025-12-09,1.8813665444748617,1.321279812498952,3.918290022325195,16.585845288745983
2025-12-10,1.8489423955892719,1.3306707868102234,3.8670823705449764,16.372886539986872
2025-12-11,1.7993444366479323,1.253658274411212,3.8558702468398907,16.335387093707578
2025-12-12,1.8068178871641378,1.2258565160152821,3.7172894765357833,15.751863691373561
2025-12-15,1.8040063385882878,1.1996861381470756,3.7585436111430903,15.935576790788614
2025-12-16,1.7742975230243374,1.1507512364766412,3.6769219420654755,15.613156639866917
2025-12-17,1.7431167451599454,1.1386333023341964,3.7845990691573537,16.06415808524606
2025-12-18,1.7649931454249659,1.1183084708923725,3.7110955173111138,15.748845506572893
2025-12-19,1.783405275997121,1.0853579952184154,3.684383350439533,15.632292937019722
2025-12-22,1.7825468352252185,1.0773897654998912,3.7206813828989644,15.770742861309525
2025-12-23,1.754187953448919,1.0740267736597409,3.8917689573835395,16.49547412659659
2025-12-24,1.7305435389294883,1.071992694274786,3.8564127906520103,16.34376985617807
2025-12-26,1.6584228592874546,1.0393446724951911,4.063923460270815,17.244972097269205
2025-12-29,1.7485006063058446,1.0900807986539294,3.819903889534351,16.199240650267978
2025-12-30,1.690925179662026,1.0583375441806293,4.03833263496469,17.123056703636827
2025-12-31,1.7401868301166838,1.0692979690999063,3.7323390016720257,15.833640192321838
2026-01-02,1.7626772635231536,1.0677021900327224,3.8721225767988736,16.486725549887314
2026-01-05,1.8492089260449627,1.0068498962325674,3.9889857186249515,16.96788690182344
2026-01-06,1.9427330071131592,0.9596920728999546,4.058856102546778,17.279022167434732
2026-01-07,1.916046000404088,0.9959383901953304,3.8827756524019716,16.49353891808558
2026-01-08,1.8932603494828686,0.9855236475343421,3.840263325827048,16.27413069338676
2026-01-09,1.7792912712600726,0.9747247153497618,4.068877654535664,17.24410451476287
2026-01-12,1.8581948054519248,0.9682851345766036,4.348945030535986,18.443527995900148
2026-01-13,1.8458639785589905,0.9748198275456331,4.428114778605117,18.7534739372441
2026-01-14,1.8283964897163683,0.9292089812961786,4.482411055322701,19.019336227496545
2026-01-15,1.857244629369237,0.9264724879495457,4.490339999618783,19.089363703970687
2026-01-16,1.8190193905700447,0.9346976634862832,4.235225231814922,17.934710307843417
2026-01-20,1.9255363156238188,0.9960258158364128,4.969069980161229,21.05386543739381
2026-01-21,2.002990510843226,1.0868769271765044,5.4679159327732885,23.143168587386004
2026-01-22,2.1037394906437896,1.0665459181123795,5.467507645189547,23.10783162881748
2026-01-23,2.1534230607076466,1.0522717159880077,5.885583064196481,24.898550837905024
2026-01-26,2.3585827152137258,1.0274311903087083,6.3539992253014335,26.8600940484841
2026-01-27,2.2047291689437936,1.0734982115089995,5.927743111064678,25.04663758319755
2026-01-28,2.22309551414132,1.0221299020954524,6.143428593025873,25.967429314629545
2026-01-29,2.229694431458276,1.0352634266662106,6.297748864709845,26.59231017099201
2026-01-30,1.8693059555010594,1.2153897619121083,5.603477922843823,23.750227211470317
2026-02-02,1.5729417916395512,1.1575724225135793,5.315864524225382,22.51773724976152
2026-02-03,1.6209346855040105,1.1344701964818809,5.626850233790491,23.746376550157454
2026-02-04,1.7284199946530368,1.148085333187167,5.740099089967492,24.26320440977141
2026-02-05,1.5920708676546835,1.2012990310389542,5.5886306833789146,23.645445552799835
2026-02-06,1.6273875840314842,1.1696128951844516,5.549581887198999,23.493246356684683
2026-02-09,1.6640099541459359,1.103587978548134,5.427206195555117,22.939543366381663
2026-02-10,1.7164655370224544,1.1167099687760125,5.42454652996134,22.9767039679512
2026-02-11,1.8182162791761685,1.079083770890244,5.49311718606467,23.34033388433236
2026-02-12,1.6651501009736909,1.1741254180840182,5.505447799410325,23.422377064569034
2026-02-13,1.7536339443824223,1.1443949362832737,5.517420140681192,23.460858088759903
2026-02-17,1.7818127477616108,1.1291485595743052,5.11904777685571,21.73018984859472
2026-02-18,1.8509082083582935,1.1182946493983654,5.32623880718526,22.545788190982503
2026-02-19,1.8633776953997319,1.1523949537834837,5.4745202397337955,23.206272550493004
2026-02-20,1.7939226796542787,1.1499526153451445,5.428983790950546,22.997014606029506
2026-02-23,1.7884343235115359,1.1620245640253826,5.488549249489082,23.23670733720852
2026-02-24,1.8036953245899878,1.1586818870036013,5.436599676385933,23.014556958495515
2026-02-25,1.8174939405422266,1.1545158557388193,5.410589167137546,22.925044261676923
2026-02-26,1.7960133249965429,1.168267642059748,5.513232494218433,23.346753193544117
2026-02-27,1.8349266508926285,1.1860294232443904,5.611687229463309,23.784742535410697
2026-03-02,1.7748680241114987,1.194796389854822,5.667050314642303,23.983045994166567
2026-03-03,1.8188219531481582,1.1798158379285049,5.565588018149768,23.531495927218003
2026-03-04,1.848187236639575,1.1539956860704519,5.45078821331129,23.094840070032923
2026-03-05,1.8315179281594072,1.1648857317467898,5.5113920609116365,23.350260101127954
2026-03-06,1.7373345620088734,1.1721942290973575,5.4799969929199115,23.135879078168717
2026-03-09,1.6962239050712125,1.180424727055293,5.409145102126717,22.742162343841365
2026-03-10,1.7028750709627383,1.1336542384983723,5.213957587732727,21.98510575656288
2026-03-11,1.754022483163145,1.109344703516242,5.119922534247367,21.611451781880803
2026-03-12,1.7554219609395465,1.1327607708049652,5.199399985495561,21.919813465165863
2026-03-13,1.7692026559643308,1.1204534383155091,5.1505387966894745,21.735764948926693
2026-03-16,1.7195447980912784,1.0981789405447369,5.069888291285878,21.49607961901768
2026-03-17,1.6853397997312964,1.1243164169433106,5.15793612763873,21.83211898885239
2026-03-18,1.6612701119006825,1.1561375731918364,5.262549680398762,22.202559959547028
2026-03-19,1.5797968603151926,1.2004278922204552,5.376756683355217,22.542643448988255
2026-03-20,1.5503232005271206,1.2420170194767686,5.503175125061097,22.998139612733766
2026-03-23,1.5751812431268615,1.2430685765194158,5.544278054911719,23.201366439149236
2026-03-24,1.564346301859739,1.2382546444279532,5.409360580626331,22.577678224511537
2026-03-25,1.6223214925650986,1.2179173838184165,5.355162296311901,22.429603890464104
2026-03-26,1.6041734055078734,1.2076644587664649,5.268491033894897,22.038766184556202
2026-03-27,1.606255408636662,1.2031148680942751,5.28598017835907,22.13361616594089
2026-03-30,1.6364586556077814,1.1766127277756084,5.211608396655432,21.880912780100537
2026-03-31,1.6330882019692345,1.1504987719540618,5.068819865092682,21.282108491158635
2026-04-01,1.6571897622485297,1.1197284852090814,4.952085583288276,20.853291735668552
2026-04-02,1.6860020479375304,1.1206557677340903,5.01063758106076,21.156519890692348
2026-04-06,1.6813960519046147,1.1187042017880313,5.000893104827281,21.139662028661473
2026-04-07,1.7542137911709057,1.1212359613393161,5.100584999953471,21.62565962351035
2026-04-08,1.732720323847885,1.0923025123936767,5.010743721446081,21.323062871282854
2026-04-09,1.7074996801145037,1.0947781631666793,5.10382100904718,21.820507670235273
2026-04-10,1.697958220576279,1.0836236319908514,5.067783745313759,21.700975199917586
2026-04-13,1.6781296062764453,1.0753395542348922,5.045916706040025,21.65442263126663
2026-04-14,1.6118369061472588,1.0572553244111424,4.925650746281949,21.09149266947134
2026-04-15,1.6077882471394167,1.064847067017694,5.045723697445102,21.698811648868272
2026-04-16,1.6036453754097781,1.080387276582434,5.119622501041431,21.998690072450977
2026-04-17,1.6773205305450705,1.0584084379737129,5.071495265045762,21.90821339861705
2026-04-20,1.608894931324663,1.069436355407584,5.114042574999936,22.061615295678482
2026-04-21,1.610649244108953,1.0767695144483223,5.17286955065157,22.3397622426164
2026-04-22,1.5582364913641935,1.100422344083202,5.2500541120066515,22.59613324922033
2026-04-23,1.5005657158914778,1.1256806012405576,5.364989171680726,23.09574554260479
2026-04-24,1.4686434400332251,1.146163056583398,5.430867318081527,23.30963498781657
2026-04-27,1.484598379137158,1.1574067768501235,5.535039881140843,23.79591247968268
2026-04-28,1.4911358374402182,1.1377684524876346,5.351998023900564,22.95019655783803
2026-04-29,1.4895256176981586,1.1400267260506294,5.240889680453929,22.345755136318292
2026-04-30,1.4901573218993285,1.0796188532115125,4.972218013016653,21.30516966314723
2026-05-01,1.4580977633938885,1.0793487574417453,4.910099064134808,21.015873850118272
2026-05-04,1.417992987269684,1.061180991503517,4.764165949560758,20.301115164036855
2026-05-05,1.353870749874132,1.053651234541434,4.730364946977488,20.181275772942612
2026-05-06,1.371298047038584,1.0345125961100337,4.74947820037162,20.345984554575317
2026-05-07,1.3481752666134679,1.0077851467011694,4.698900332792037,20.157592966624442
2026-05-08,1.387073527159183,1.006735133559437,4.647358908360406,19.943773416983174
2026-05-11,1.29210100143708,0.9671922963642781,4.414955383856044,18.966237548917345
2026-05-12,1.3340800889141955,0.9670776629755574,4.385286873865391,18.795712848646225
2026-05-13,1.3354476109413578,0.9891499643553952,4.429406906632592,18.93193047498939
2026-05-14,1.3668615440207357,1.013996922599431,4.626509683638035,19.786227004823655
2026-05-15,1.383248350344161,1.0509817706302533,4.874672276340889,20.81557283192546
2026-05-18,1.385093220615889,1.0574529360081193,4.931344055419116,21.13718977772607
2026-05-19,1.3416354529480756,1.077217792641062,4.980032985148932,21.263481325055505
2026-05-20,1.3671892591553418,1.0680070415066136,4.982300972006064,21.310340731692648
2026-05-21,1.4158011231477172,1.0894275285040398,5.018141177190373,21.35206210685917
2026-05-22,1.4374430048104923,1.0750419342391557,4.97723420423545,21.20343995224945
2026-05-26,1.4087730542386065,1.0294755173991887,4.778982146215788,20.38849965071167
2026-05-27,1.4128990072956622,1.0371237980830517,4.91312373988484,21.009000246655685
2026-05-28,1.417474888374066,1.0358760985740345,4.935655247344076,21.160971720259454
2026-05-29,1.4257363238586636,1.0602563865170695,5.063151870405249,21.66702428412048
2026-06-01,1.3942299229027493,1.0790509397435635,5.1104510995902555,21.800918733242916
2026-06-02,1.4021205552440967,1.035845305071687,4.892926525874314,20.896533499378144
2026-06-03,1.4481834716346476,1.0151776283818257,4.808895822755226,20.55777688608397
2026-06-04,1.4827752440680924,1.0249420977978447,4.859167679996532,20.725830160282086
2026-06-05,1.494991399653416,1.057317777802252,5.058973440198384,21.576946338759143
2026-06-08,1.4939532692630464,1.0492276652662067,5.021933180897851,21.414258663529438
2026-06-09,1.5430872846319277,1.0403294267728984,4.964076954735218,21.12384750527765
2026-06-10,1.5408852890046991,1.0549613016819206,5.065830593327483,21.584897468952896
2026-06-11,1.5275108839861236,1.058639729945333,5.1018249241787474,21.80030801684762
2026-06-12,1.5040096862365282,1.0560898185277976,5.108264276485729,21.858071747717716
2026-06-15,1.4500990425418965,1.0653905930456395,5.170130619356631,22.139286731519952
2026-06-16,1.3540629308791694,1.0690495208235928,5.1558715184131545,22.087715290687896
2026-06-17,1.3441841166817117,1.05927123977749,5.098321330862806,21.881155761898682
2026-06-18,1.3911387013389995,1.0359679307634906,5.013867180017931,21.553306224155147
2026-06-22,1.3470810763309808,1.0106013725498235,4.945717505796802,21.29126086490912
2026-06-23,1.3164800776346965,1.0387823730867443,5.068169954828291,21.774043442308958
2026-06-24,1.2581884596847943,1.0420857231449632,5.107333041252306,21.896419425141694
2026-06-25,1.2128054897157352,1.0270370865288732,5.039643715114218,21.622717081562865
2026-06-26,1.2477545783514428,1.0377621535424915,4.993318402065436,21.297409236939306
2026-06-29,1.2441126741138757,1.0544501640986277,5.015237511843086,21.346479022521084
2026-06-30,1.2947171616076525,1.013263002384708,4.691843346684765,19.967741079226066
